mol_id,smiles,homo,split
gdb_102173,COC(CC#N)C(C)C,-0.2601,train
gdb_131891,Cc1occc1[N+](=O)[O-],-0.2512,train
gdb_50550,C#CCC1CCN1C=O,-0.2417,train
gdb_114687,CC12CC1CC(CO)O2,-0.2342,train
gdb_86114,CC1=CCC(=O)C(O)C1,-0.247,train
gdb_117444,N#CCNC(=O)CCO,-0.2693,train
gdb_81440,OC1C2OC1C1(O)CC21,-0.2481,train
gdb_8154,CC1CC2(O)CC2O1,-0.2344,train
gdb_13674,C#CCOC1CC1O,-0.2382,train
gdb_128513,COc1[nH]nc(N)c1N,-0.1847,train
gdb_20400,c1[nH]nc2c1CCN2,-0.1899,train
gdb_58351,CC(C)N(C=O)C(C)C,-0.2361,train
gdb_85127,CN1CC(=O)C1(C)C=O,-0.2232,train
gdb_73169,C#CC1CC2OCC12C,-0.2425,train
gdb_119235,COCC1(C=O)CC1C,-0.2447,train
gdb_14082,CN1CC12CNC2=O,-0.2331,train
gdb_80407,CC12CC(C1)C(O)C2=O,-0.2334,train
gdb_47644,N=C1CCC=CCCO1,-0.2434,train
gdb_111948,CN1C(=O)C=CC1CO,-0.2451,train
gdb_57691,CC(C)(C#N)OCC#N,-0.3025,train
gdb_17659,CC1(C2CO2)COC1,-0.2449,train
gdb_120301,CCCC1C2COC12C,-0.2267,train
gdb_131656,C#Cc1cc(CO)on1,-0.2596,train
gdb_112968,COC1CC(C(C)O)C1,-0.2364,train
gdb_2255,N=C1OC2CC12N,-0.2443,train
gdb_5855,COC(C)C(C)(C)C,-0.2478,train
gdb_43186,O=C1C2COC23CNC13,-0.2278,train
gdb_102938,CCC(C#N)OCC=O,-0.2688,train
gdb_45633,C#CCC1=CNC(=O)C1,-0.2155,train
gdb_64552,CC1(C=O)C2CC1C2=O,-0.2552,train
gdb_33324,N#CC#CC1C2COC12,-0.2561,train
gdb_105765,N#CC1(CN)CCCO1,-0.2453,train
gdb_104773,O=CC1CC1(CO)CO,-0.2509,train
gdb_107166,CC1C2C1C1(CO)CN21,-0.2238,train
gdb_116606,CCN=C1OCC1(C)O,-0.2513,train
gdb_112977,COC1CC(N2CC2)C1,-0.2293,train
gdb_7201,COCC(C)CCO,-0.2515,train
gdb_8920,CCN(C)C(C)C#N,-0.2327,train
gdb_96705,CN=C(C#N)NC(C)C,-0.2363,train
gdb_40082,C1=C2C(CC23CC3)OC1,-0.2232,train
gdb_60226,CC(O)CC1CN=CO1,-0.244,train
gdb_100925,COC(C)C(C=O)OC,-0.2397,train
gdb_121371,COCC1OCCC1O,-0.2412,train
gdb_109152,CCC1=NCC(C)(C)O1,-0.2369,train
gdb_2069,N=C1COCCO1,-0.2564,train
gdb_82007,CC1N2CC2C1(O)C#N,-0.2541,train
gdb_76579,OC1C(O)C12CCCC2,-0.2258,train
gdb_87511,CC1OC12C1C=CC2C1,-0.2277,train
gdb_114359,CCC1CC2C(O)CC12,-0.2475,train
gdb_36327,C#CCC1CC(C#C)C1,-0.2559,train
gdb_65000,N=COC(=O)C1(O)CC1,-0.2601,train
gdb_44058,O=C1OC23CCC12CC3,-0.2595,train
gdb_83107,N=C1C(O)C2CN=CN12,-0.243,train
gdb_128024,CN=CNc1conn1,-0.226,train
gdb_107203,CCC12CC3NC3C1O2,-0.2368,train
gdb_121358,CCOC1CCCC1C,-0.2437,train
gdb_39435,C1OCC2CC23OCC13,-0.2266,train
gdb_88116,CC1CC12CCCC2=O,-0.2334,train
gdb_97263,C#CC(C)(C#N)N=CN,-0.2502,train
gdb_113010,COC1CN(C=O)C1C,-0.2399,train
gdb_128210,CNc1cc(OC)no1,-0.2045,train
gdb_131175,Oc1nn[nH]c1C1CN1,-0.2214,train
gdb_118475,CCOC(CO)C(C)O,-0.2483,train
gdb_108558,COC12CCC3OC1C32,-0.2151,train
gdb_66747,CC12C3C(=O)C1C1C3C12,-0.2218,train
gdb_100372,C#CC(C)(CC)NC=O,-0.2526,train
gdb_75116,CC1=CCC(=O)COC1,-0.2237,train
gdb_58189,CC(O)C(O)C(C)(C)C,-0.2478,train
gdb_108595,OCC12CCCC1C2O,-0.2472,train
gdb_103983,CC1(CO)OC2CC21C,-0.2352,train
gdb_123980,C1=NCc2[nH]nnc2O1,-0.2387,train
gdb_131328,Oc1nn2nnnc2[nH]1,-0.2684,train
gdb_507,CC#CCC#N,-0.2693,train
gdb_23504,ON=C1CC2C3OC2C13,-0.2394,train
gdb_126644,CCCN=c1onno1,-0.2723,train
gdb_92499,CC1CC2CCC2(O)C1,-0.246,train
gdb_14143,OC1CC12C=CCC2,-0.2174,train
gdb_132070,N=c1ocnc(F)c1N,-0.2053,train
gdb_58138,C#CC(O)(C=O)C(C)O,-0.2523,train
gdb_90289,O=C1C=C2CC(O)C2C1,-0.2301,train
gdb_1302,CC1(C)CNC1=O,-0.2417,train
gdb_114395,CCC1CC2C(=O)CC12,-0.2357,train
gdb_79833,CC1C2CCC3C1C23C,-0.2375,train
gdb_125063,Cc1onnc1C(N)=O,-0.2668,train
gdb_11645,N#CC12CC(N1)C2N,-0.2481,train
gdb_86497,C#CCN=C1CC(C)O1,-0.2459,train
gdb_61075,CN(C=O)C1CCOC1,-0.2351,train
gdb_113822,CCC1NC1C1OC1C,-0.2475,train
gdb_41078,C1OC2C3C4C5C4C12N35,-0.2288,train
gdb_52266,O=COCC1CC=CC1,-0.2499,train
gdb_5774,c1coc(C2CO2)c1,-0.2222,train
gdb_22104,CC(CN(C)C=O)=NO,-0.2434,train
gdb_73012,CC12OCC1C21CCO1,-0.2114,train
gdb_34788,C#CC1C2CC1(C#C)O2,-0.247,train
gdb_121326,COCC1CCNC1=O,-0.2383,train
gdb_55177,NC(=O)C1CC2CCC21,-0.2365,train
gdb_31914,N#Cc1ccc(CO)[nH]1,-0.2239,train
gdb_22495,C[NH2+]CCC(C#N)=N[O-],-0.1196,train
gdb_104617,CC1CC(C#N)(CN)N1,-0.2383,train
gdb_5883,CCC#CC(C)(C)C,-0.2393,train
gdb_126638,CCCn1nn[nH]c1=O,-0.2473,train
gdb_65843,C#CC1(C)COC(=O)N1,-0.269,train
gdb_78182,CN1CC(=O)C2C(O)C21,-0.2107,train
gdb_87368,CC1CC12C(=O)CN2C,-0.2151,train
gdb_83576,OC1C2CC=CC1OC2,-0.2442,train
gdb_25340,N=c1cc(C=O)cco1,-0.2318,train
gdb_96154,CC1CCCC2OC2C1,-0.254,train
gdb_104374,COC1(C)CCCC1=O,-0.2254,train
gdb_101021,CCC(O)C1(CC)CC1,-0.2604,train
gdb_13219,OCC(O)C1CCC1,-0.2536,train
gdb_16414,CC1C=CC2CC1O2,-0.2337,train
gdb_52478,CC#CC#CC(O)C=O,-0.2402,train
gdb_115531,C#CC1(O)CCC1CC,-0.2536,train
gdb_50696,O=CC1CCCN2CC12,-0.2248,train
gdb_57090,N#CC(O)C1COC=N1,-0.2673,train
gdb_19475,OCC1C2C=CC1O2,-0.2346,train
gdb_25318,C#Cc1[nH]ccc1C=O,-0.2239,train
gdb_116355,CCC1COCC=C1C,-0.2322,train
gdb_72533,OC12C=CC(CC1)CC2,-0.2412,train
gdb_1716,O=CC1(O)COC1,-0.2607,train
gdb_14267,C1=CC2CC(CC1)O2,-0.2369,train
gdb_110300,CN1C2C(O)C(CO)C21,-0.2312,train
gdb_30487,CN=c1cc(C)nc[nH]1,-0.2056,train
gdb_76435,N#CCC1(O)C(O)C1O,-0.2668,train
gdb_43020,O=C1N2CC2CC2CN12,-0.2454,train
gdb_65364,N#CC1(N)CC1C1CN1,-0.2453,train
gdb_108238,COC12CCC1(O)C2C,-0.2195,train
gdb_34075,N#CC12CC3C(O1)C3O2,-0.2684,train
gdb_113709,COC1CC1C(C)(C)O,-0.2371,train
gdb_64473,CC1(O)C=CCOCC1,-0.2449,train
gdb_116550,CCN=C(C=O)NC=N,-0.2366,train
gdb_100994,CC1(C(O)CO)COC1,-0.2502,train
gdb_83901,CC1N2CCCC12C#N,-0.2471,train
gdb_8018,CC12CCN1C(=O)C2,-0.2376,train
gdb_14536,CC1(C#N)C2CCN21,-0.2546,train
gdb_1785,CC1CC1(O)CO,-0.2518,train
gdb_111505,COC1C(O)CC2CC21,-0.2515,train
gdb_122629,CCCCC1CCC1O,-0.2518,train
gdb_45265,O=C1NC2CN3CC3C12,-0.2262,train
gdb_52875,CC#CC1(C(C)O)CO1,-0.2501,train
gdb_80021,CN1C2C=CC1C2(C)C,-0.1906,train
gdb_78479,CC1C2C3CCCC3C12,-0.2366,train
gdb_50815,N=COC(=O)C(=O)C=O,-0.2657,train
gdb_100021,CCC(C)(O)C1(C)CO1,-0.258,train
gdb_38980,C1CC23NC2CC3CO1,-0.2484,train
gdb_38293,C1C2OC1C1C3OC1C23,-0.2354,train
gdb_50880,C#CCOC(=N)NC=O,-0.2544,train
gdb_27206,Oc1[nH]cc2c1C=CC2,-0.1712,train
gdb_91831,CC1CC2CC2(C#N)N1,-0.2308,train
gdb_8863,CCN(C)C(=O)C#N,-0.2675,train
gdb_76987,CC1C(C=O)C2CC12O,-0.2383,train
gdb_128115,CNc1nnoc1CN,-0.2498,train
gdb_88960,CC1CC1CC1(O)CC1,-0.2496,train
gdb_19624,C1C2C3C(N13)C21CN1,-0.2332,train
gdb_132183,O=c1nc(F)occ1F,-0.2797,train
gdb_103909,COC1(C)CC1OC=N,-0.2486,train
gdb_102822,CCC(OC=O)C1CO1,-0.2742,train
gdb_133236,Cn1ncc(=N)c(F)n1,-0.2228,train
gdb_14002,N#CC1CC12CCO2,-0.2505,train
gdb_7093,C#CCC(=O)CCC,-0.247,train
gdb_91818,CC12C=CC(O)CC1N2,-0.2377,train
gdb_133385,Nc1noc(=O)cc1F,-0.2465,train
gdb_57134,CC(C#CC#N)C1CN1,-0.2591,train
gdb_57057,CC1CCC1C(N)C#N,-0.2667,train
gdb_12607,CN1C(=N)NCC1=O,-0.2415,train
gdb_9156,C#CC#CC(=O)NC,-0.255,train
gdb_104473,CNC1(C=O)C(O)C1O,-0.214,train
gdb_21039,Cn1nc(N)c(O)n1,-0.1953,train
gdb_116008,CCC1CCN=C1OC,-0.2426,train
gdb_129659,Nc1[nH]nc(C=O)c1N,-0.2102,train
gdb_119231,CCCC1(C=O)OC1C,-0.2526,train
gdb_38314,C1CC2C3CC(C3)C2C1,-0.2889,train
gdb_25774,CC(=O)c1nc(N)co1,-0.2186,train
gdb_46707,O=C1OCC2C3CN1C23,-0.2484,train
gdb_34186,C#CC12CC3C=CC1C32,-0.2189,train
gdb_24359,c1occ2c1COCO2,-0.2123,train
gdb_7689,CC1(O)C2CC(O)C21,-0.2391,train
gdb_123885,C1CN(c2nnon2)C1,-0.2391,train
gdb_92018,CC1CC2OC2C2CC12,-0.2524,train
gdb_1187,CC(C)(CO)CO,-0.2604,train
gdb_60682,CC(C=O)(C=O)C1CC1,-0.2492,train
gdb_90404,CC1CC2C(C)(C)C12C,-0.237,train
gdb_107042,COC12C=CC(O)C1C2,-0.2321,train
gdb_16534,OC1C(O)C2CCC12,-0.247,train
gdb_60578,CC1OC1C(O)C1CO1,-0.2599,train
gdb_3518,C1CC(C2CO2)C1,-0.2603,train
gdb_29117,N=c1occ(O)oc1=O,-0.2282,train
gdb_66125,N#CC1(O)CCN2CC21,-0.2505,train
gdb_12755,C#CC1CC2CC12O,-0.2465,train
gdb_24098,N#CCCc1cocn1,-0.2587,train
gdb_78353,CC1C2C(C)C3(CC3)C12,-0.2374,train
gdb_52937,CC#CC12CC(O1)C2O,-0.2413,train
gdb_103363,COC1(C)C2C=CC1O2,-0.2314,train
gdb_48753,O=CC12CCC=CC1N2,-0.2341,train
gdb_71052,CC12CN=C3CC1(C)N32,-0.2312,train
gdb_36704,N#CCOC1CN2CC12,-0.2483,train
gdb_50301,N=C1C2OC2CN1C=O,-0.256,train
gdb_69387,CC12CC1N(C=N)C2=O,-0.2394,train
gdb_101777,CCC(C)CCC(N)=O,-0.2431,train
gdb_13275,CCCN=C1CCO1,-0.2463,train
gdb_12652,CC1COC(=O)C1=O,-0.2541,train
gdb_46599,O=C1OCC23CCC12C3,-0.2472,train
gdb_90374,CC1OC2C(=O)CC12O,-0.2364,train
gdb_64123,CC1(O)COC(C)(C)C1,-0.2376,train
gdb_98396,N=CN(C=N)C(=O)CO,-0.2654,train
gdb_132661,Nc1ncc(F)nc1N,-0.2074,train
gdb_114576,CNC1CN2CC12C#N,-0.2349,train
gdb_42079,C1=NCC2(CCOC2)O1,-0.2514,train
gdb_132038,O=c1cc[nH]c(F)c1O,-0.2103,train
gdb_30848,CNc1oc(N)nc1N,-0.1739,train
gdb_93868,OC1CCC(O)C12CO2,-0.2486,train
gdb_85716,C#CC1CN(C)C1C#C,-0.2244,train
gdb_65655,CC1(CC2CCO2)CO1,-0.2494,train
gdb_91993,C#CC1C(O)CC2NC21,-0.242,train
gdb_121596,CC[NH2+]CC(=O)C(=O)[O-],-0.1965,train
gdb_64848,C#CC1CC(C)(C#N)N1,-0.2593,train
gdb_66905,OC12C3C=CC1C2C=C3,-0.2231,train
gdb_72090,CC12CC3COC1C2C3,-0.2152,train
gdb_114005,CCC1OC1CCC=O,-0.2507,train
gdb_111026,C#CC12CC(C1)C2OC,-0.2509,train
gdb_91170,CC1CC2C=CC1C=C2,-0.2266,train
gdb_34232,C#CC12OC3CC1CC32,-0.2402,train
gdb_115445,CCC1CC(C=O)CO1,-0.246,train
gdb_1559,CCCN(C)C=O,-0.2392,train
gdb_85463,C#CC1CC(=O)CC1C,-0.2386,train
gdb_37706,C1C2CN3C1C1C(O2)C13,-0.2006,train
gdb_117544,C#CC(OCC)C(C)C,-0.2601,train
gdb_78287,CC1C2C1C1(C)CC21C,-0.1968,train
gdb_60548,CC1(C(O)C2CO2)CC1,-0.261,train
gdb_38413,C1=NCC2(CC3NC32)O1,-0.2387,train
gdb_18812,N=C1OC2C3NC1C32,-0.2297,train
gdb_3185,CC1(C2CC2)CO1,-0.2626,train
gdb_55039,NC(=O)N1CC1C1CC1,-0.2415,train
gdb_40183,C1C2CC3(CC3)COC12,-0.2238,train
gdb_76500,CC1C(C)C12OC1CC12,-0.2214,train
gdb_5515,CN=c1occn1C,-0.1823,train
gdb_16312,CCC12CC1OC2=N,-0.2581,train
gdb_118923,CCCC1(O)COC1=N,-0.2666,train
gdb_75651,CC12CC(C1)C(=O)C2O,-0.2358,train
gdb_44192,N#CC1OC2C(=O)NC12,-0.2679,train
gdb_31777,Cn1c(N)ccc1CO,-0.1808,train
gdb_42462,C#CCCC(=O)CC#N,-0.2697,train
gdb_33734,N#CC12CC(C1)C1CC12,-0.2742,train
gdb_15103,C#CCC#CC1CC1,-0.2358,train
gdb_112373,CCN1CC(=N)NC1=O,-0.2402,train
gdb_44178,N#CC1CC2C(=O)CC12,-0.258,train
gdb_104307,CCC1(C)OCC2NC21,-0.2357,train
gdb_114042,CCC1OC2(C)C(C)C12,-0.2265,train
gdb_90770,CC1OC2C(O)CCC12,-0.2423,train
gdb_40331,C1NC1C12C3C4C(C31)N42,-0.2115,train
gdb_53648,CC#CCCC(C)C#N,-0.2527,train
gdb_130748,O=C1OCc2cn[nH]c21,-0.2704,train
gdb_121367,COCC1CCOC1C,-0.2396,train
gdb_100884,CCC(O)C(C#N)CC,-0.2804,train
gdb_88677,CC1CC1C1CC1(C)C,-0.2367,train
gdb_76663,CC(=O)CC1C(C)C1O,-0.2293,train
gdb_46480,O=C1NCC2(CO2)C1=O,-0.2413,train
gdb_79242,CC1C2C3CC1(O)C32C,-0.228,train
gdb_99725,CNC(C(C)=O)C(N)=O,-0.2304,train
gdb_76460,CC1C(O)C1(C=O)C=O,-0.2454,train
gdb_90399,CC1(C)C2CC(O)C21C,-0.2412,train
gdb_102026,CCN(C=N)C(=O)CO,-0.2596,train
gdb_38710,C1=CC2CC3(C1)CC3O2,-0.2325,train
gdb_7754,CC1C=CNC(=O)C1,-0.217,train
gdb_11887,O=C1COC2(CC2)C1,-0.2434,train
gdb_82131,CC1C(NC=O)C2CN12,-0.2402,train
gdb_28212,Cc1nc2c(o1)CCC2,-0.2133,train
gdb_101281,CCC(O)C1OC1C#N,-0.285,train
gdb_24778,O=c1ccn2c(c1)CC2,-0.2069,train
gdb_46256,O=C1CCC12CC1CN12,-0.2357,train
gdb_96420,C#CC1CCOCC1O,-0.2421,train
gdb_133516,N=CNC(=N)C(F)(F)F,-0.264,train
gdb_132105,Cc1cnc(=O)oc1F,-0.2567,train
gdb_25907,CC(=O)n1ccc(C)c1,-0.218,train
gdb_66812,OC12C3C4C5C3N5C1C42,-0.2386,train
gdb_97252,CN=C1C=CNCCO1,-0.1932,train
gdb_84375,CC1C=CC(O)C1(C)C,-0.2415,train
gdb_108176,OCC12OC=NC1C2O,-0.2459,train
gdb_41008,C1CC23C1OC1C2NC13,-0.2343,train
gdb_33355,N#CC#CC1COC=N1,-0.2806,train
gdb_1655,NC(=O)C(=O)CO,-0.2429,train
gdb_16142,O=CC12COCC1C2,-0.2507,train
gdb_34566,N#CC1=CC2OCC1O2,-0.2696,train
gdb_74600,CC1=CC2C3C4C1N2C34,-0.2117,train
gdb_36074,C#CCC12C3CC1N2C3,-0.236,train
gdb_132988,Cn1cccc(F)c1=O,-0.2137,train
gdb_64107,CC1(O)COC(=O)OC1,-0.285,train
gdb_48185,N#CCCNC(=O)C=O,-0.2684,train
gdb_41246,C1OC23CC4C(CC42)C13,-0.2378,train
gdb_113225,CCN1CC1(C)C1CO1,-0.2279,train
gdb_116169,COC1CCCC(C)C1,-0.2437,train
gdb_70449,OC12CC1CC2C1CC1,-0.2281,train
gdb_42075,C1#CCCCCC=CC1,-0.2288,train
gdb_81366,CC1C=CC2OC1C2O,-0.2364,train
gdb_36172,N#CCC12CC3C1CN32,-0.2449,train
gdb_79553,C#CC12OC1C1C2N1C,-0.2339,train
gdb_71985,C#CC12CN3CC1(O)C32,-0.2232,train
gdb_116013,COC1CCC=C1CO,-0.2362,train
gdb_30041,Cc1cccn(C)c1=O,-0.2057,train
gdb_82885,CC12C3CC1C(O3)C2O,-0.2312,train
gdb_62060,N#CC(O)CCN1CC1,-0.245,train
gdb_83538,CC1C2COC1C2(C)O,-0.2393,train
gdb_19608,O=C1C2C(O)C3C1C23,-0.2362,train
gdb_19221,N#CC1C(=O)C2CN12,-0.2727,train
gdb_106835,COC12CCC1(CO)C2,-0.2449,train
gdb_60054,CC(O)CC1(O)CC1C,-0.2419,train
gdb_29984,Cn1ccc2ocnc21,-0.1993,train
gdb_58886,CC(O)C12C=CCC1N2,-0.2233,train
gdb_100018,CCC(C)(C)C1(O)CC1,-0.2527,train
gdb_39988,C1CC12OC1C3OC1C32,-0.2352,train
gdb_39083,C1=CC23COC(C2)C3C1,-0.2331,train
gdb_61382,CC(C=O)NC(=N)C=O,-0.2406,train
gdb_121190,CCOC1COC1C#N,-0.2752,train
gdb_18500,O=CCC1CC2NC12,-0.2373,train
gdb_125647,Cc1n[nH]c2c1COC2,-0.2263,train
gdb_50021,O=CC1CC12NCC2=O,-0.2426,train
gdb_116534,CCN=C(N)N(C)C=O,-0.2351,train
gdb_63567,CC1(C)OC12COC2=O,-0.2713,train
gdb_35700,N#CC1OCC12CCN2,-0.2465,train
gdb_124575,CC(C)Cc1nnon1,-0.3112,train
gdb_120625,CCC1(C)NC1COC,-0.2399,train
gdb_57742,C#CC#CC#CC(C)C,-0.2306,train
gdb_41130,C1=CC23OCC24CC3C14,-0.2178,train
gdb_18387,C1=NCC2OC2CO1,-0.2472,train
gdb_8093,CC12CC(=O)C1C2O,-0.2369,train
gdb_108797,CC1C=C(CO)NC1=O,-0.218,train
gdb_7540,CC1CC1(O)CCO,-0.2503,train
gdb_119712,CCOC12CNC1C2O,-0.2244,train
gdb_127585,Cc1c(C=O)cnn1C,-0.2425,train
gdb_28462,Cc1cnc(N)cc1O,-0.2051,train
gdb_5571,CCc1ccoc1N,-0.209,train
gdb_55196,CC(=O)N1CC=C(C)C1,-0.2271,train
gdb_111788,CCC1C2COC1C2O,-0.2299,train
gdb_3776,CN=c1[nH]nn[nH]1,-0.2152,train
gdb_132291,Cc1nc(F)nc(=O)o1,-0.301,train
gdb_8434,CC1(C)OC2CC21O,-0.2268,train
gdb_84493,CC1C(O)C=CC12CN2,-0.2375,train
gdb_93610,CC1CNC(C#N)C1=O,-0.2474,train
gdb_51062,O=COC12C3C4C1N4C32,-0.2326,train
gdb_43973,O=C1NC23C=CCC12C3,-0.2426,train
gdb_108235,CN1C2(C)CCC12CO,-0.2421,train
gdb_3066,COC=NC1CC1,-0.228,train
gdb_37748,C1OC2C3N4CC3(O1)C24,-0.2492,train
gdb_16580,CC1C(=O)C2C1N2C,-0.2261,train
gdb_110540,OCC1C2OC3C1C23O,-0.2353,train
gdb_27816,Cc1nc(C)[nH]c(=O)n1,-0.2559,train
gdb_108252,CCC12CCC1(C)CO2,-0.2351,train
gdb_126722,CCn1cc(N)c(O)n1,-0.1844,train
gdb_47350,C#CC1COCC(=N)N1,-0.2337,train
gdb_66593,OC12C3COC4C3C1C42,-0.237,train
gdb_44908,O=C1CC2CC1N=CO2,-0.2415,train
gdb_120272,COCC1C(O)C2CN12,-0.2365,train
gdb_98573,COC(=O)C1=CNCC1,-0.2003,train
gdb_68431,C#CC1CC2CC1(O)C2,-0.2503,train
gdb_108639,CC1=C(CO)C2CC2C1,-0.2076,train
gdb_81695,CC1C2CC=CCC1C2,-0.2337,train
gdb_75755,C#CC1(C)CC(=O)C1O,-0.2489,train
gdb_59882,CC(C)NC(=O)C1CO1,-0.2455,train
gdb_37488,C1=C2C3CC4C2N(C1)C34,-0.2004,train
gdb_28284,Nc1cc2n(c1)C1CC21,-0.1767,train
gdb_97657,CC1OC1(C)C#CCO,-0.2458,train
gdb_73358,CC12CCC3C1N3CC2,-0.2193,train
gdb_131894,Nc1[nH]ccc1[N+](=O)[O-],-0.2084,train
gdb_87049,CC1NC1(C#N)C1CN1,-0.2664,train
gdb_99989,CCC(C)(O)C(N)C#N,-0.264,train
gdb_27230,Nc1ncn2c1CC=C2,-0.1801,train
gdb_92913,CC1C=CC(O)C=CC1,-0.2424,train
gdb_107667,CCC12COCCN1C2,-0.2177,train
gdb_74440,CC1=CC2(C)CCC1O2,-0.2308,train
gdb_75110,CC1=CCC(=O)NC=C1,-0.2125,train
gdb_51916,C#CCCN=CNC=O,-0.2496,train
gdb_53338,CC#CC1CC2OC2C1,-0.2414,train
gdb_65668,CC1(OC=O)C2CC1C2,-0.2708,train
gdb_30033,OC1C=Cc2cocc21,-0.2181,train
gdb_49043,N=C1NC2COC12C=O,-0.2462,train
gdb_69461,O=CC1CCC2(O)CC12,-0.2429,train
gdb_97299,CN=CN1C=NCC1=N,-0.2317,train
gdb_69964,CC12CCN1C1CC12O,-0.209,train
gdb_38852,C1OC2CC3OC3C1O2,-0.256,train
gdb_25571,O=CCNc1cnco1,-0.2132,train
gdb_42965,O=C1N2CCC2C2CN12,-0.2439,train
gdb_38203,C1=NC23CC(C2)OC3O1,-0.2549,train
gdb_104514,CN1CC1(CO)CC#N,-0.2365,train
gdb_116134,CC1=CC(CO)OCC1,-0.2384,train
gdb_70610,CC12CC1CCC21CO1,-0.2527,train
gdb_86560,OC1CC(C2COC2)C1,-0.2448,train
gdb_29381,N#CCc1cc(N)c[nH]1,-0.1862,train
gdb_17451,CC1C2N1C1CC12C,-0.2139,train
gdb_55424,N=C1OCCC1C(N)=O,-0.247,train
gdb_95751,CC1(O)CCCC(O)C1,-0.2541,train
gdb_31006,Cc1oc(O)nc1CO,-0.2144,train
gdb_10660,COC1(C=O)CC1O,-0.2456,train
gdb_2273,C#CCC1COC1,-0.2477,train
gdb_84363,CC1(C)C=CC(O)C1O,-0.2525,train
gdb_98188,CCC(C)(C)C(=O)CO,-0.2363,train
gdb_69068,CC12CC1(C#N)OC=N2,-0.2738,train
gdb_131097,C#CC(O)c1cn[nH]c1,-0.2446,train
gdb_107785,CC1C2C3CC1(CO)N32,-0.2399,train
gdb_6512,C#CC1(C)OC1(C)C,-0.2554,train
gdb_69056,CC12CCC1(CC=O)N2,-0.2238,train
gdb_47859,O=C1NCCCN=CO1,-0.2612,train
gdb_99982,C#CC(C)C(C)(C)CC,-0.2578,train
gdb_21037,Cc1nn(C)c(=O)o1,-0.2342,train
gdb_71993,CC12CC3OC1(C)C32O,-0.2175,train
gdb_27799,Cc1cc(O)nc(=O)o1,-0.2562,train
gdb_74529,CC1=CC23COC2(C1)C3,-0.2198,train
gdb_45943,O=C1CCC(=O)C12CN2,-0.243,train
gdb_41016,C1OC23C1CN1C2CC13,-0.2358,train
gdb_85630,CC1C=C(C#N)CC1C,-0.2586,train
gdb_7162,CCCC(C)CC#N,-0.3119,train
gdb_129807,Nc1onc2c1OCO2,-0.2079,train
gdb_113314,C#CC1(OC)CC1CC,-0.2384,train
gdb_49587,O=CC1C2CC2N1C=O,-0.2394,train
gdb_87386,CN1CC(=O)C12CC2O,-0.214,train
gdb_46362,O=C1COC1C1CCC1,-0.252,train
gdb_73544,CC12OCOC13CC2C3,-0.2445,train
gdb_80233,CN1C2CC(=O)C1C2=O,-0.2419,train
gdb_54958,C#CC1(C)NC1C(N)=O,-0.2411,train
gdb_32658,CCn1cccc1NC,-0.1693,train
gdb_127768,Cn1nnc2cc[nH]c21,-0.2099,train
gdb_79020,OC1C2C3C4CN2C1C43,-0.2351,train
gdb_41391,C1N=C2OCC23OCC13,-0.2437,train
gdb_76432,CC1N(C)C1(C)CC#N,-0.2302,train
gdb_42936,C#CCC1C(=O)C2OC12,-0.2454,train
gdb_104764,CCC1(CC)CN1C=O,-0.2463,train
gdb_14262,C1=CC2CC(C=C1)C2,-0.2065,train
gdb_117243,COCC(=O)C1CN1C,-0.2285,train
gdb_98850,COC(=O)C1CCC1C,-0.2637,train
gdb_116459,COC1CCCCC1C,-0.2459,train
gdb_110241,COC1C2C(=O)NC12C,-0.2433,train
gdb_33785,C#CC12CCCC(C1)O2,-0.2408,train
gdb_34071,N#CC12CC3C(C1)C3C2,-0.2855,train
gdb_40168,C1OC2(CC2)C2CC1C2,-0.2281,train
gdb_105858,COC12C(=O)OC1C2N,-0.2385,train
gdb_115161,CCC1NCC(=O)C1O,-0.2324,train
gdb_123555,c1noc2c1C1CC1C2,-0.2324,train
gdb_125752,C#CCc1nc(C)no1,-0.2762,train
gdb_64016,CC1(O)C=CCC1(C)C,-0.2422,train
gdb_49869,N=C1CC(C=O)C(=O)O1,-0.2805,train
gdb_78090,C#CC1CC2(C)C(C)N12,-0.2291,train
gdb_49715,N=C1C2NCC2N1C=O,-0.2407,train
gdb_50983,C#CCC1(OC=N)CC1,-0.2586,train
gdb_70539,CC12CC(=O)CCC1C2,-0.2349,train
gdb_120210,CCOC1C2C=CC1C2,-0.2236,train
gdb_71056,CC12NC3=NCC1(N)C32,-0.22,train
gdb_89214,O=C1NC2C(O)CC12O,-0.2396,train
gdb_132679,Oc1cnc(O)c(F)c1,-0.2163,train
gdb_113237,C#CCC1(C)OC1CO,-0.2613,train
gdb_54435,CC(=O)C12CC(=O)C1O2,-0.2584,train
gdb_110073,COC1C(C=O)C1(C)O,-0.2403,train
gdb_64641,N#CC1(N)C=CNC1=O,-0.2458,train
gdb_94069,CC1COC(C#N)OC1,-0.2838,train
gdb_28763,Cc1cnc2n1C1CC21,-0.2089,train
gdb_5121,Cn1ccc(N)c1O,-0.1728,train
gdb_15018,C#CC(C#C)C1CN1,-0.2477,train
gdb_53009,CC#CC12CC1CCO2,-0.2157,train
gdb_1979,COC1CN(C)C1,-0.2074,train
gdb_97664,CCC#CC1(O)CC1O,-0.2276,train
gdb_101316,O=CC1OC1C(O)CO,-0.2591,train
gdb_5679,C1=Cc2nccn2C1,-0.2037,train
gdb_113007,CN1C(C=O)CC1CO,-0.2337,train
gdb_52443,N#CCOCCNC=O,-0.2594,train
gdb_88314,CC1CC1C(=O)CC=O,-0.2453,train
gdb_43905,N#CC12CC(=O)C1CO2,-0.2726,train
gdb_1377,C#CC(=O)NC=O,-0.2656,train
gdb_63225,CC1(O)C=CCC1C#N,-0.2637,train
gdb_100911,CC(CO)C(C=O)CO,-0.2437,train
gdb_110751,COC1C2CC(=O)C21O,-0.2392,train
gdb_47024,O=C1C=C2NCC2CN1,-0.2179,train
gdb_116084,CCC1COCC(=O)O1,-0.2526,train
gdb_46048,O=C1CC(C2CC2)CO1,-0.2616,train
gdb_20263,C1C2C3CC4C2C4C13,-0.2541,train
gdb_31995,OCc1cnc(CO)[nH]1,-0.2043,train
gdb_105477,CC#CC1(NC)COC1,-0.225,train
gdb_72231,CC12CCC3OC1(C)C32,-0.2158,train
gdb_260,CC(=O)CCO,-0.2458,train
gdb_17576,OC12CC(C1)C1OC12,-0.2542,train
gdb_121376,CCCC1C=CCCC1,-0.2342,train
gdb_76930,CN1C(=O)C(O)C1C=O,-0.2534,train
gdb_9223,O=CNCC(=O)CO,-0.2605,train
gdb_84419,N=C1C(O)C=CN1C=O,-0.2435,train
gdb_28085,N=COc1c[nH]c(O)c1,-0.1941,train
gdb_57296,CC(C)(O)C#CCC#N,-0.2721,train
gdb_2711,COCCCC=O,-0.2517,train
gdb_126109,CCC#Cc1cc[nH]n1,-0.218,train
gdb_77174,NC1C(=O)OC1C1CN1,-0.2483,train
gdb_98198,COC(=O)C(C)(C)CO,-0.2644,train
gdb_111988,CCC1C=CC2(C)OC12,-0.2404,train
gdb_79709,CN1C2C(O)C1C1CC12,-0.2165,train
gdb_118578,CCCC(CO)COC,-0.2453,train
gdb_106786,CC12CC=CC1(CO)N2,-0.2218,train
gdb_81995,CC1C2NC2C1(C)C#N,-0.2496,train
gdb_118567,CCC(CCO)CCO,-0.261,train
gdb_9009,CC#CCC(C)C#N,-0.2603,train
gdb_110895,O=C1C2CC(C2)C1CO,-0.2438,train
gdb_44368,O=C1CC2C3CC(O1)C23,-0.2544,train
gdb_32270,Nc1cnccc1CO,-0.2161,train
gdb_102678,CCC(CO)CCC#N,-0.2763,train
gdb_1010,C#Cc1ncco1,-0.2403,train
gdb_87489,CC1NC12C1CC2C1O,-0.2444,train
gdb_24224,c1nc2c([nH]1)CC1CN21,-0.1986,train
gdb_74930,CC1=CC2CC3C1CN23,-0.2112,train
gdb_25752,Cc1[nH]ccc1C(N)=O,-0.2094,train
gdb_129591,N#Cc1c(O)noc1N,-0.2409,train
gdb_51804,O=CNC1COC2CC12,-0.2393,train
gdb_108401,N#CC1C2OCC12CO,-0.2617,train
gdb_25117,O=c1cc[nH]c(=O)nc1,-0.2547,train
gdb_107918,CCC12CC3C1C2N3C,-0.2004,train
gdb_689,CC1CC2OC12,-0.2504,train
gdb_45051,O=C1CC2NC2C12CO2,-0.2435,train
gdb_13692,N=COCC1CC1O,-0.254,train
gdb_78860,CC1C2C3C(N13)C21CN1,-0.2313,train
gdb_61697,CC(C#N)(C#N)OC=O,-0.3144,train
gdb_58585,CC(C)C1(O)CCCC1,-0.2542,train
gdb_81933,O=C1C(O)C(O)C2CN12,-0.2628,train
gdb_7632,CC(C)C1CC(=O)N1,-0.2458,train
gdb_51735,O=CCN1CCC12CC2,-0.2151,train
gdb_76757,CC1C(O)C2(O)CCC12,-0.2347,train
gdb_101370,CCC(O)C1CN2CC12,-0.2291,train
gdb_13954,N#CCC12COC1C2,-0.2505,train
gdb_92268,CC1CC2CC=CC12C,-0.2338,train
gdb_104271,N#CC1CCC1(O)CO,-0.2718,train
gdb_126716,CCc1cnn(CC)c1,-0.2245,train
gdb_103223,COC1(C)C2C3OC2C31,-0.2297,train
gdb_108998,CC1C2C=C(CO)C1O2,-0.2306,train
gdb_24095,N#CCCc1cc[nH]c1,-0.217,train
gdb_19506,O=CC1C2N=COC12,-0.2495,train
gdb_10522,CCCC1(CO)CC1,-0.2601,train
gdb_10231,CCOC(CO)CO,-0.25,train
gdb_55027,CC(=O)N1CC1C1CN1,-0.2428,train
gdb_45738,O=C1NC=CC12COC2,-0.2248,train
gdb_17760,CC12C3C4N3C1C42O,-0.2061,train
gdb_125684,Cc1n[nH]nc1C1CC1,-0.2328,train
gdb_105688,CCC1(CNC=O)CO1,-0.252,train
gdb_42112,C1=CCCCCCC=C1,-0.2275,train
gdb_96300,CN1CCCOC(=O)C1,-0.2149,train
gdb_101107,COC(C)C12CN(C1)C2,-0.2228,train
gdb_85810,C#CC1(C)CC(O)C1C,-0.2493,train
gdb_45550,N=C1CC2OCCC2O1,-0.2551,train
gdb_76870,CC1C(O)C2N=COC12,-0.2491,train
gdb_114048,COC1CC2(C)C(O)C12,-0.2322,train
gdb_15689,CCN1CCOC1=O,-0.2439,train
gdb_35439,C#CC12CC1OC2C#N,-0.2572,train
gdb_121419,OCCC1COCOC1,-0.2576,train
gdb_3288,CC1CC2COC12,-0.2396,train
gdb_129719,Nc1cnn(C=O)c1O,-0.2334,train
gdb_6745,CCN=COC(C)C,-0.2404,train
gdb_119690,COCC12CC3CN1C32,-0.2347,train
gdb_110532,CCN1C2CC3C1C32C,-0.2019,train
gdb_17622,CC(C)C(C)C1CO1,-0.2614,train
gdb_22839,ON=C1CCN=COC1,-0.2433,train
gdb_37701,C1C2OC3C(O2)C2C1C32,-0.2488,train
gdb_107530,C#CC1OC2CC12CO,-0.2427,train
gdb_117366,CCNC(=O)CN1CC1,-0.2348,train
gdb_130773,N#Cc1cnoc(=O)c1,-0.297,train
gdb_125503,Cc1nn(C=O)cc1N,-0.2153,train
gdb_35423,N#CC1OC2C=CCC12,-0.2644,train
gdb_17453,CN1C2C3CC3(C)C21,-0.2317,train
gdb_115486,CCC1C=C(CO)CO1,-0.2246,train
gdb_64831,CC1(C#N)C=CC(=O)C1,-0.2592,train
gdb_24291,c1[nH]cc2c1OC1CC21,-0.1883,train
gdb_54622,NC(=O)C1=CC(=O)CC1,-0.2459,train
gdb_119863,COCC1=CCCC1=O,-0.2371,train
gdb_13209,CC(CO)C1COC1,-0.243,train
gdb_30421,CN=c1[nH]c(C)c(C)o1,-0.1777,train
gdb_117911,C#CC(=O)C(C)COC,-0.2568,train
gdb_20427,c1n[nH]nc1N1CC1,-0.2237,train
gdb_86062,CC1=C(C)C(O)C(C)C1,-0.2293,train
gdb_87034,N#CC1(C(N)=O)CC1O,-0.2618,train
gdb_95407,CC1=CCOC(C)C=C1,-0.2132,train
gdb_94187,CC1(C2CC2)CCC1O,-0.2501,train
gdb_26657,Cc1oc(N)c(N)c1C,-0.1779,train
gdb_5252,CCCc1cocn1,-0.2386,train
gdb_84492,CC1C(O)C=CC12CC2,-0.2341,train
gdb_94712,CC1CCC2(C)CC2O1,-0.2341,train
gdb_117150,O=CC(O)C(=O)CCO,-0.2575,train
gdb_12687,CC1=C(C)C(C)CC1,-0.2148,train
gdb_75556,CC1=CCOCC1C#N,-0.2586,train
gdb_122280,O=CC1(OCCO)CC1,-0.249,train
gdb_10310,C#CC(OC)C(C)C,-0.2621,train
gdb_46085,N#CC1C=CC(=O)CC1,-0.2568,train
gdb_24703,c1cnc2c(n1)CNC2,-0.2288,train
gdb_22028,Nc1noncc1=NO,-0.2249,train
gdb_109532,N#CC1C(C#N)C1CO,-0.292,train
gdb_122661,OCCCC1COC=N1,-0.2478,train
gdb_53236,CC#CC1OC(C)C1C,-0.2392,train
gdb_130382,NC=[NH+]c1cc([O-])on1,-0.1574,train
gdb_64364,CC1(C)CCOC12CC2,-0.226,train
gdb_5166,O=CCc1ccc[nH]1,-0.2069,train
gdb_12973,CN1C2CC(O)C21C,-0.2252,train
gdb_82761,OC1C2OC3C2CC13O,-0.2333,train
gdb_101570,CCC(=O)CC(C)CC,-0.2405,train
gdb_111322,COC1C2OC2C1(C)O,-0.2445,train
gdb_65317,C#CC1CC1(C)N1CC1,-0.2253,train
gdb_70892,CC12CC3N(C1)C3(C)C2,-0.2286,train
gdb_120067,CCCC1C2C3CN2C13,-0.228,train
gdb_103797,CC(=O)N1CC1(C)CO,-0.2494,train
gdb_12540,CC1CC=CCCC1,-0.2331,train
gdb_15835,CCOC(C)C1CO1,-0.2525,train
gdb_21968,O=[N+]([O-])c1ccc[nH]1,-0.2488,train
gdb_85335,CC1CC(=O)C=C(N)C1,-0.2138,train
gdb_48253,N#CCC(C=O)C1CN1,-0.2604,train
gdb_54856,NC(=O)N1C2CCCC21,-0.2409,train
gdb_87564,CC1CC12C(C)C1NC12,-0.2219,train
gdb_120973,OCCC1CC2CN2C1,-0.2241,train
gdb_79228,N#CC12CN3C(C1O)C32,-0.2617,train
gdb_53573,CC#CCC1CC(=O)N1,-0.2467,train
gdb_29904,Cn1ccc(N2CC2)c1,-0.1807,train
gdb_38887,C1=C2COC2CC2CC12,-0.2322,train
gdb_40832,C1COC(C2CN2)CO1,-0.2328,train
gdb_18548,O=C1CC2OC=NC12,-0.2459,train
gdb_117451,CCCC(=O)COC=O,-0.2645,train
gdb_127669,C#CCc1ncnn1C,-0.2557,train
gdb_76050,CC1C(C#N)C12COC2,-0.2589,train
gdb_55934,NC(=O)CC1OC2CC12,-0.2362,train
gdb_86695,N#CC1C(N)CN1C=O,-0.2626,train
gdb_73866,CC1=C(C)CC2CC2C1,-0.2178,train
gdb_55876,CC(=O)CC1OC1C#N,-0.2633,train
gdb_44329,O=C1CC2C3C=CC1N32,-0.2252,train
gdb_54237,N=C1OCC1(N)C(N)=O,-0.2413,train
gdb_86389,CC1CC(O)C2NC12C,-0.2321,train
gdb_25112,N=c1ncoc(=N)cn1,-0.2705,train
gdb_11075,CC1C2(C)CCC12O,-0.2342,train
gdb_29581,Nc1cocc1C1CC1,-0.1921,train
gdb_63131,CC1(O)C2OCC21C=O,-0.2397,train
gdb_133093,OCc1ccnc(F)c1,-0.2593,train
gdb_84054,CC1N=C(C#N)N2CC12,-0.2676,train
gdb_30843,CNc1[nH]c(O)nc1C,-0.1856,train
gdb_41889,C1=NC2CCC(CC2)O1,-0.2391,train
gdb_14660,CCC#CC#CC=O,-0.2566,train
gdb_89206,CC1OC2(C)C(=N)OC12,-0.2556,train
gdb_19375,OCC12NC1C1CC12,-0.2054,train
gdb_79382,N#CC12CC3C1C(O)C32,-0.275,train
gdb_36983,C(CN1CC1)C1COC1,-0.2354,train
gdb_46795,O=C1CNC2CC(C2)O1,-0.2246,train
gdb_89341,N#CC12CC1(N)CC2O,-0.2447,train
gdb_96085,CC1OCOC2(C)CC12,-0.2449,train
gdb_27548,Nc1nc(C2CN2)co1,-0.206,train
gdb_35349,N#CC1NC23CN(C2)C13,-0.2331,train
gdb_76671,NC(=O)OC1C(O)C1O,-0.2392,train
gdb_107493,OCC12CC1CC21CO1,-0.2532,train
gdb_6050,CC(O)C(C)(O)CO,-0.2581,train
gdb_122675,CCOCC1CCOC1,-0.2475,train
gdb_84861,CC1C=CCC=CC1=O,-0.2308,train
gdb_18700,CC1=CCOC2CC12,-0.227,train
gdb_61024,O=CC(O)C1CC2OC21,-0.2581,train
gdb_130858,C#Cc1cc(C=O)on1,-0.2775,train
gdb_78442,CN1C2C3NC(C3=O)C21,-0.2397,train
gdb_55973,CC(=O)CC1OCC1=O,-0.2538,train
gdb_64121,CC1(C)COC(C)(C)O1,-0.2444,train
gdb_83242,CC1=NC2C(C)C2CO1,-0.225,train
gdb_44482,O=C1CC2C3CC2C1O3,-0.2312,train
gdb_39767,C1C2C1C1CC2C12CC2,-0.2446,train
gdb_8813,CN=C(N)C(=O)OC,-0.2383,train
gdb_126330,CCc1c[nH]nc1C=O,-0.2441,train
gdb_30795,Cc1cc(C)c(CO)o1,-0.2056,train
gdb_108310,CC1OC2(CO)COC12,-0.2508,train
gdb_29105,N=c1occ(N)oc1=O,-0.2425,train
gdb_15110,C#CCCCC1CO1,-0.2599,train
gdb_65,CC(N)C#N,-0.2704,train
gdb_48036,O=CC#CCN1CCC1,-0.2318,train
gdb_30584,CCC#Cc1ccoc1,-0.213,train
gdb_58274,CC(C)C(C)NC(N)=O,-0.2429,train
gdb_127057,CCOCc1cnoc1,-0.2526,train
gdb_2912,O=CC1CCCO1,-0.2399,train
gdb_43292,N#CC1C2C=CC(=O)C12,-0.2603,train
gdb_78926,CC1C2C3C1N1C2C31C,-0.2203,train
gdb_78447,CC1C2CC1C1C(C)C21,-0.2436,train
gdb_5057,O=c1cncccn1,-0.2496,train
gdb_59030,CC(O)C1=CCN2CC12,-0.2208,train
gdb_12386,CC1NCCNC1=O,-0.2276,train
gdb_43767,O=C1CC2(C3CN3)NC12,-0.2382,train
gdb_22475,CCC#CC(CC)=NO,-0.2241,train
gdb_100930,CCC(C)C(CC)CC,-0.2907,train
gdb_26521,OC12CC1n1cncc12,-0.2208,train
gdb_90547,CC1NC2C(C=O)OC12,-0.2341,train
gdb_26576,Cc1cc[nH]c(=O)c1C,-0.2051,train
gdb_71946,OC12COC3CC(C1)C32,-0.2407,train
gdb_80440,CN1C2CC(O)(C=O)C21,-0.2347,train
gdb_19730,C1=CC2C3CC1C2O3,-0.2325,train
gdb_87532,CC1CC12C(=O)N1CC12,-0.2402,train
gdb_64068,CC1(C)OCC(=O)C1=O,-0.2337,train
gdb_84206,O=CC1=CC(O)C(=O)N1,-0.251,train
gdb_17751,OC12CC3C4C(C31)C42,-0.2273,train
gdb_99961,CC(C)(C)C(C)(O)CO,-0.2527,train
gdb_10334,CN(C)C(C=O)CO,-0.2432,train
gdb_39976,C1C2C3OC4(CC4)C1C23,-0.215,train
gdb_78557,CC1C2C3(CC3)OC12C,-0.2211,train
gdb_28166,Cc1nc2c(o1)CC=C2,-0.2021,train
gdb_104640,C#CC1(OC)CN(C)C1,-0.2131,train
gdb_45594,O=C1CN2CCOCC12,-0.2218,train
gdb_119661,COCC12CC3C1CC32,-0.252,train
gdb_10495,CC#CC1(CO)CC1,-0.236,train
gdb_132172,N=c1cc(O)[nH]cc1F,-0.2013,train
gdb_92002,CC1CC2NC2C1C=O,-0.2329,train
gdb_106061,CC12CC3N(C1)C32CO,-0.2382,train
gdb_117808,C#CC(O)(CO)CCO,-0.2606,train
gdb_75776,C#CC1(C)OC(=O)C1C,-0.2683,train
gdb_17938,CC12C3C=CC1C2O3,-0.2225,train
gdb_73651,CC12OCOC1CC2=O,-0.2348,train
gdb_81810,OC1C2CC2(O)C12CO2,-0.2465,train
gdb_68676,CC12CCCC(N1)C2=O,-0.236,train
gdb_89877,CC1CC2(C1)OC2C=O,-0.257,train
gdb_111727,N#CC12OCC1C2CO,-0.2648,train
gdb_79138,CC1C2C(O)CC3C1C32,-0.2474,train
gdb_61044,O=CC(O)C1CNC1=O,-0.2597,train
gdb_70934,OC12CC3(CCCC13)C2,-0.2517,train
gdb_127683,Cn1ncoc(=N)c1=O,-0.2443,train
gdb_94086,CC1OCC(C=O)CO1,-0.2551,train
gdb_71069,CC12CC3=CCCC1C32,-0.2179,train
gdb_2768,CC1OCC1C=O,-0.2491,train
gdb_78951,CC12C(O)C3C4C(C41)C32,-0.2314,train
gdb_47214,N#CC1C=CCCC1=O,-0.2617,train
gdb_80785,C#CC12CC(C1=O)C2O,-0.2374,train
gdb_55109,NC(=O)N1CC2(CN2)C1,-0.2388,train
gdb_12902,CC12OCC1C2C#N,-0.2556,train
gdb_59124,CC(O)C1C2CC3C1N23,-0.2385,train
gdb_43753,C#CCC12CC1C(=O)N2,-0.2486,train
gdb_9243,COC(C)C#CC#N,-0.2759,train
gdb_91394,CC1CC2OC(C1)C2=O,-0.2478,train
gdb_90005,CC1CC2(C1)OCC2=O,-0.2531,train
gdb_77312,CC1=CCC(C=O)C1C,-0.2375,train
gdb_87687,CC1OC2(CC2C)C1=O,-0.2414,train
gdb_89715,CC1CC2(CC2(C)C)O1,-0.2183,train
gdb_6772,CCCCOC(N)=O,-0.2637,train
gdb_114747,COC1CC2NC2C1O,-0.2276,train
gdb_35370,N#CC1CC2C3CN1C23,-0.2441,train
gdb_128793,COCc1c[nH]nc1O,-0.2153,train
gdb_18819,O=C1CN2C3CC1C32,-0.2347,train
gdb_104273,N#CC1NCC1(O)CO,-0.2535,train
gdb_7002,CC1OC(=O)C1(C)O,-0.2586,train
gdb_51272,N=C1CN=C(NC=O)N1,-0.2293,train
gdb_90617,CC1CC2C1C1OC21C,-0.2425,train
gdb_117718,CCCC(C)(C)OCC,-0.244,train
gdb_49531,O=CN1C2CC1C21CC1,-0.2333,train
gdb_62473,CC1(C)C(=O)NC12CC2,-0.2381,train
gdb_148,O=CN1CC1,-0.2555,train
gdb_55534,CC(=O)CC(=O)C1CO1,-0.2478,train
gdb_112681,COC1CC(=O)C(C)C1,-0.2365,train
gdb_81711,OC1C2CC1OCCO2,-0.2362,train
gdb_36179,N#CCC12OC3C1NC32,-0.2541,train
gdb_51447,O=CNC1C(=O)C2CC21,-0.244,train
gdb_86183,CC1CC(O)C(C)(C)C1,-0.259,train
gdb_71007,OC12CCC3(COC13)C2,-0.2453,train
gdb_129970,Nc1nc(C2CO2)no1,-0.2472,train
gdb_7631,CC(C)C1CC(=O)C1,-0.239,train
gdb_23053,CC1CC12CCC2=NO,-0.2258,train
gdb_4569,Cc1ccc(N)nc1,-0.2048,train
gdb_56095,CC(=N)OCC(=O)C#N,-0.2869,train
gdb_18603,OC1CC2COCC12,-0.2503,train
gdb_39696,C1CC12C1C3C1N1C3C12,-0.222,train
gdb_859,Oc1c[nH]c(O)c1,-0.1714,train
gdb_75508,CC1=CCCC2OCC12,-0.2333,train
gdb_113739,C#CC(C)C1CC1OC,-0.2393,train
gdb_69764,CC12CC3CC(C3)C1C2,-0.2458,train
gdb_35338,C#CC1CC23CC(C2)N13,-0.2161,train
gdb_10434,O=CC1(CO)CCC1,-0.2555,train
gdb_5812,CC(C)(C)C(C)(C)O,-0.2599,train
gdb_44918,N=C1OC2CC1CC2=O,-0.2481,train
gdb_79815,CC1C2C3CCC1(C)C32,-0.2464,train
gdb_37329,N1C2C3NC3C3OC3C12,-0.2351,train
gdb_60102,CC(C)CC12CC1CO2,-0.2288,train
gdb_10975,O=C1C2CC1(O)CO2,-0.2314,train
gdb_114303,N#CC1C2C(CO)CN12,-0.2566,train
gdb_81238,CC1C2CC13OCCC23,-0.237,train
gdb_50251,O=CC1CC2CC(=O)N12,-0.2472,train
gdb_71920,CC12OC3CC(C1=O)C32,-0.2284,train
gdb_128864,N#CC#Cc1cnoc1,-0.2721,train
gdb_31849,COc1ccc(N)nc1,-0.1938,train
gdb_91650,CC1CC2CC1C2(C)O,-0.2541,train
gdb_29032,Cc1cnccnc1=O,-0.2511,train
gdb_2322,CC1CN1CC=O,-0.2392,train
gdb_38685,C1=CC2CC1CC1OC21,-0.239,train
gdb_17145,C#CC12NC3C1OC32,-0.2439,train
gdb_77006,C#CCC1C(C)C1(C)C,-0.25,train
gdb_18364,CC1COC2CCC12,-0.2394,train
gdb_65966,CC1(C=O)COC12CC2,-0.2372,train
gdb_34718,N#CC1C2C3C=CC2C13,-0.2402,train
gdb_106464,CCC12CC(C1)N=CO2,-0.2457,train
gdb_8667,CNC(C)(C=O)C=O,-0.2335,train
gdb_43714,N=C1CC2(O1)C1COC12,-0.2382,train
gdb_88443,CC1NC1C1(O)CC1O,-0.2246,train
gdb_22369,CN1CC(=NO)C(O)C1,-0.2088,train
gdb_27193,Oc1ncn2c1C1CC12,-0.1956,train
gdb_46918,O=C1CNC2CC2OC1,-0.2227,train
gdb_45286,O=C1CN2CC3OCC132,-0.2391,train
gdb_40652,C1CC2C(C3CO3)N2C1,-0.2256,train
gdb_81833,N#CC1C(O)C2CC12N,-0.2432,train
gdb_76331,CC1(O)C(O)C(O)C1O,-0.2324,train
gdb_11079,OC1C2(O)CCC12O,-0.2272,train
gdb_39972,C1C2C3CC4(CC4)C1C23,-0.2465,train
gdb_108291,N=C1OC2(CO)CCC12,-0.2607,train
gdb_29013,Nc1cncnc1C=O,-0.2326,train
gdb_81312,N=C1OCC2OC1C2O,-0.2607,train
gdb_108212,OCC12CCC(CO1)C2,-0.2437,train
gdb_88757,CC1NC1C1OC2CC21,-0.2321,train
gdb_62560,CC1(O)C2(C)CCC12O,-0.2258,train
gdb_78446,O=C1C2OC1C1C(O)C21,-0.25,train
gdb_26847,Cc1ccc(=O)[nH]c1C,-0.2038,train
gdb_21221,CNc1noc(C)n1,-0.2234,train
gdb_103383,CC1(CO)C(=O)N2CC21,-0.2505,train
gdb_22656,O=CC1CC(=NO)CN1,-0.232,train
gdb_79028,CC1C2C3C4OC4C2N13,-0.2253,train
gdb_89420,CC12CC(O)C=CC1N2,-0.222,train
gdb_40909,C1OCC2C1C21COC1,-0.2418,train
gdb_73181,N#CC1OC2CCC12N,-0.2558,train
gdb_40256,C1OCC2(CO2)C2CC12,-0.2453,train
gdb_125199,Cc1[nH]cc2nn[nH]c12,-0.1911,train
gdb_60825,CC(C=O)C(O)C1CN1,-0.243,train
gdb_124960,Cc1[nH]nc(O)c1C=O,-0.2349,train
gdb_48913,O=CC12OC3C1C=CC32,-0.2357,train
gdb_42553,N#CC1C2C(=O)N3C1C23,-0.2731,train
gdb_62729,CC1(C)C2CC(=O)C21C,-0.2334,train
gdb_464,CC1C=CCO1,-0.2302,train
gdb_110078,C#CC1C(C=O)N1CC,-0.2416,train
gdb_51663,O=CCC1CC2CCC12,-0.2461,train
gdb_98618,CCC(=O)C1C2CCN21,-0.2369,train
gdb_66328,CC1(C#N)C=CCCN1,-0.2463,train
gdb_98151,C#CC(C#C)C(=O)CO,-0.2656,train
gdb_24851,N=c1ccncc(=O)[nH]1,-0.261,train
gdb_98727,C#CC1NC1C(=O)CO,-0.2602,train
gdb_21782,O=Cc1cncnn1,-0.2558,train
gdb_66985,CC12C(=O)C3CC1C2C3,-0.2289,train
gdb_105287,N#CC1(CN)CN1C=O,-0.2633,train
gdb_56739,N#CC(O)C1(C=O)CO1,-0.2829,train
gdb_61563,CN(CC1CC1)C(N)=O,-0.2278,train
gdb_106403,CC1(O)C2CC1(CO)O2,-0.2521,train
gdb_7058,C#CCC(C)CC#C,-0.2589,train
gdb_75915,CC1C(=O)OCC12CN2,-0.2569,train
gdb_51486,N=COC1C=CC2OC12,-0.2555,train
gdb_8922,C#CC(C)C(C)OC,-0.251,train
gdb_45075,N#CC1C(=O)CN2CC12,-0.2545,train
gdb_57994,C#CCNC(=O)N(C)C,-0.2328,train
gdb_46177,N#CC1(C#N)NCC1=O,-0.299,train
gdb_63233,CC1(C)N=COC2CC21,-0.2426,train
gdb_74237,C#CC1N=C(C)NC1=O,-0.2456,train
gdb_126209,CCc1cnoc1CC,-0.2407,train
gdb_15958,C#CC1OCC12CO2,-0.2596,train
gdb_1160,CC(O)(C#N)C#N,-0.3385,train
gdb_60648,CC(=O)N(C)C1CCC1,-0.2296,train
gdb_106044,CCC12C(O)C3CC1C32,-0.2473,train
gdb_47395,N=C1OCCC12COC2,-0.2497,train
gdb_60206,CC(O)CC1OC1C=O,-0.2591,train
gdb_9771,CCC1(C)OCCO1,-0.2473,train
gdb_99547,C#CC(NC)C(N)C#N,-0.2432,train
gdb_57206,CC(C(N)=O)C1(C)CC1,-0.238,train
gdb_19946,O=C1CCC1C1CC1,-0.2332,train
gdb_61391,CC(C)(O)CC(N)C#N,-0.2474,train
gdb_120165,CCOC1C2CC1(O)C2,-0.2493,train
gdb_107922,CCC12OC3C(O)C1C32,-0.2248,train
gdb_78278,CN1C2C1C1(C)C2N1C,-0.1843,train
gdb_8849,COC(=N)N(C)C=O,-0.2565,train
gdb_95752,CC1(O)COCC(O)C1,-0.2462,train
gdb_68948,CC12NC1(C=O)C1OC12,-0.253,train
gdb_72970,CC12NCC1C2(N)C#N,-0.2386,train
gdb_82012,N#CC1(N)C(N)C2CC21,-0.2416,train
gdb_21202,CNc1nnn(C)n1,-0.217,train
gdb_73403,CC12OCC3C1COC32,-0.2175,train
gdb_95176,CC1CCC2NC2C1=O,-0.2325,train
gdb_92415,CC1CC2OCC12C=O,-0.2513,train
gdb_25177,N#Cc1cnc[nH]c1=O,-0.2669,train
gdb_58911,CC(O)C12CC3C(C1)N32,-0.2438,train
gdb_50322,O=CN1C=CC2NC2C1,-0.2142,train
gdb_116458,CN1CCOCC1CO,-0.2327,train
gdb_79224,C#CC12CC3C(C1O)N32,-0.2504,train
gdb_80009,CC1C2C=CC1C1OC21,-0.2328,train
gdb_16617,NC1=NC2CC2C1=O,-0.2286,train
gdb_112750,COC1CC(C)C12CN2,-0.2388,train
gdb_116420,O=C1NCCCC1CO,-0.2448,train
gdb_108191,OCC12C=CC(OC1)O2,-0.2507,train
gdb_100236,C#CCC(O)(C#C)CO,-0.252,train
gdb_49993,O=CC1CC12CN1CC12,-0.2397,train
gdb_109859,CC1C(CO)C2(C)CN12,-0.2234,train
gdb_11016,CC12COC(=O)C1O2,-0.2621,train
gdb_90350,CC1OC2=NCCCC21,-0.2379,train
gdb_30169,CC1Cc2ncoc2N1,-0.1906,train
gdb_99208,CC(=O)COC(=O)CO,-0.2623,train
gdb_111062,COC12CC(C1)C2CO,-0.2516,train
gdb_116685,COC=NC1(C#N)CC1,-0.2483,train
gdb_84614,C#CC12OC1C=CC2O,-0.2495,train
gdb_59833,CC(C)CC#CC1CN1,-0.2281,train
gdb_43278,O=C1C=CC23CC(O2)C13,-0.2405,train
gdb_52193,C#CC1CC1CCC=O,-0.2453,train
gdb_5770,c1ncc(C2CN2)o1,-0.2319,train
gdb_100969,CCC(C)C1(O)CC1C,-0.2482,train
gdb_90778,CC12CC3C(O)CC1C32,-0.2452,train
gdb_55243,NC(=O)C1CNC(=O)O1,-0.2581,train
gdb_66678,CC12C3C4N1C4(C=O)C32,-0.2272,train
gdb_130273,C#Cc1c(N)noc1N,-0.2072,train
gdb_115550,C#CC1(O)CCC1OC,-0.2384,train
gdb_104164,CC1COC(C)(CO)C1,-0.245,train
gdb_26408,CC(C)Nc1c[nH]cn1,-0.1761,train
gdb_95774,CC1=CCC(C)CCC1,-0.2224,train
gdb_43096,O=C1C2CC3OC2CC13,-0.2372,train
gdb_118722,CCOC1(C)C2CCC21,-0.2367,train
gdb_10864,CC1COC(C)OC1,-0.2539,train
gdb_58292,CC(=O)CC(O)C(C)O,-0.2433,train
gdb_54623,NC(=O)C1=CC(=O)NC1,-0.2523,train
gdb_111949,COC1C=CC(=O)C1C,-0.2376,train
gdb_106730,CCC12CC1(C)N=CO2,-0.2392,train
gdb_67686,OC12C3=NCC1C2CO3,-0.2431,train
gdb_82963,OC1C2NC3CC3OC12,-0.2136,train
gdb_119617,COCC12COCC1C2,-0.2487,train
gdb_32304,COc1cccoc1=O,-0.217,train
gdb_4974,Cc1nccnc1N,-0.2189,train
gdb_80725,N#CCC1CC2C(O)C12,-0.2645,train
gdb_32138,COc1ccnc(C)n1,-0.2475,train
gdb_53501,CC#CCC(C)C(C)C,-0.2392,train
gdb_122131,CCC(CCOC)OC,-0.2449,train
gdb_47478,C#CCC1OCOC1=O,-0.2712,train
gdb_123092,CCCCCOC(C)=O,-0.2644,train
gdb_89465,CC1CC2(O)CCC12C,-0.241,train
gdb_66141,O=CC1(O)CCN2CC21,-0.2399,train
gdb_126628,CCCn1nc[nH]c1=O,-0.2175,train
gdb_43367,O=C1C=CCC12CCO2,-0.2257,train
gdb_91262,CC1CC2CC(=N)OC12,-0.252,train
gdb_116794,CC#CCOC=NCC,-0.2423,train
gdb_82000,CC1C2OC2C1(C)C#N,-0.2753,train
gdb_66170,CC1(COC=O)CCC1,-0.2767,train
gdb_95117,N#CC12CN1CCC2O,-0.2592,train
gdb_97575,CC(C)C(C)C#CCO,-0.2407,train
gdb_119917,COCC1N(C)C1(C)C,-0.2134,train
gdb_48580,O=CC12CC(C1)C(=O)N2,-0.2532,train
gdb_109481,CCN1C(=N)CNC1=O,-0.2399,train
gdb_5376,CN=c1cncco1,-0.2257,train
gdb_80469,O=C1C(O)CC2C(O)C12,-0.2428,train
gdb_52175,N=COCC1CC(=O)O1,-0.2701,train
gdb_37124,C1OC23CC2(O1)C1NC13,-0.2039,train
gdb_58943,CC(O)C12OC3CC1C32,-0.2372,train
gdb_100475,CCC(O)C#CC1CN1,-0.2381,train
gdb_12024,CC1(O)CC1C1CC1,-0.2446,train
gdb_102608,CCC(CC(C)=O)OC,-0.2423,train
gdb_119127,COCC1(C(C)=O)CN1,-0.2368,train
gdb_35574,N#CC1CC2CCOC12,-0.2618,train
gdb_42998,C#CC1OC2CC2C1=O,-0.2448,train
gdb_25556,N=COCc1ccc[nH]1,-0.2131,train
gdb_61319,CC(C#N)CC#CC#N,-0.301,train
gdb_49416,O=CC1C2C=CC3C2N13,-0.2351,train
gdb_132629,Nc1cnc(F)c(O)c1,-0.2089,train
gdb_73549,OC12COCC13CC2N3,-0.2322,train
gdb_94049,C#CCC1COC(C)O1,-0.2583,train
gdb_49380,N#CC1CC(=O)N1C=O,-0.2793,train
gdb_97632,COC(C#N)C#CCO,-0.2813,train
gdb_118751,CCCC1(C)CC(C)C1,-0.2723,train
gdb_96817,C#CC1NC(=NC)C1O,-0.2312,train
gdb_128753,COC=Nc1ncno1,-0.2542,train
gdb_96031,C#CCC1OCOC1C,-0.2496,train
gdb_126823,CCn1ncnc1CO,-0.2559,train
gdb_62772,CC1(O)C2OC(=O)OC21,-0.2697,train
gdb_4971,Cc1ncccc1N,-0.2077,train
gdb_34642,N#CC1=CCOC2CC12,-0.2589,train
gdb_38259,C1CC23CC(C2)C3CO1,-0.243,train
gdb_100977,CCC(O)C1(O)CC1O,-0.2525,train
gdb_26654,Cc1[nH]c(O)c(C)c1C,-0.1669,train
gdb_114532,CCC1CC2CC(C2)O1,-0.2337,train
gdb_39928,C1=CC2(CO2)C2CCC12,-0.241,train
gdb_1017,C#Cc1cc[nH]c1,-0.2054,train
gdb_16708,CC1CC2OC1C2=O,-0.2487,train
gdb_121268,COCC1CCC2CN12,-0.2226,train
gdb_38006,C1=C2CC3C4CC1N4C23,-0.2141,train
gdb_32313,O=c1[nH]cccc1CO,-0.2103,train
gdb_23420,ON=C1CNC2CNC12,-0.2186,train
gdb_60765,CN(C=N)C(=O)NC=O,-0.2592,train
gdb_75526,CC1=CCCOC(=O)C1,-0.2384,train
gdb_15942,CCC12COC1CO2,-0.2438,train
gdb_97644,CCC#CC(CC)CO,-0.2422,train
gdb_66837,CC12C3OC4C3C1(O)C42,-0.2376,train
gdb_37619,C1=CC2C3CC1C1C2N31,-0.2307,train
gdb_5220,CCCc1ccc[nH]1,-0.1933,train
gdb_83941,O=C1C2CCCC1C2O,-0.2336,train
gdb_53809,CC(=O)C(=O)C1COC1,-0.2474,train
gdb_6233,CN1C(C)(C)C1(C)C,-0.2103,train
gdb_57957,CC(C)C(=O)NC1CC1,-0.2362,train
gdb_19395,CC1C2CC2C12CC2,-0.2407,train
gdb_75689,O=CC12OC1C(=O)C2O,-0.2545,train
gdb_30756,COc1[nH]cc(O)c1O,-0.178,train
gdb_118474,CCOC(CO)C(C)C,-0.2469,train
gdb_123362,C#CCN=c1[nH]cn[nH]1,-0.1998,train
gdb_40216,C1=NCCC2(CO1)CO2,-0.2459,train
gdb_45841,N=C1NC=CCC(=O)N1,-0.2209,train
gdb_39947,C1=CC2(CC2)N=COC1,-0.2243,train
gdb_117926,COCC(O)C(=O)C=O,-0.2561,train
gdb_74471,CC1=CC2(CC2)C2CC12,-0.2064,train
gdb_54468,NC(=O)C12NC1C1CC12,-0.2135,train
gdb_37414,C1C2OC3C1C1NC1C23,-0.2348,train
gdb_80723,CN1C2CC(CC#N)C21,-0.2448,train
gdb_23606,ON=C1CNC1C1CC1,-0.2287,train
gdb_13377,CCOC1=NCCN1,-0.2124,train
gdb_74041,CC1=C2CCCC2CC1,-0.2129,train
gdb_53649,CC#CCCC(N)C#N,-0.2526,train
gdb_77036,CC1C(CC#N)N1C=O,-0.2611,train
gdb_63961,CC1(C)C=C2COC2C1,-0.236,train
gdb_115755,COC1CNC1CC#N,-0.2366,train
gdb_30492,CN=c1nc(C)cco1,-0.222,train
gdb_96088,OC1COCC2(O)CC12,-0.2439,train
gdb_118246,COCC(C)CC1CC1,-0.2503,train
gdb_114852,OCC1OC2COC1C2,-0.2473,train
gdb_26981,C#CCc1ccoc1N,-0.1822,train
gdb_93182,CC1CNC(=O)C(=N)N1,-0.231,train
gdb_69195,CC12CC1C(=O)C2C=O,-0.2455,train
gdb_52127,N=COCC1=NCCO1,-0.2569,val
gdb_26059,N#CC(O)c1ncc[nH]1,-0.2499,val
gdb_47432,O=C1CCNC1C1CO1,-0.224,val
gdb_43635,O=C1CN(C2COC2)C1,-0.2402,val
gdb_73418,CC12OCC3C4C(C31)C42,-0.2325,val
gdb_43490,N=C1OC(=O)N2CCC12,-0.2692,val
gdb_46777,N=C1CC2CC(CO1)C2,-0.2568,val
gdb_128549,COc1cnoc1C=O,-0.2528,val
gdb_65662,CC1(CC=O)C2CC1O2,-0.2475,val
gdb_78021,CC12CCC(O)C1C2O,-0.2387,val
gdb_45194,N=C1OC2CC3CC12O3,-0.2636,val
gdb_34492,C#CC1=CC2(CC2)OC1,-0.2119,val
gdb_42428,C#CC(=O)OC1COC1,-0.259,val
gdb_51666,O=CCC1NC2COC12,-0.2352,val
gdb_84557,OC1C=CC2C3CC12O3,-0.2345,val
gdb_131595,O=C(CO)c1nnon1,-0.2863,val
gdb_87554,CC1C2CC2C12CC2O,-0.2373,val
gdb_18229,O=CC1COC2CC12,-0.2386,val
gdb_58233,CC(O)C(C)C1(C)CC1,-0.2539,val
gdb_126343,CCc1conc1OC,-0.2466,val
gdb_65027,CC1(C2(O)CCC2)CC1,-0.2446,val
gdb_87758,CN1CC12CC(C=O)C2,-0.2357,val
gdb_109901,OCC1C(O)C2CCC12,-0.2391,val
gdb_104335,CC1(CO)CC=CCO1,-0.2473,val
gdb_55118,CC(=O)C1NC2CC21O,-0.2174,val
gdb_66116,N#CC1(N)CCN2CC21,-0.2467,val
gdb_42324,N#CC(=O)C1OCCO1,-0.2772,val
gdb_100390,CCC(C)(C=O)NC=O,-0.2452,val
gdb_51253,O=CCC1=CC2CC1O2,-0.2347,val
gdb_119972,CCCC1C(C)C1CC,-0.2559,val
gdb_107512,C#CC1OC2CC12CC,-0.2348,val
gdb_113185,CC(C)C1(C)CC1CO,-0.2558,val
gdb_62141,CC(CC#N)COC=O,-0.2909,val
gdb_34035,N#CC12CC1CCCN2,-0.2293,val
gdb_14003,N#CC1CC12COC2,-0.2611,val
gdb_21815,O=Cn1cn[nH]c1=O,-0.2555,val
gdb_113479,OCC1NC12CC1NC12,-0.2337,val
gdb_26874,Cc1[nH]c(=O)ccc1O,-0.1938,val
gdb_49113,O=CC1=C2CCC2OC1,-0.2453,val
gdb_124567,CC(C)Cc1ncno1,-0.2823,val
gdb_100365,CC(C#N)(CO)NC=O,-0.2717,val
gdb_49378,C#CC1OC(=O)C1C=O,-0.2796,val
gdb_39275,C1CC23CC1OCC2N3,-0.2337,val
gdb_27511,N=c1[nH]c(N)nc(=O)o1,-0.2616,val
gdb_87919,CC1CC12COC(=N)O2,-0.2461,val
gdb_125453,Cc1nc(NC=O)no1,-0.2596,val
gdb_55697,CC1(OC(N)=O)COC1,-0.2492,val
gdb_14242,OC1CC2C(O)CC12,-0.2427,val
gdb_6433,CC1(C=O)CC(=O)O1,-0.274,val
gdb_36151,N#CCC12CCCN1C2,-0.2469,val
gdb_71231,CC12CC3C(CO1)CC32,-0.2347,val
gdb_96456,CC1OCCCN2CC12,-0.2223,val
gdb_73872,CC1=C(C)COCCC1,-0.2206,val
gdb_79762,CC1C2C3OC4C1C4C32,-0.2174,val
gdb_14828,CN=C1OCC1C#N,-0.2731,val
gdb_1174,C#CC(C)(C)CC,-0.2571,val
gdb_8549,OC12CC3CC(C1)C32,-0.2418,val
gdb_131462,O=COc1nonc1O,-0.2868,val
gdb_28223,Cc1nc2c(o1)OCC2,-0.1939,val
gdb_57357,CC(C)(O)C1(C)COC1,-0.2341,val
gdb_80490,CC1CC2C(C)C12C#N,-0.2633,val
gdb_89576,OC1CC2(C=CCC2)C1,-0.233,val
gdb_35968,N#CC1CCCCCC1,-0.3079,val
gdb_4769,Cc1coc(CO)c1,-0.2147,val
gdb_122230,COCCC1(CO)CO1,-0.2561,val
gdb_4659,C#Cc1c[nH]c(O)n1,-0.2052,val
gdb_12501,CC1=CC=CC=CC1,-0.207,val
gdb_38697,C1C2OC3CN1CC3O2,-0.2092,val
gdb_99820,CCC(O)(C#N)C(C)=O,-0.2667,val
gdb_9944,C#CC1(O)C(O)C1O,-0.2326,val
gdb_105605,COC1(C=O)CNC1=O,-0.2387,val
gdb_16947,CC1=CC2CCC1O2,-0.232,val
gdb_109977,CCC1C(O)CC1C#N,-0.2748,val
gdb_19338,N#CC12OC1C1CC12,-0.2587,val
gdb_112990,C[NH2+]C1C[C-](C=O)C1=O,-0.1748,val
gdb_56423,CC(C#N)C#CCC=O,-0.2628,val
gdb_91915,CC1CC(O)C2CC2C1,-0.2555,val
gdb_24652,c1cc(N2CC2)ncn1,-0.2392,val
gdb_49647,O=CC1C2CC3CN2C31,-0.2364,val
gdb_106627,COC12CCC(C1)C2C,-0.24,val
gdb_104652,COC1(C=O)CC(O)C1,-0.2469,val
gdb_117372,CCOC(=N)CN1CC1,-0.2467,val
gdb_13566,CC1OC1C(O)C=O,-0.2715,val
gdb_129679,Nc1oncc1NC=O,-0.2312,val
gdb_62775,C#CC1CC2N1C2(C)C,-0.2272,val
gdb_49099,N#CC1=C(C=O)CCC1,-0.2687,val
gdb_79475,C#CC12C(C)C3C1CC32,-0.2499,val
gdb_70554,CC12CC1OCC(=N)O2,-0.245,val
gdb_123115,COCCCOC(C)=N,-0.2531,val
gdb_112589,CCN1CC(N)(C#N)C1,-0.2253,val
gdb_126812,CCn1nccc1NC,-0.1946,val
gdb_119843,CCNC1=NCC2OC12,-0.2192,val
gdb_114362,CCC1OC2C(O)CC12,-0.2439,val
gdb_101219,COC(C)C1CC(=O)N1,-0.2465,val
gdb_127533,Cn1nc(C=O)oc1=O,-0.2602,val
gdb_109760,CC(C)C1C(CO)N1C,-0.2136,val
gdb_110035,CNC1C(=O)OCC1O,-0.25,val
gdb_63807,CC1(C)CC2C3CC2C31,-0.286,val
gdb_31140,CNc1c(C)c[nH]c1C,-0.1805,val
gdb_76269,CC1C(=O)CC(=O)C1C,-0.2396,val
gdb_90605,CN1CC2C(=O)C(O)C21,-0.2229,val
gdb_2222,CC1C2COC12C,-0.2277,val
gdb_84634,OC1C=CC2C=CC1O2,-0.2337,val
gdb_87826,CC1CC12OC1CC12C,-0.221,val
gdb_56324,CC(=O)NCCOC=O,-0.2575,val
gdb_128669,COc1nnc(OC)o1,-0.2305,val
gdb_38761,C1CC2OC3CC1CC23,-0.2368,val
gdb_72486,CC12CCCC(CC1)O2,-0.237,val
gdb_108108,COC12CC3OC1C2O3,-0.2296,val
gdb_120753,CCCC1CN1C1CC1,-0.208,val
gdb_3362,CC1C2C=CCC12,-0.2226,val
gdb_22156,CC(CC#CCO)=NO,-0.2482,val
gdb_86212,CC1CC(O)C=CC1O,-0.2543,val
gdb_34738,N#CC1C2=CCC3C2N13,-0.2341,val
gdb_42159,C#CC(=O)C(=O)C1CN1,-0.2614,val
gdb_37774,C1=CC2OC3C(C=C1)C23,-0.2067,val
gdb_50676,C#CC1OCCC1C=O,-0.2524,val
gdb_2607,C#CC#CCC#N,-0.2648,val
gdb_50247,O=CN1CC2C=CCC21,-0.2399,val
gdb_24301,c1cc2n(c1)CC1OC21,-0.2036,val
gdb_9431,COC(C)CCCO,-0.2484,val
gdb_130308,Nc1noc2nncn12,-0.2498,val
gdb_116850,CCCC#CC(=O)NC,-0.2471,val
gdb_97021,CN=C1NC=NC1(C)C,-0.2252,val
gdb_67522,CC12C(=N)OC1C1CC12,-0.2555,val
gdb_57243,C#CC(=O)C(C)(O)C#C,-0.2584,val
gdb_47770,C#CC1CCNCC1=O,-0.2168,val
gdb_129525,NC(=O)Nc1ncon1,-0.2565,val
gdb_128563,C#Cc1cc(OC)[nH]n1,-0.2196,val
gdb_70588,OC12CC1COC1CC12,-0.2341,val
gdb_89533,CC1CC2(C1)C1CC2O1,-0.2298,val
gdb_25998,CC(=N)Oc1cocn1,-0.2295,val
gdb_131081,O=COCc1cnoc1,-0.2736,val
gdb_85386,CC1CC(=O)NC(=O)N1,-0.2577,val
gdb_28886,Cc1cccc(N)c1O,-0.1864,val
gdb_132603,Nc1cc(F)ncc1F,-0.2352,val
gdb_114449,CCC1OC2C3OC2C13,-0.235,val
gdb_87365,CC1CC12C(=N)OC2C,-0.251,val
gdb_76479,CC1C(O)C12CC(=O)O2,-0.2666,val
gdb_132260,C#Cc1nccc(F)n1,-0.2679,val
gdb_62803,CC1(C)C2OC(C=O)C21,-0.2444,val
gdb_25508,O=CNc1cncnc1,-0.2527,val
gdb_39741,C1N=C2N3C1C3C21CO1,-0.2523,val
gdb_48017,O=CC#CC1NCC1=O,-0.2623,val
gdb_17007,C1CC23CCC2(C1)O3,-0.2398,val
gdb_103233,CCC1(C)C2C3CC3N21,-0.2126,val
gdb_60796,CC(C)(C=O)C(O)C=O,-0.2507,val
gdb_42126,C1#CCOCOCCC1,-0.2346,val
gdb_74913,CC1=CC2OC3(C)C1C23,-0.2168,val
gdb_809,CCC(CO)=NO,-0.2503,val
gdb_35442,C#CC12OC1CC2C#N,-0.267,val
gdb_74803,CC1=CC2NC2(C)C1=O,-0.2297,val
gdb_17610,CC(C)C(=O)C1CN1,-0.2527,val
gdb_74346,Cc1c[c-](C#N)oc1=[NH2+],-0.2052,val
gdb_53560,CC#CCC1C(C)C1O,-0.2452,val
gdb_87013,C#CC1(C(C)=O)CC1O,-0.2364,val
gdb_29232,O=c1nc(O)c(O)c[nH]1,-0.2165,val
gdb_59008,CC(C)C1=NCC(=N)N1,-0.2258,val
gdb_20795,CCc1nnoc1C,-0.2555,val
gdb_16425,OC1COC2CC1C2,-0.2374,val
gdb_1910,O=C1CC2(O)CC12,-0.2383,val
gdb_67174,CC12C3OC1C2OC3=O,-0.2509,val
gdb_79137,CC1CC2C3C(C)C1C23,-0.248,val
gdb_79953,CN1C2C=CC(C#N)C21,-0.2413,val
gdb_25730,Cc1ncoc1C(N)=O,-0.2492,val
gdb_118397,COCC(C=O)CC#N,-0.264,val
gdb_128766,COCc1cnoc1C,-0.2482,val
gdb_6071,CC(=O)NCC(N)=O,-0.2382,val
gdb_74192,CC1=CC(=O)CC=CC1,-0.2272,val
gdb_9481,C#CC1(C)CCC1C,-0.2505,val
gdb_89176,CC1(O)C2C(O)CC21C,-0.2412,val
gdb_93863,CC1OCC(O)C12CC2,-0.2401,val
gdb_115898,CCC1COC2CN1C2,-0.21,val
gdb_581,O=CCC1CO1,-0.2535,val
gdb_61377,C#CC(C)OC(=O)C=O,-0.2673,val
gdb_7556,COCC1(C)OC1C,-0.2533,val
gdb_129357,N=COCc1cnoc1,-0.2683,val
gdb_19282,CC1C(CO)N2CC12,-0.2385,val
gdb_75132,C#CC1CN=C(N)C1=O,-0.24,val
gdb_133543,C#CC1(C(F)(F)F)CN1,-0.2679,val
gdb_98540,CCC(=O)C12CCC1O2,-0.2485,val
gdb_50717,O=CN1CC=CCCC1,-0.2383,val
gdb_105898,CCC12C(C)C3C1OC32,-0.2267,val
gdb_102269,N#CC(CN)NC(N)=O,-0.2587,val
gdb_25669,CC#Cc1nccn1C,-0.2059,val
gdb_39766,C1C2C1C1CC2C12CO2,-0.2551,val
gdb_86648,CC1CN(C=O)C(=N)O1,-0.2516,val
gdb_20198,C1=CC2C3CC=C1C23,-0.1902,val
gdb_62616,CC1(C)C2C3CC1(C)N32,-0.2359,val
gdb_9418,CCC(O)CCOC,-0.2484,val
gdb_113614,CCC1OC1C#CC=O,-0.2716,val
gdb_45305,O=C1CC2C=CCC2O1,-0.2526,val
gdb_77453,CC1C2(C)OC(=N)C12O,-0.2526,val
gdb_82569,CC1C2N1CC21CCO1,-0.2274,val
gdb_113277,CCC1CC1(C#N)C=O,-0.2759,val
gdb_99378,CNC(=O)CCNC=O,-0.2462,val
gdb_104933,COC1(C=O)CC1(C)O,-0.2364,val
gdb_3302,N#CC1CC2CC12,-0.2823,val
gdb_48895,O=CC12CC3NC1C3N2,-0.242,val
gdb_101781,CCC(C)COC(N)=O,-0.2642,val
gdb_118871,CCCC1(C)CC2NC21,-0.2242,val
gdb_92245,CC1CN2CC3OCC132,-0.2171,val
gdb_71925,O=C1N2CC3CC1(O)C32,-0.2366,val
gdb_37939,C1=CC2CC3C(OC1)C23,-0.2381,val
gdb_124060,C1=Nc2nnoc2CO1,-0.238,val
gdb_103122,CC1C(C=O)C1(O)CO,-0.2336,val
gdb_43197,O=C1C2COC2C12CO2,-0.2495,val
gdb_109632,COC1C(C)C1(N)C#N,-0.2423,val
gdb_133279,CN=c1cnc(F)n[nH]1,-0.2263,val
gdb_12889,CC1C2OCOC12C,-0.2402,val
gdb_21342,N#CCn1cccn1,-0.259,val
gdb_67161,CC12C3CC1C2OC3=N,-0.2416,val
gdb_101591,CNC(=O)CC(C)CO,-0.2462,val
gdb_15461,C#CC1=CCOC1=O,-0.2613,val
gdb_104563,C#CC1(CO)CC(=O)O1,-0.2782,val
gdb_131785,OCCc1cnnnn1,-0.2572,val
gdb_91189,CC1C=C2CC=CC2O1,-0.2311,val
gdb_109404,CC12NC1C(=O)C2CO,-0.2397,val
gdb_116377,OCC1CN=COCO1,-0.2492,val
gdb_79341,CC1C2CC3(O)C(O2)C13,-0.219,val
gdb_40895,C1=CC2C(C1)C21COC1,-0.23,val
gdb_76207,CC1(C)OC(C)(C)C1O,-0.2439,val
gdb_60228,CC(C)CC1CNC1=O,-0.2442,val
gdb_115977,COC1CCN=C(C)O1,-0.2444,val
gdb_82177,CC1C2NC2C2(C)CN12,-0.2167,val
gdb_80159,CC1C2OC(=N)C(=O)C12,-0.2538,val
gdb_98398,O=CN(C=O)C(=O)CO,-0.265,val
gdb_59630,CC1=CC(C(C)C)CC1,-0.224,val
gdb_78361,CN1C2C(O)C3(CC3)C21,-0.2243,val
gdb_92704,CC1=CCC(C)C1(C)O,-0.2304,val
gdb_133620,CC(C)(C)CC(F)(F)F,-0.3236,val
gdb_46858,N=C1OCC2CN2C1=O,-0.2612,val
gdb_120611,CCOC1CC1(C)C=O,-0.2398,val
gdb_54737,NC(=O)N1C2C3NC3C21,-0.2157,val
gdb_81001,CC12CC(O)C(O1)C2O,-0.2497,val
gdb_54454,CC(=O)C12CC1N1CC12,-0.2305,val
gdb_58096,CC(=O)C(C)(O)C(C)O,-0.2395,val
gdb_118171,CC#CCC(C)OCC,-0.2367,val
gdb_91900,CC1=CC(O)CC2OC12,-0.2392,val
gdb_33865,N#CC12CC3CC3C1N2,-0.2589,val
gdb_118324,CCCN(C=O)C(C)=N,-0.2496,val
gdb_38103,C1=CC2NC2C2CC1O2,-0.2362,val
gdb_63908,CC1(C)C=CC2CN2C1,-0.2146,val
gdb_51351,O=CCN1C2C3OC2C31,-0.243,val
gdb_19866,C1CC2C3NC3C2O1,-0.2197,val
gdb_76120,C#CC1C(C)C2(C)NC12,-0.2253,val
gdb_11504,CC(C#N)CC1CN1,-0.257,val
gdb_90489,OC1CC2C1C2C1CC1,-0.2518,val
gdb_45848,O=C1CN=CNC(=O)C1,-0.2512,val
gdb_98045,CCC(=O)C#CCC=O,-0.2619,val
gdb_20931,CCNc1ccn[nH]1,-0.197,val
gdb_12480,N=C1OCCOCO1,-0.2567,val
gdb_100772,CC(CO)C(C)C1CC1,-0.258,val
gdb_131186,Oc1nnoc1C1CC1,-0.2281,val
gdb_101312,COC(C)C1OC1C=O,-0.2528,val
gdb_3519,C1CC(C2CO2)O1,-0.2473,val
gdb_55626,C#CC(C#C)OC(N)=O,-0.2702,val
gdb_37002,N1=C2C3C4C1C4C1C3N21,-0.211,val
gdb_47144,O=C1NCC=C1C1CN1,-0.2286,val
gdb_7966,CC1=C(C)CC(C)C1,-0.2145,val
gdb_5516,Cc1cc[nH]c1CO,-0.1912,val
gdb_89116,CC1OC1CCNC=O,-0.2514,val
gdb_40195,C1OC2C1OCC21CC1,-0.2474,val
gdb_64605,CC1(C=O)N=CNC1=O,-0.2552,val
gdb_66232,N#CCNCC1(O)CC1,-0.2451,val
gdb_37553,C1=C2C3C4CC3C24CC1,-0.2149,val
gdb_52338,N#CCN=CNCC=O,-0.2429,val
gdb_67436,CC12C3=CCC1OC2C3,-0.2199,val
gdb_14205,CC12C3CC1(O)C2O3,-0.2158,val
gdb_93824,CC1CC(C)C(C)CO1,-0.2417,val
gdb_58741,CC(O)C12CC(C)(C1)C2,-0.2553,val
gdb_51125,O=CNC12CC1C1NC12,-0.2133,val
gdb_42515,N#CC1OC2(CC2)C1=O,-0.2763,val
gdb_109956,COC1C(O)CC12CO2,-0.2561,val
gdb_36479,N#CCC1OCC1C#N,-0.2901,val
gdb_76173,CC1C(C)(C)C1(O)C#N,-0.2672,val
gdb_66147,CC1(CCC2CC2)CO1,-0.2585,val
gdb_97774,CCC#CC1CC1(C)O,-0.2266,val
gdb_4863,COc1ncc(N)[nH]1,-0.186,val
gdb_30531,Cc1coc(N=CN)c1,-0.1799,val
gdb_131205,Oc1[nH]nc2c1OCC2,-0.194,val
gdb_51501,O=CCC1C=CCC1=O,-0.2491,val
gdb_72504,CC12C=CC(CC1)C2=O,-0.2344,val
gdb_123492,c1nc(CN2CC2)no1,-0.2434,val
gdb_75711,CC12CCN1C(=N)C2O,-0.2271,val
gdb_105843,CN1C2CC(=O)C21CO,-0.2327,val
gdb_76511,OC1C(O)C12CC1NC12,-0.2241,val
gdb_29543,CC1=CCc2nccn21,-0.2099,val
gdb_23196,O=CC12NC1CC2=NO,-0.2445,val
gdb_113919,CC(C)CC1NC1CO,-0.2455,val
gdb_35326,C#CC1CC2(CCC2)O1,-0.2473,val
gdb_16600,N=C1C(=O)CC2CN12,-0.2465,val
gdb_29510,Cc1c[nH]c2c1OCC2,-0.1737,val
gdb_24362,C1=Cc2occc2CC1,-0.1899,val
gdb_79245,CC1C2C3OC1(C)C32O,-0.225,val
gdb_90521,CC1CC2C(C#N)CC12,-0.2852,val
gdb_11143,N#CC1C=CC(=O)C1,-0.2618,val
gdb_17248,OCC12CC3CN1C32,-0.2424,val
gdb_85979,CC1CC(O)(C2CC2)C1,-0.2463,val
gdb_17421,CC12CN3C(C1=O)C32,-0.2328,val
gdb_83196,O=C1COC2C(O)C2N1,-0.233,val
gdb_58135,CC(C)C(O)(C#N)C=O,-0.2757,val
gdb_23680,Oc1nccc(F)n1,-0.2647,val
gdb_104820,CCC1(CO)CCC1=O,-0.2429,val
gdb_103528,CCC1(C)N=CNC1=N,-0.2307,val
gdb_10491,C#CCC1(CO)CO1,-0.2589,val
gdb_57184,CC(=O)C(O)C(C)(C)O,-0.2607,val
gdb_3499,N#CC1C2CC1O2,-0.2667,val
gdb_7133,N=COC(=O)CCO,-0.2769,val
gdb_101611,CCC(C)CC(C)(C)C,-0.291,val
gdb_33360,C#CC#CC1COCO1,-0.2498,val
gdb_110348,CC1C(O)C2C(CO)N12,-0.2292,val
gdb_83306,O=C1C2COC(O2)C1O,-0.2537,val
gdb_92102,CC12CC3CC(O)C1C32,-0.2419,val
gdb_2979,C#CC(O)C1CC1,-0.2658,val
gdb_24714,c1cc2n(c1)C1CCC21,-0.1975,val
gdb_101686,CC(CO)CC1(C)CC1,-0.2587,val
gdb_124011,C1=Cc2n[nH]nc2NC1,-0.1915,val
gdb_114212,COC1CC2(CO2)C1C,-0.2514,val
gdb_125831,Cc1nonc1C1CN1,-0.255,val
gdb_107044,OCC12C=CC(O)C1N2,-0.2307,val
gdb_62728,CC1(O)C2N=COC21C,-0.2313,val
gdb_96399,C#CC1CCCOC1C,-0.243,val
gdb_4950,N=c1[nH]ccoc1=N,-0.2089,val
gdb_46282,N=C1OCC12CC=CC2,-0.2479,val
gdb_71196,O=CC1C2C3CC1(O)C32,-0.2402,val
gdb_11501,NC(C=O)=NC1CC1,-0.2303,val
gdb_89890,CC1CC2(C1)CC1CC12,-0.245,val
gdb_38155,C1=CC=CC2CC2C=C1,-0.1998,val
gdb_2452,O=C1CC2CC2O1,-0.2705,val
gdb_95859,C#CC1CCOC(C)O1,-0.2556,val
gdb_62838,CC1(O)C2CC13CCC23,-0.2244,val
gdb_44524,O=C1C=C2C(C1)C1CC21,-0.2335,val
gdb_127873,CN=c1cnocc1N,-0.2033,val
gdb_18787,O=C1C2NC3CN1C32,-0.234,val
gdb_126424,CCc1n[nH]c(N)c1N,-0.1955,val
gdb_19171,CC1C2C(=O)C1N2C,-0.2442,val
gdb_24114,c1ncc(CC2CC2)o1,-0.2353,val
gdb_89097,CN1CC1COCC#N,-0.2365,val
gdb_102812,COC(CC=O)C(C)O,-0.2477,val
gdb_32484,CNc1c[nH]c(C=O)n1,-0.1996,val
gdb_99828,COC(C)(C#N)C(C)=O,-0.2666,val
gdb_45938,N=C1NCC(=O)C12CO2,-0.2423,val
gdb_97926,CCC#CCC1(C)CN1,-0.2394,val
gdb_68495,C#CC1C2NC1(C)C2=O,-0.246,val
gdb_51832,N=COC1CCNC1=O,-0.2432,val
gdb_13734,CC(=O)C1CC1C#N,-0.2616,val
gdb_116162,CCC1COCC(C)C1,-0.2402,val
gdb_126354,CCc1cnoc(=N)n1,-0.2548,val
gdb_103328,CC1C2CC1C2(C)CO,-0.2608,val
gdb_84812,C#CCC1CC=CC1C,-0.2392,val
gdb_52369,C#CC(=O)NCCC=O,-0.2527,val
gdb_112594,COC1CC(N)(C#N)C1,-0.2588,val
gdb_106881,O=CC12CCC1(CO)C2,-0.2484,val
gdb_122167,CCOCC1(C)CC1C,-0.2478,val
gdb_34844,C#CC1C2CC1OC=N2,-0.2434,val
gdb_106363,CC1=CC2(CO)CC1O2,-0.2288,val
gdb_3922,O=Cc1ncon1,-0.2817,val
gdb_105801,CCC12C(C)C1C1OC12,-0.2216,val
gdb_35359,N#CC1CC2=NCCN21,-0.2421,val
gdb_77617,C#CC12COC1(C)C2O,-0.2291,val
gdb_15800,O=CCC(O)C1CO1,-0.2546,val
gdb_110901,CCC1C2CC(C2)C1O,-0.2515,val
gdb_20417,c1nn[nH]c1N1CC1,-0.2281,val
gdb_2194,CC1OC(=O)C1O,-0.2659,val
gdb_76146,CC(=O)C1N(C)C1(C)C,-0.2211,val
gdb_15568,C#CC1=CCCC1O,-0.2339,val
gdb_95145,CC1CCC2C=CC1C2,-0.2308,val
gdb_23993,C#Cc1cnc(C#C)o1,-0.2324,val
gdb_68935,CC12CC(=O)C1(C=O)O2,-0.2516,val
gdb_19616,OC1C2C(O)C3C1N23,-0.2594,val
gdb_132210,Nc1nc(=O)nc(F)o1,-0.2679,val
gdb_93100,CC1CN=COC1(C)C,-0.2413,val
gdb_100575,C#CCC(=O)C(C)OC,-0.2452,val
gdb_119659,CCOC12CC3C1OC32,-0.2272,val
gdb_71848,CC12OC3C=CC1NC32,-0.2283,val
gdb_54750,N=C1OC2C1C2C(N)=O,-0.2495,val
gdb_88145,O=C1OCCC12CC2O,-0.2637,val
gdb_118942,COCC1(O)COC1=N,-0.2615,val
gdb_60415,CC(O)CCC1CCC1,-0.2602,val
gdb_1949,CC1CC(C#N)C1,-0.3031,val
gdb_23896,O=CC#CC(F)(F)F,-0.2961,val
gdb_104084,CC1(CO)CC=CC1O,-0.2473,val
gdb_51603,O=CCC1CC1NC=O,-0.2463,val
gdb_38257,C1CCC23CC(C2)C3C1,-0.2655,val
gdb_47396,N=C1OCOC12CCC2,-0.2644,val
gdb_101563,CC(CO)OC(=O)CO,-0.2736,val
gdb_122859,COCCCC(=O)OC,-0.2537,val
gdb_73509,CC12CCC=C1C1CN12,-0.2044,val
gdb_15274,OCC1C(O)C1CO,-0.2524,val
gdb_60618,CC(=O)C(O)C1CC1C,-0.2555,val
gdb_2777,CCC1CNC1=O,-0.2443,val
gdb_75635,CC1C(=O)C2(C)NC12C,-0.2256,val
gdb_77467,CC1C2(C)CC(O)C12O,-0.2376,val
gdb_512,CCC#CC#N,-0.2842,val
gdb_58745,CC(C)C12CC(N1)C2=O,-0.2451,val
gdb_7797,CC1CNCC(=O)O1,-0.2273,val
gdb_65892,N#CC#CC1(O)COC1,-0.2735,val
gdb_44998,C#CC12CC1NC(=O)O2,-0.2565,val
gdb_46013,N#CC1=CCC(=O)CC1,-0.2582,val
gdb_89288,CC1CC2(O)CC(=O)C12,-0.2368,val
gdb_25489,N=COc1ccccn1,-0.2435,val
gdb_48255,N#CCC(C=O)N1CC1,-0.2601,val
gdb_95788,CC1OCCN(C)C1=O,-0.2332,val
gdb_80696,CC12C(C=O)NC1C2O,-0.2366,val
gdb_19048,OC1C=C2CC3C2C13,-0.2112,val
gdb_78539,CC1C2C3(C)OC3C12C,-0.2172,val
gdb_53637,C#CC(=O)OCC#CC,-0.2598,val
gdb_121116,CCOC1CCC(C)C1,-0.2431,val
gdb_92631,OC1CC2CCOC2C1,-0.2393,val
gdb_110253,COC1C2C(=O)C1N2C,-0.2439,val
gdb_26589,Cc1c(N)nc[nH]c1=O,-0.2088,val
gdb_49732,O=CC1C2CCCCN12,-0.2266,val
gdb_20351,C1=Cn2ncnc2C1,-0.2371,val
gdb_20698,Cc1nc(CO)n[nH]1,-0.2518,val
gdb_107379,N=C1OC2CC2(CO)O1,-0.2532,val
gdb_64360,CC1(O)CCOC1(C)C,-0.241,val
gdb_84823,CC1N=COC1OC=N,-0.2683,val
gdb_26500,CC1(c2c[nH]cn2)CN1,-0.211,val
gdb_15628,O=C1NCC=C1CO,-0.2427,val
gdb_88024,CC1CC12CCC2C#N,-0.2784,val
gdb_38652,C1=NC2CN3CC(O1)C23,-0.2229,val
gdb_48289,C#CC(C=O)CCC#N,-0.2714,val
gdb_34301,C#CC12COC(CO1)C2,-0.2466,val
gdb_10285,CNC(C#N)C(N)=O,-0.2444,val
gdb_18850,O=C1C2CCC3C1C23,-0.2318,val
gdb_17324,OC1C2C3NC3C12O,-0.2178,val
gdb_89238,CC1OC2(C)C3CC2C13,-0.2318,val
gdb_26815,C#Cc1nc(O)c(O)[nH]1,-0.1843,val
gdb_19236,C#CC1C(C)C2OC12,-0.2494,val
gdb_133569,FC(F)(F)C1C2CCN21,-0.249,val
gdb_59471,CC(C)C1OC1C1CN1,-0.244,val
gdb_130564,N#CC(=O)c1cn[nH]c1,-0.2847,val
gdb_27005,C#CCc1[nH]ccc1O,-0.1841,val
gdb_102684,C#CCCC(CO)CO,-0.2542,val
gdb_81327,N#CC1=CC2OC1C2O,-0.2629,val
gdb_109474,COC1C(=O)CN=C1N,-0.2266,val
gdb_53784,N#CC(=O)C(=O)C(N)=O,-0.275,val
gdb_127613,Cn1ncc2occc21,-0.216,val
gdb_72371,N=C1NC2C=CCC12O,-0.2323,val
gdb_72773,OC12CCC1=CC1NC12,-0.2319,val
gdb_32598,CCn1cc(O)cc1N,-0.1713,val
gdb_45070,C#CC1C(=O)CC2NC21,-0.2393,val
gdb_89540,CC1CC2(C1)C1COC12,-0.2265,val
gdb_2699,C#CCCCOC,-0.2551,val
gdb_24770,O=C1C=Cc2nccn21,-0.2318,val
gdb_66460,CC12C3CC4N1C2C43O,-0.2112,val
gdb_27009,N#CCc1[nH]cnc1O,-0.2144,val
gdb_37963,C1CC2C3CC(CO1)C23,-0.2339,val
gdb_22332,CC1=CC(O)C(=NO)C1,-0.2418,val
gdb_79141,CC1CC2C3C(O)C1N23,-0.236,val
gdb_66452,CC12C3C4CC1C4(O)C32,-0.2176,val
gdb_24539,c1coc2nccc-2c1,-0.2183,val
gdb_54374,CC(=O)C12C3CN1CC32,-0.236,val
gdb_12437,O=C1CCC=CCC1,-0.2362,val
gdb_55756,CC(=O)CC12CCC1C2,-0.231,val
gdb_379,N#CC(N)CO,-0.2619,val
gdb_32388,C#Cc1cc(OC)c[nH]1,-0.1926,val
gdb_56749,N#CC(N)C12CN(C1)C2,-0.2408,val
gdb_85479,CC1OC(=N)OC1C#N,-0.2758,val
gdb_86436,CC1C=CC=CC(C)C1,-0.2103,val
gdb_114349,OCC1CC2C(O)C2O1,-0.2433,val
gdb_14735,CCN=COCCO,-0.2449,val
gdb_29036,Cc1ncccnc1=N,-0.2389,val
gdb_42745,O=C1C(=O)C2C=CC1O2,-0.2226,val
gdb_14106,OC1CCC12CC2O,-0.2471,val
gdb_133357,Nc1nc(=O)c(F)no1,-0.2651,val
gdb_108121,CCC12OC3CC1OC32,-0.2405,val
gdb_42678,N#CC12CN3C1C(=O)C32,-0.2791,val
gdb_92073,O=C1NC2CC2CC1O,-0.2537,val
gdb_22333,CC1=CC(C)C(=NO)C1,-0.2304,val
gdb_116688,COC=NC12CN(C1)C2,-0.2314,val
gdb_47455,N#CCC1CCOC1=N,-0.2711,val
gdb_133755,CCC(C=O)C(F)(F)F,-0.2669,val
gdb_128231,CNc1c[nH]nc1C=O,-0.2094,val
gdb_95356,CC1CCC2CCC=C12,-0.2234,val
gdb_79984,CN1C2C=CC1(C)C2=O,-0.2351,val
gdb_32262,COc1nccnc1C,-0.2335,val
gdb_78157,O=C1CC(=O)C2C(O)C12,-0.2428,val
gdb_34286,N#CC12C=CC(CO1)C2,-0.2639,val
gdb_86684,O=CC1CC(O)C12CO2,-0.2517,val
gdb_104576,CC(=O)CC1(CO)CN1,-0.2434,val
gdb_86283,CN1CC(O)C1(C)C#N,-0.2428,val
gdb_28685,C#CCc1ccc(N)o1,-0.184,val
gdb_125900,CC1Cc2[nH]ncc2N1,-0.1843,val
gdb_82232,OC1C2CC(C2)C2OC12,-0.2571,val
gdb_130364,NC=Nc1c[nH]nc1O,-0.1915,val
gdb_27670,N#Cc1cc(O)[nH]c1O,-0.1967,val
gdb_22822,CC1OCC=CC1=NO,-0.2298,val
gdb_119541,CCNC12CC1OC2=N,-0.2305,val
gdb_130513,c1cc2cncc-2on1,-0.2182,val
gdb_98039,C#CCC#CC(=O)NC,-0.2538,val
gdb_30562,CN=COc1ncco1,-0.234,val
gdb_86170,CC1CN(C)C(C#N)=N1,-0.2321,val
gdb_42939,O=C1C2CC(O2)C2CN12,-0.2355,val
gdb_91227,O=C1NC2CC(O)C12O,-0.2445,val
gdb_39032,C1CC23OC2CN=C3N1,-0.2159,val
gdb_69184,C#CC1C(=O)C2CC12C,-0.2355,val
gdb_31988,COc1cnc(OC)[nH]1,-0.1937,val
gdb_16260,N#CC12CC1CC2=O,-0.2691,val
gdb_104828,CCC1(NC)COC1=O,-0.2296,val
gdb_58036,CC(C)C(C#N)C(C)C,-0.3074,val
gdb_91686,CC1CC2CC1C2C=O,-0.2429,val
gdb_126356,C#Cc1n[nH]c(CC)n1,-0.2402,val
gdb_82491,CC12CC3C(O)C1C3O2,-0.2384,val
gdb_21660,Nc1n[nH]cc1C=O,-0.2243,val
gdb_613,O=CC1CC1O,-0.2437,val
gdb_79183,CC1C(O)C2CC3C1C23,-0.2469,val
gdb_74548,CC1=CC2=CCN3C1C23,-0.1952,val
gdb_12123,CC12CC1C1(C)CN21,-0.2122,val
gdb_88092,OC1CC12CCC1OC12,-0.2366,val
gdb_4087,O=C1C=CCC1=NO,-0.2331,val
gdb_42815,O=C1C2CC1C1(CC1)O2,-0.219,val
gdb_46982,N=C1OCC2CCC1O2,-0.2546,val
gdb_8157,CC1CC2CC2(O)C1,-0.2368,val
gdb_13293,C#CCC1=CCCC1,-0.2338,val
gdb_31464,C#Cc1c[nH]c(OC)c1,-0.1878,val
gdb_39949,C1=CC2(C=CCC1)CO2,-0.2353,val
gdb_113960,OCC1CN1CC1CO1,-0.2262,val
gdb_56211,NC(=O)OCC1COC1,-0.2492,val
gdb_83115,CC12OC=NCC1C2O,-0.2475,val
gdb_30151,CC1CC1n1ccnc1,-0.2203,val
gdb_96556,CC1OCCCCC1O,-0.2509,val
gdb_40573,C1CC1C1C2OC3C2C31,-0.2285,val
gdb_24438,c1nc2c([nH]1)OCCC2,-0.19,val
gdb_104303,CCC1(C)CCC2OC21,-0.2536,val
gdb_124776,Cc1nocc1C(C)O,-0.2539,val
gdb_65233,CC1(C2COC2=O)CN1,-0.2579,val
gdb_95388,OC1COC2OCCC12,-0.2518,val
gdb_49196,O=CC1=CC2COC2C1,-0.2525,val
gdb_101108,OCC(O)C12CC(C1)C2,-0.2537,val
gdb_6986,CC1CCOC1(C)C,-0.2358,val
gdb_81183,O=CNC12CC(C1)C2O,-0.2524,val
gdb_13732,OCCOC1CC1O,-0.2458,val
gdb_94154,N#CC1(C#N)OCC1O,-0.3091,val
gdb_56114,N#CC(=N)OCC(N)=O,-0.2659,val
gdb_99570,N#CC(O)C(C#N)CN,-0.2639,val
gdb_54386,NC(=O)C12CC(O)(C1)C2,-0.2425,val
gdb_123567,C1c2nnoc2C2CC12,-0.2391,val
gdb_23028,COC1CC1C(C)=NO,-0.2197,val
gdb_66271,C#CC1(C)OCOC1=O,-0.2712,val
gdb_55146,O=C([O-])C1C[NH+]2CC1C2,-0.1728,val
gdb_66177,N=COCC1(O)CCC1,-0.2613,val
gdb_108668,CC1=C(CO)CCCC1,-0.2283,val
gdb_35233,C#CC1OC12CCCC2,-0.2548,val
gdb_81729,C#CC12OC1C(O)C2=O,-0.2459,val
gdb_106998,O=C1C(O)C2NC12CO,-0.2271,val
gdb_22172,CC1(O)CC=CC1=NO,-0.2281,val
gdb_18456,CCC1C2NC(=O)C12,-0.2441,val
gdb_89358,CC1CC2(C)CC1C2=O,-0.2276,val
gdb_70308,CC12CC1CC1CN1C2,-0.219,val
gdb_73110,CC12CCC1OC(=O)O2,-0.2886,val
gdb_386,CCC(O)C=O,-0.2736,val
gdb_61451,CC(CC(=O)[O-])C1C[NH2+]1,-0.1484,val
gdb_52626,CC#CC(C)(C)OC=N,-0.2517,val
gdb_127979,CN=c1onc(N)n1C,-0.2031,val
gdb_128808,COCc1cnn(C)n1,-0.2458,val
gdb_15211,C#CC1C(O)C1C#N,-0.2693,val
gdb_58425,CC(O)C1(O)C(C)C1C,-0.2468,val
gdb_29539,Oc1c[nH]c2c1OCO2,-0.1738,val
gdb_73991,CC1=C2CN3C2C3(C)C1,-0.1973,val
gdb_5675,c1cc2ncoc2o1,-0.2235,val
gdb_92512,CC1CC2CCC2C1=O,-0.23,val
gdb_17363,CC(=O)C1CC2OC21,-0.2375,val
gdb_117944,CCCN(C)C(=O)CC,-0.2302,val
gdb_1294,CCCCC(C)C,-0.2997,val
gdb_90258,CC1CC23OCC2OC13,-0.2305,val
gdb_59290,CC(O)C1C=CNC1=O,-0.2203,val
gdb_31711,CCc1coc(OC)c1,-0.19,val
gdb_14061,CC1C(O)C12COC2,-0.2384,val
gdb_10129,CCN=C(C#N)NC,-0.2398,val
gdb_36116,N#CCC12OC1C1NC12,-0.2363,val
gdb_36964,C(CC1CO1)CC1CO1,-0.263,val
gdb_16086,C#CC12CN=CN1C2,-0.2482,val
gdb_101102,CCC(O)C12CC(C1)C2,-0.2568,val
gdb_74675,CC1=CC2C=CC1C2=O,-0.2377,val
gdb_62014,CC(=O)OCC(O)C=O,-0.2793,val
gdb_35363,C#CC1CC2C3CN1C23,-0.225,val
gdb_102600,CC#CCC(CC)OC,-0.23,val
gdb_123056,COCCOC1CCC1,-0.2391,val
gdb_97626,C#CC(C#CCC)OC,-0.2526,val
gdb_116799,CNC=[NH+]CCC(=O)[O-],-0.1474,val
gdb_98474,CNC(=O)C1(CO)CC1,-0.2482,val
gdb_8151,CC12CC(O)CC1C2,-0.2522,val
gdb_17595,CC(=O)C(=N)N1CC1,-0.2457,val
gdb_27912,Nc1cc(O)nc(O)n1,-0.226,val
gdb_40020,C1=CC2(CN2)CN2CC12,-0.2183,val
gdb_69766,CC12CC3CC(O3)C1C2,-0.2366,val
gdb_18549,O=C1CN2CC=CC12,-0.2309,val
gdb_20190,C1CC2C3C(CN23)O1,-0.2353,val
gdb_113839,COC1CC1C1OC1C,-0.2402,val
gdb_93920,CC(=O)C1COC(C)C1,-0.2459,val
gdb_63135,CC1(O)C2COC1C2=O,-0.2253,val
gdb_2095,OC1CN=COC1,-0.2494,val
gdb_125674,Cc1n[nH]cc1CCO,-0.2307,val
gdb_80040,O=CC1C2C=CC1C2O,-0.2408,val
gdb_112885,CCN1CC(C)OC1=O,-0.2416,val
gdb_6666,CC(=N)OCCC=O,-0.2635,val
gdb_22489,CCC(COC=N)=NO,-0.2582,val
gdb_40284,C1CCOC2(CC1)CC2,-0.243,val
gdb_120568,C#CC1(C)NC1CCO,-0.2377,val
gdb_120640,CCOC1CC1(C)CO,-0.2372,val
gdb_95672,O=C1C=CC(O)CCC1,-0.2456,val
gdb_9228,C#CCN=C(C)OC,-0.2459,val
gdb_107635,COC12CC1COC2C,-0.2476,val
gdb_128439,COC(=O)c1ccn[nH]1,-0.2589,val
gdb_107229,CC12CC1C1NC12CO,-0.1992,val
gdb_88560,CN1CC1C12CCC1N2,-0.2131,val
gdb_90154,CC1CC23COCC12N3,-0.2325,val
gdb_3167,C1=CCC2(C1)CO2,-0.2443,val
gdb_79187,CC1C(O)C2C3CC1C32,-0.2482,val
gdb_125313,Cc1cn(C=O)nc1N,-0.2222,val
gdb_23100,N#CC1CCCC1=NO,-0.2619,val
gdb_67496,N#CC1C2C3CC3C12O,-0.2351,val
gdb_105935,OCC12C3CC4C3N1C42,-0.2341,val
gdb_3767,Cn1nnc(O)n1,-0.2587,val
gdb_27460,O=c1cnccc(O)c1,-0.2352,val
gdb_47710,O=C1COCOC(=O)N1,-0.2695,val
gdb_59762,CC(C)C1OCOC1C,-0.2479,val
gdb_114257,OCC1CC2(CCC2)O1,-0.2434,val
gdb_59116,CC(O)C1C(O)CN1C,-0.2304,val
gdb_46856,N=C1OCC2CC2C1=O,-0.252,val
gdb_32521,CCc1c[nH]cc1NC,-0.1702,val
gdb_66695,CC12C3C4C1N2C(=O)N43,-0.2459,val
gdb_118661,COCC(C#N)COC,-0.268,val
gdb_22691,CC(CCC1CC1)=NO,-0.2373,val
gdb_89547,CC1CC2(CC(=O)C2)C1,-0.2383,val
gdb_98789,COC(=O)C1CC=CC1,-0.2405,val
gdb_98195,CNC(=O)C(C)(C)OC,-0.2383,val
gdb_112133,CCC1CC(=O)C(=N)O1,-0.2559,val
gdb_4550,Cn1cc(O)cc1O,-0.1691,val
gdb_4383,Cc1cccc(=N)o1,-0.2077,val
gdb_96999,CN=C1OC2CNC1C2,-0.2306,val
gdb_117308,CCOC(=O)NC(C)=N,-0.2465,val
gdb_2854,O=CC1OC1CO,-0.2671,val
gdb_99307,COC(=O)CCC1CO1,-0.2672,val
gdb_108159,COC12CN=C3OC1C32,-0.2232,val
gdb_4937,Nc1cc(CO)co1,-0.1872,val
gdb_67115,OC12C3CCC14OC2C34,-0.2267,val
gdb_61504,CN(C=O)CC(O)C#N,-0.2585,val
gdb_79595,CN1C2C3CC3(C=O)C21,-0.2478,val
gdb_58318,CC(O)C(C)NCC#N,-0.2488,val
gdb_62652,CC1(C)C2C3OC2C31C,-0.226,val
gdb_9616,C#CC1CC1(C)OC,-0.2371,val
gdb_116821,C#CC#CC#CCCC,-0.2304,val
gdb_37175,C1C2N1C1CC23COC13,-0.2345,val
gdb_132069,Nc1c(F)nc[nH]c1=O,-0.2066,val
gdb_105953,CC12C3C4C(N31)C42CO,-0.2044,val
gdb_90905,CC1CN2C3C=CC12C3,-0.2105,val
gdb_129131,N=c1nc[nH]nnc1=N,-0.263,val
gdb_125568,Cc1cc(C(N)=O)[nH]n1,-0.2506,val
gdb_64109,CC1(C)C=C(C#N)CC1,-0.2588,val
gdb_61652,CC(C#N)CC1CCC1,-0.2991,val
gdb_11877,O=C1CC2(CC2)CO1,-0.2623,val
gdb_30199,CC1Cc2cnc(O)n21,-0.1938,val
gdb_124199,CC#CCn1cnnc1,-0.2483,val
gdb_92281,CC1CC2N=COC2C1,-0.2451,val
gdb_109536,CCC1C(C)(C)C1(C)C,-0.2457,val
gdb_110737,CCC1C2CC(=O)C12O,-0.2333,val
gdb_45399,C#CC12CCC1NC2=O,-0.2409,val
gdb_64807,CC1(C2CC2)CC(=N)O1,-0.2598,val
gdb_133243,Cn1ncc(F)cc1=O,-0.242,val
gdb_40448,C1OC2CC2(C2CO2)O1,-0.2322,val
gdb_21111,Cn1nnccc1=O,-0.2571,val
gdb_91239,CC1CC2OC(=N)C2O1,-0.2561,val
gdb_92640,OC1CC2CCCC=C12,-0.2254,val
gdb_121378,CCCC1C=CCOC1,-0.2418,val
gdb_56944,C#CC(O)C1CC1C#N,-0.277,val
gdb_89293,CN1CC2(C)OC(=O)C12,-0.225,val
gdb_54088,N=COC(C=O)C(N)=O,-0.2577,val
gdb_30262,CC1Cn2cccc2N1,-0.1669,val
gdb_95047,CC1CCN2CC(=O)C12,-0.227,val
gdb_94658,CC1OCC1NCC=O,-0.2406,val
gdb_153,OCC1CC1,-0.2601,val
gdb_13526,NC(=O)C1OCC1O,-0.2353,val
gdb_29785,Cc1c(O)cn(C)c1N,-0.1762,val
gdb_24079,N#CCOc1cnc[nH]1,-0.219,val
gdb_35132,N#CC1CC(N2CC2)C1,-0.2462,val
gdb_91016,CC12NC1C1CC(O)C12,-0.223,val
gdb_1041,CCc1cnco1,-0.2358,val
gdb_101309,COC(C)C1CC1C=O,-0.2339,val
gdb_133566,FC(F)(F)C1C2CC1O2,-0.2567,val
gdb_112942,CCC1CC(C(C)=O)O1,-0.2326,val
gdb_118864,CC1(CCO)CC2CC21,-0.2513,val
gdb_78811,CC1C2C3N2C(C)C13O,-0.232,val
gdb_111636,COC1C2CC=CC21C,-0.2152,val
gdb_35785,N#CC1CC2OC2CN1,-0.2515,val
gdb_71387,O=C1N2CC3(O)C2C13O,-0.245,val
gdb_37057,C1=NC23CCCC2(C3)O1,-0.2424,val
gdb_85004,CC1=C(N)C(C)NC1=O,-0.2102,val
gdb_54591,CC(=O)C12COC1CO2,-0.2473,val
gdb_411,CC1(CO)CC1,-0.2616,val
gdb_27654,N#Cc1nc(O)[nH]c1N,-0.2084,val
gdb_57254,CC(C)(C#N)C1(C)CC1,-0.2862,val
gdb_19423,C1=CC2(CO2)C2NC12,-0.2429,val
gdb_14756,C#CCCCCOC,-0.2538,val
gdb_111844,CC12CCOC1C2CO,-0.2415,val
gdb_65068,CC1(C2(C=O)CN2)CC1,-0.2453,val
gdb_20746,Cc1n[nH]nnc1=N,-0.243,val
gdb_112504,N#CC1OC(CO)C1=O,-0.2801,val
gdb_16365,O=C1CC(O)C12CO2,-0.2432,val
gdb_121349,CC1OCOC1CCO,-0.2523,val
gdb_7895,CC1CC(=O)C(=N)O1,-0.2566,val
gdb_42502,C#CC(=O)NCCC#N,-0.2771,val
gdb_25712,CC#CCn1cccc1,-0.2009,val
gdb_13083,N#CCC1CCC1O,-0.2735,val
gdb_85262,CC1CC2(CO2)C(=O)O1,-0.2613,val
gdb_19708,OC1C2C3CCC2C13,-0.2494,val
gdb_111351,OCC1C2OC2C12CC2,-0.2522,val
gdb_5408,OCc1ccccc1,-0.2346,val
gdb_47165,O=C1CCN=C2NCC12,-0.2328,val
gdb_67850,CC12C=CCN1C2C#N,-0.2404,val
gdb_37896,C1CC23OC4C2OC1C43,-0.2335,val
gdb_85668,CC1(O)C(O)CC1C#N,-0.2743,val
gdb_116015,COC1OCC=C1CO,-0.2474,val
gdb_43631,O=C1CC(C2CCC2)O1,-0.2719,val
gdb_24909,N=C1Cc2nc[nH]c2O1,-0.2064,val
gdb_116874,COCC#CC(C)C#N,-0.2623,val
gdb_85681,CN1CC(C#N)C1(C)C,-0.2233,val
gdb_107507,CN=C1NC2CC12OC,-0.224,val
gdb_28704,Cc1ccc(NC=O)[nH]1,-0.1823,val
gdb_106742,CC12CC1(CO)C(=O)O2,-0.2696,val
gdb_64024,CC1(O)CC=CC12CC2,-0.22,val
gdb_53689,CC#CCCCC(C)C,-0.2393,val
gdb_44871,O=C1OC2OC1C1OC21,-0.2756,val
gdb_100861,CCC(C)N(C=O)C=O,-0.2479,val
gdb_91744,OC1CC2OC1CC2O,-0.2474,val
gdb_98401,CN=C(NC)C(=O)OC,-0.2222,val
gdb_1296,CCCOC(C)C,-0.2456,val
gdb_13153,C#CC(=O)C1COC1,-0.2556,val
gdb_99421,C#CC(C#C)(C#C)OC,-0.2695,val
gdb_75315,CC1=CCN2CC12C#N,-0.2427,val
gdb_101296,CC(CO)C1CN1C=O,-0.244,val
gdb_29219,N=c1cc(O)c(N)co1,-0.1866,val
gdb_72995,CC12CCC1C2(O)C=O,-0.2445,val
gdb_68160,CC12COC(=N)C(C1)C2,-0.2508,val
gdb_36921,C1=CC(CC2CO2)CC1,-0.2371,val
gdb_124082,c1nc(C2COC2)no1,-0.2534,val
gdb_87675,CC1(O)CC2(CC2O)C1,-0.243,val
gdb_16443,CC12CC1C1OCC12,-0.2388,val
gdb_21079,Cn1nccc1C=O,-0.2602,val
gdb_123547,c1nnn2c1C1CC2C1,-0.2449,val
gdb_127307,Cn1ccc(=O)c(N)n1,-0.1993,val
gdb_1008,C#Cc1cnco1,-0.238,val
gdb_11669,CC1N2CC1(CO)C2,-0.2213,val
gdb_93853,CC1OCC(O)C1(C)C,-0.2406,val
gdb_53505,CC#CCC(C)C1CC1,-0.2388,val
gdb_78438,CC1C2C3NC(C3=O)C12,-0.2407,val
gdb_17341,OC12CC1CC1NC12,-0.2316,val
gdb_62565,CC1(C)C2C(=O)CC21C,-0.2338,val
gdb_116060,OCC1CCN=COC1,-0.2381,val
gdb_77137,CC1C(=N)OC1C(N)=O,-0.2527,val
gdb_16117,N#CC12CC1CCO2,-0.2544,val
gdb_46886,O=C1C=CC2CC2OC1,-0.2339,val
gdb_37072,C1OCC23COCC12C3,-0.2524,val
gdb_87600,OC1CC12C=CC1CC12,-0.2123,val
gdb_94986,CC1COC2C3CC1C32,-0.2237,val
gdb_53148,CC#CC1C2CC1(C)O2,-0.2316,val
gdb_28735,Nc1cnc(CC=O)o1,-0.2074,val
gdb_91860,CC1OC2CC2(C=O)O1,-0.2541,val
gdb_81227,OC1C2CC3CCC31C2,-0.2426,val
gdb_119681,CCCC12CC3CN1C32,-0.231,val
gdb_32848,CCNc1cc(N)co1,-0.1652,val
gdb_14036,C1=CCC2(C1)CCO2,-0.2386,val
gdb_20912,CCn1ncnc1N,-0.2228,val
gdb_12532,OC1C=CC=CCC1,-0.2161,val
gdb_16092,N#CC12CN=CN1C2,-0.2719,val
gdb_21874,O=c1cnoc(O)n1,-0.2688,val
gdb_31528,CCc1nc(O)c(N)o1,-0.2041,val
gdb_116890,CCC(O)C#CCCO,-0.2508,val
gdb_10919,CC1C(C)C2(C)CC12,-0.241,val
gdb_113078,CCC1OC(CC)C1O,-0.2473,val
gdb_56620,C#CC(C)N(C=O)C=O,-0.2532,val
gdb_68323,N#CCC1N2CC1(O)C2,-0.2626,val
gdb_7747,CC1=CCNC(=O)N1,-0.2074,val
gdb_120539,COCC1CN(C=O)C1,-0.2394,val
gdb_126717,CCc1cn(CC)nn1,-0.2418,val
gdb_101035,CCC1(C(O)CO)CO1,-0.2546,val
gdb_6697,CN(C)CC#CC#N,-0.2374,val
gdb_53586,CC#CCC1CC1C#N,-0.2522,val
gdb_85902,CC1CC(C)(C)C2CC12,-0.2606,val
gdb_113542,CCC1CC12CCC2C,-0.2558,val
gdb_98118,CCC(=O)C(=N)NC=N,-0.2461,val
gdb_89531,OC1CC2(O)COCC12,-0.2514,val
gdb_49571,O=CC1N2CC2C12CN2,-0.2433,val
gdb_1489,CCN=C(N)C#N,-0.2582,val
gdb_110200,CC12CC(C)(O1)C2CO,-0.2282,val
gdb_53355,CC#CC1CC(=O)CO1,-0.2427,val
gdb_37474,C1CC2C(CO1)N1CC21,-0.2286,val
gdb_54632,CC(=O)C1=CC2NC2C1,-0.2395,val
gdb_10574,C#CC1(C#C)OC1C,-0.2599,val
gdb_30302,OC1COc2[nH]cnc21,-0.2026,val
gdb_46929,O=C1OCC2NC2CO1,-0.2772,val
gdb_121962,CCCCN(C)CC#N,-0.2347,val
gdb_75209,CC1=CCC2(O)CC2C1,-0.2297,val
gdb_30644,CC(CO)c1cnco1,-0.2377,val
gdb_3550,CC1C2CC3C1C23,-0.2433,val
gdb_123184,OCCOCCN1CC1,-0.2392,val
gdb_109506,C#CC1C(CC)C1(C)C,-0.235,val
gdb_39765,C1=CC2C=CC1C21CO1,-0.2282,val
gdb_116766,COC=NCC(O)C#N,-0.2716,val
gdb_16961,CC1CC2COC1O2,-0.251,val
gdb_38683,C1=CC2CC1CC1CC21,-0.2317,val
gdb_108177,CCC12C=CC(CO1)C2,-0.2349,val
gdb_123428,c1nn[nH]c1CC1CN1,-0.2517,val
gdb_50977,N#CC(CC=O)OC=O,-0.2802,val
gdb_40103,C1CC2C(CC23CO3)O1,-0.2477,val
gdb_46868,O=C1NCC2CC2C1=O,-0.2373,val
gdb_18706,OC1C=CCC2OC12,-0.2535,val
gdb_111397,COC1C(C=O)N2CC12,-0.2454,val
gdb_54795,O=C([O-])C1C2CCC1[NH2+]2,-0.1767,val
gdb_55724,C#CC1(OC(N)=O)CC1,-0.2467,val
gdb_122958,CCCCCC(C)CC,-0.2916,val
gdb_18674,O=C1CCCC2NC12,-0.2327,val
gdb_55819,CC(=O)NC1C2CCC21,-0.2355,val
gdb_14605,O=CC#CCCC=O,-0.2663,val
gdb_75264,C#CC1C2CC=C(C)C12,-0.2187,val
gdb_29420,Nc1coc(CC=O)n1,-0.2088,val
gdb_28988,C#Cc1ccccc1O,-0.2204,val
gdb_78821,C#CC1C2C(C)C3C1C23,-0.2445,val
gdb_24550,c1ncc2cncc-2o1,-0.2198,val
gdb_12898,CC12CNC1C2C#N,-0.2314,val
gdb_99149,COC(=O)CC1CC1C,-0.264,val
gdb_97969,CCC#CCCC(C)C,-0.2382,val
gdb_122375,OCCOC1C2CC1O2,-0.244,val
gdb_45173,N=C1OC2CC3C1OC23,-0.248,val
gdb_72620,CC12CCC1(C)C2C#N,-0.266,val
gdb_110816,C#CC1CC2C(CO)C12,-0.2525,val
gdb_25216,O=c1ncnc[nH]c1=O,-0.2626,val
gdb_2113,OC1COCOC1,-0.254,val
gdb_113169,CCC1NC1(C)C(N)=O,-0.2431,val
gdb_99546,C#CC(NC)C(C)C#N,-0.2455,val
gdb_87994,CC1OC12CCC2(C)O,-0.2514,val
gdb_106172,CCC12C3CN1C2CO3,-0.2288,val
gdb_96093,CC1CCCC2(CC2)O1,-0.2373,val
gdb_90003,OC1C=CC2(COC2)C1,-0.2472,val
gdb_28873,Cc1cccc(N)c1N,-0.184,val
gdb_87496,CC1OC12C1CC2N1C,-0.2147,val
gdb_41962,C1=CC2CCC1CCO2,-0.2369,val
gdb_67764,CC12C=CC3C1N3C=N2,-0.2398,val
gdb_79651,C#CC12C(C)C1C1OC12,-0.2217,val
gdb_115109,COC1OC=NCC1O,-0.2508,val
gdb_113003,CCC1CN(C=O)C1C,-0.237,val
gdb_76749,CC1C(C)C2(C)CCC12,-0.2526,val
gdb_6514,CC1(N)CC1(N)C#N,-0.2378,val
gdb_41597,C1OC2C3COC3C2O1,-0.2394,val
gdb_13543,C#CC(O)C1CC1C,-0.2613,val
gdb_48585,O=CC12CC(C1)C1CN12,-0.2456,val
gdb_89407,CC1C(O)CC2(O)CC12,-0.2367,val
gdb_112784,COC1CN(C)C1C#N,-0.2357,val
gdb_29968,Cn1ccc(NC=O)c1,-0.194,val
gdb_113397,CCC1CC12C1CC2C1,-0.2565,val
gdb_129980,Nc1nc(CCO)n[nH]1,-0.2227,val
gdb_9206,CCC(=O)CNC=O,-0.2507,val
gdb_44101,O=C1CC2=C(CCC2)N1,-0.2002,val
gdb_79060,CC1=CC2C3C(C)C2C13,-0.2071,val
gdb_25434,O=Cc1cocc1C=O,-0.265,val
gdb_40838,C1CC(C2CO2)OCO1,-0.2586,val
gdb_8525,CC1(C)C2C3OC2C31,-0.2281,val
gdb_38606,C1C2OC3C4CC3C4C12,-0.2295,val
gdb_65250,CC1(C2C=CCO2)CC1,-0.2313,val
gdb_18822,O=C1NC2C3OC1C23,-0.23,val
gdb_68010,CC12CC(C)(C1)C(=O)O2,-0.2575,val
gdb_14736,COC=NCCCO,-0.245,val
gdb_60487,CC(C)CCCNC=O,-0.2489,val
gdb_18081,CCOC1C2CCC21,-0.2373,val
gdb_109403,CC12CN1C(=O)C2CO,-0.2497,val
gdb_70337,CC12NC1CC1OC12C,-0.2316,val
gdb_123264,COCCCOCCO,-0.256,val
gdb_19040,O=C1NC2CN3C1C23,-0.2443,val
gdb_7660,CC1(O)C2CC1C2O,-0.24,val
gdb_11321,CN=C1CC(=O)CO1,-0.2493,val
gdb_99027,CNC(=O)CC(C)(C)C,-0.2395,val
gdb_127145,CN(C)c1nonc1N,-0.2229,val
gdb_90958,CC1CC2C3CC2(C)C13,-0.274,val
gdb_80388,CC1C2CC(C)(O)C12C,-0.242,val
gdb_83244,NC1=NC2C(O)C2CO1,-0.2209,val
gdb_22842,ON=C1CC=CCOC1,-0.2398,val
gdb_60026,CC(C)CC(C#N)C=O,-0.276,val
gdb_126097,CC1OCc2n[nH]nc21,-0.2468,val
gdb_131814,OCCCc1ncon1,-0.2698,val
gdb_132854,Cc1cc(F)coc1=N,-0.2122,val
gdb_5426,Nc1[nH]ccc1C=O,-0.2008,val
gdb_96063,N=COC1COCC1O,-0.2566,val
gdb_44682,O=C1CC2N=COCC12,-0.2451,val
gdb_76485,CC1CC2(C1)C(C)C2C,-0.2456,val
gdb_123914,c1onc2c1NCCC2,-0.2073,val
gdb_28019,Cc1cc(CC#N)co1,-0.2284,val
gdb_96006,CC1OCCC1C1CC1,-0.2377,val
gdb_96729,CN=C(NC=O)C1CC1,-0.244,val
gdb_31447,O=c1nc(CO)nco1,-0.2813,val
gdb_55759,CC(=O)CC12CCC1N2,-0.2333,val
gdb_62558,CC1(C)C2(O)CCC12O,-0.2168,val
gdb_118466,CCCC(CC)C(C)C,-0.2907,val
gdb_94616,CC1OCC1CC1CO1,-0.2431,val
gdb_24072,N#CCNc1ccco1,-0.2025,val
gdb_15506,N=CN1CCCC1=O,-0.2352,val
gdb_107114,CC12CC1C1(CO)OC21,-0.2295,val
gdb_8173,CC1=CC2CC1(C)C2,-0.2104,val
gdb_120884,COCC1CC2(O)CC12,-0.2482,val
gdb_48924,O=CC12CC3C4C(C41)N32,-0.2367,val
gdb_33670,N#CC12C3CCC1C2C3,-0.2641,val
gdb_98162,C#CC(C)(C)C(=O)NC,-0.241,val
gdb_133405,O=c1[nH]ncc(F)c1F,-0.2526,val
gdb_43720,O=C1CC2(O1)C1CCC12,-0.2674,val
gdb_25561,N=COCc1ncco1,-0.2562,val
gdb_92,O=C1CCO1,-0.2788,val
gdb_115311,CCC1NCC(O)C1=O,-0.2319,val
gdb_19092,C1C2OC1C1CC2O1,-0.2222,val
gdb_122757,C#CC(=O)NCCCC,-0.2543,val
gdb_102123,COC(C=O)C1COC1,-0.2462,val
gdb_9858,CC#CCC1(C)CO1,-0.2438,val
gdb_65745,CC1(CC=O)COC1=O,-0.2589,val
gdb_64744,CC1(CC#N)NCC1=O,-0.2553,val
gdb_99380,CNC(=O)CCOC=O,-0.2609,val
gdb_26012,NC(=O)Cc1c[nH]cn1,-0.2192,val
gdb_1670,CC(C[NH3+])C(=O)[O-],-0.1706,val
gdb_31858,COc1ccc(N)cn1,-0.1935,val
gdb_69065,C#CC12CC1(C)N=CN2,-0.223,val
gdb_124764,CC(O)c1cc(O)n[nH]1,-0.2177,val
gdb_124086,c1cn(C2COC2)nn1,-0.2631,val
gdb_90716,CC1OC2C1CC2(C)O,-0.2343,val
gdb_21461,N=CNc1nnon1,-0.2611,val
gdb_47091,O=C1CCC2CCCC12,-0.2327,val
gdb_15331,CC#CC1NC1C=O,-0.2424,val
gdb_87915,CC1CC12CNC(=O)C2,-0.235,val
gdb_26700,Cc1c(O)oc(O)c1C,-0.182,val
gdb_34934,N#CC1C2CC3(CC3)N12,-0.2532,val
gdb_4481,Cc1cc(O)[nH]c1O,-0.1706,val
gdb_96215,CC1COCC=C1C=O,-0.2479,val
gdb_31036,CCc1cc(C)[nH]c1O,-0.1702,val
gdb_87903,CC1CC12OC=NC2C,-0.233,val
gdb_123275,C#CC#Cc1ccno1,-0.2437,val
gdb_14916,C#CC1COCCO1,-0.2397,val
gdb_11029,CC1C=CC2(C)CC12,-0.2229,val
gdb_3605,OC1CC1C1CO1,-0.2327,val
gdb_107858,OCC12CC3OC1C3N2,-0.2382,val
gdb_39549,C1=NC2C3C(O1)C1C2N31,-0.246,val
gdb_544,CCCCCO,-0.2614,val
gdb_8504,CC12NC3(C)C1NC23,-0.2189,val
gdb_52087,N=COCC12CC(C1)O2,-0.2479,val
gdb_85677,C#CC1OC(C)C1(C)O,-0.2458,val
gdb_12841,OC12CC=CC1CC2,-0.236,val
gdb_105385,CC1CC1(CO)OC=N,-0.2496,val
gdb_43945,N=C1OC23CCC(C2)C13,-0.2589,val
gdb_122522,CCCCC1OC1CO,-0.2611,val
gdb_3070,CCCOC1CC1,-0.2419,val
gdb_119800,COCC1=NC2CC2O1,-0.2445,val
gdb_69930,CC12OC1C1CC=CC12,-0.2338,val
gdb_60402,CC(O)CCC1CN1C,-0.2203,val
gdb_90722,CC1OC2C1CC21CC1,-0.2363,val
gdb_129843,N=CNc1cc(N)on1,-0.2081,val
gdb_10931,CC12CC(C#N)C1O2,-0.2705,val
gdb_112441,COC1CC(=O)CC1C,-0.2362,val
gdb_67977,CC12NC(=O)C3C1NC32,-0.2283,val
gdb_103048,CCC1(C#N)C2COC21,-0.257,val
gdb_2868,C#CC1=CCCC1,-0.2236,val
gdb_16012,C1=CC2(CCC1)CN2,-0.2222,val
gdb_21219,CNc1noc(=O)o1,-0.2485,val
gdb_104176,CCC1(O)CCC(O)C1,-0.255,val
gdb_39297,C1CC2C3CC2C1CO3,-0.2362,val
gdb_119002,CCCC1(O)CCOC1,-0.2462,val
gdb_34613,N#CC1=CCC2COC12,-0.2617,val
gdb_122384,COCCC1C2COC12,-0.2345,val
gdb_61081,CC(C=O)N=C(N)C#N,-0.2541,val
gdb_42243,N#CC(=O)N1CC(=O)C1,-0.2884,val
gdb_5299,NC(=O)n1cccc1,-0.2205,val
gdb_20590,Cc1onnc1C=O,-0.2684,val
gdb_78077,O=CC1C2C(O)C(O)C12,-0.2568,val
gdb_272,CC(C)CCO,-0.2613,val
gdb_59118,CC(C)C1C2CC3C2C31,-0.2422,val
gdb_105527,CCC1(C2CO2)CCC1,-0.2605,val
gdb_50170,O=CC1OC23CC(C2)C13,-0.2459,val
gdb_103305,CCC1(O)C2CC1(O)C2,-0.2486,val
gdb_101506,CCC(C)CC#CC#N,-0.2813,val
gdb_129564,N#CC(N)c1ncno1,-0.2923,val
gdb_35107,N#CC1N=COC12CC2,-0.2658,val
gdb_1510,O=CC(=O)CCO,-0.2517,val
gdb_19160,OCC1(C2CN2)CC1,-0.2411,val
gdb_50530,O=CC1CCC1N1CC1,-0.2345,val
gdb_110011,COC1C(C)=CCC1C,-0.2333,val
gdb_2784,CNC1COC1=O,-0.2386,val
gdb_40566,C1=C(C2CO2)CCCC1,-0.2303,val
gdb_4890,COc1c[nH]c(=O)o1,-0.2058,val
gdb_81451,OC1C2CC3(CN3)C1O2,-0.2464,val
gdb_69529,OC12CC1C1(O)CC21O,-0.1967,val
gdb_117134,CCNC(=O)N(C)C=O,-0.254,val
gdb_11651,C#CC12CC(O1)C2O,-0.2419,val
gdb_31487,Cc1[nH]c(CO)cc1N,-0.175,val
gdb_55489,CC(=O)CC#CC1CO1,-0.2456,val
gdb_133247,Cn1nccc(F)c1=O,-0.2374,val
gdb_24906,N=C1Cc2ccoc2N1,-0.1903,val
gdb_84781,CC1C=CCC1(O)C=O,-0.247,val
gdb_105437,N#CC1(CN)CN=CN1,-0.2453,val
gdb_23895,N#CC#CC(F)(F)F,-0.3307,val
gdb_39443,C1CC23NC2COCC13,-0.2432,val
gdb_28145,Oc1cc2[nH]cnc2[nH]1,-0.1688,val
gdb_105755,CCC1(C#N)OCCO1,-0.2871,val
gdb_44511,O=C1NC2C3CC2C3N1,-0.2354,val
gdb_72050,C#CC12C3CN1CC32C,-0.2278,val
gdb_132198,N=c1cc(N)oc(F)c1,-0.2104,val
gdb_6705,CC(C)COCC#N,-0.2819,val
gdb_60309,C#CC(=N)OCC(C)C,-0.2643,val
gdb_11749,CCC12CC(O)C1N2,-0.2448,val
gdb_52514,CC#CC(=O)C(C)C#N,-0.2757,val
gdb_121787,N#CC(C#N)NCCO,-0.2723,val
gdb_77082,CN1C(C#N)CC1(C)C,-0.2282,val
gdb_44889,O=C1OC2CC1C21CO1,-0.2662,val
gdb_68473,CC12C=CCCC(C1)O2,-0.236,val
gdb_103049,CNC1(C#N)C2CCC21,-0.2319,val
gdb_105220,CC(C)C1(CO)NC1C,-0.2402,val
gdb_130371,NC=Nc1n[nH]c(=O)[nH]1,-0.1973,val
gdb_58011,CC(O)C(=O)OCC=O,-0.2695,val
gdb_65127,CC1(C2C3CC2C3)CO1,-0.2582,val
gdb_91381,CC1CC2CC(O)C2C1,-0.2511,val
gdb_34365,C#CC12CCC1N=CN2,-0.2196,val
gdb_102279,CCC(C=O)OC(C)=N,-0.2459,val
gdb_27259,Nc1occ2c1CCN2,-0.1689,val
gdb_93355,CC1CCC(=O)C2NC12,-0.2326,val
gdb_113719,CCC1CC1C(C)C#N,-0.2868,val
gdb_113605,COC1CC1C#CC#N,-0.2532,val
gdb_25723,CC(=O)c1occc1O,-0.2277,val
gdb_12564,CC1CCOCCO1,-0.2395,val
gdb_107683,OCC12CCCCC1N2,-0.2387,val
gdb_35923,N#CC1OCCC2CC21,-0.272,val
gdb_23273,CC1CC2NC2C1=NO,-0.2319,val
gdb_108447,COC12CCC1OC2=O,-0.2491,val
gdb_130234,N=c1onc(N)nc1N,-0.2154,val
gdb_17997,O=CC1CC2CCN12,-0.2217,val
gdb_125206,Cc1[nH]nc2c1OCO2,-0.2029,val
gdb_116415,COC1OCCNC1=N,-0.2278,val
gdb_95660,CC1C=CC(=O)CCC1,-0.2368,val
gdb_82293,CC1(C)CC2OC2C1O,-0.2512,val
gdb_83383,CN1C2CCC13COC23,-0.2041,val
gdb_113537,CC1CCC12OC2CO,-0.2578,val
gdb_46813,C#CC12CC1CCC2=O,-0.2386,val
gdb_63792,CC1(O)CC2C(=O)NC21,-0.2452,val
gdb_112792,CCC1CC(O)C1C=O,-0.2432,val
gdb_31583,COc1nc(N)c(O)o1,-0.1833,val
gdb_94787,CC1NCC2(CO2)C1=O,-0.2227,val
gdb_79470,CC1N2C3CC2C1(O)C3,-0.2214,val
gdb_94385,OC1COC12CC1NC12,-0.2353,val
gdb_51190,O=CCC12CC3C(C1)N32,-0.2515,val
gdb_110258,CCC1C2C(C)C1C2O,-0.2475,val
gdb_34437,N#CC12CCC3C1OC32,-0.2547,val
gdb_2090,CC1CC=CCO1,-0.2415,val
gdb_4380,Oc1cncc(O)n1,-0.2324,val
gdb_26616,Nc1c(O)cc[nH]c1=O,-0.1778,val
gdb_62840,CC1(O)C2CC13COC23,-0.2356,val
gdb_43142,O=C1C2OCC13OCC23,-0.2293,val
gdb_101427,O=C1COC1C(O)CO,-0.2614,val
gdb_121005,CCOC1CC=C(C)C1,-0.2272,val
gdb_12283,CCC1CC(O)C1O,-0.2466,val
gdb_26206,Cc1c[nH]c(N(C)C)n1,-0.1744,val
gdb_92646,CC1CC2CCOCC12,-0.2396,val
gdb_124816,CC(O)Cc1ccno1,-0.2453,val
gdb_108261,OCC12CCC1(O)CO2,-0.2462,val
gdb_55371,NC(=O)N1CCC2CC21,-0.2166,val
gdb_5449,C#Cc1nc[nH]c1O,-0.202,val
gdb_125405,Cc1conc1C1CO1,-0.2573,val
gdb_87918,CC1CC12COC(=N)C2,-0.253,val
gdb_122434,CC1(C)CC1OCCO,-0.2422,val
gdb_13922,O=C1CNC12COC2,-0.248,val
gdb_63344,CC1(O)CC(=N)NC1=O,-0.2593,val
gdb_87271,CC(=O)C1(C=O)NC1C,-0.2576,val
gdb_56494,C#CC(C#N)C(N)C#N,-0.2876,val
gdb_66407,N#CC1C2CC(=O)C12O,-0.2685,val
gdb_76513,OC1C(O)C12CN1CC12,-0.2161,val
gdb_80162,O=C1CC2C(O)C2C1=O,-0.2303,val
gdb_61939,C#CCNC(C)CC#N,-0.2452,val
gdb_48831,O=CC12OC1CCC2=O,-0.2482,val
gdb_108064,CCC12CC3OC1(C)C32,-0.2198,val
gdb_95542,O=CC1C=CCCC1O,-0.2486,val
gdb_6509,CC1(C)CC1(O)C#N,-0.2748,val
gdb_56750,C#CC(O)C12CC(C1)C2,-0.2608,val
gdb_54826,CC(=O)C1C2COC21C,-0.2275,val
gdb_101720,CCC(C)OC1CC1O,-0.2258,val
gdb_18949,O=CC1C2C3CC2C13,-0.2419,val
gdb_70243,CC1(C)CC2OC2(C)C1,-0.2507,val
gdb_102376,C#CC(CC)(CC)CO,-0.2599,val
gdb_102821,CCC(OC=O)C1CN1,-0.2521,val
gdb_24182,c1cn2cncc2cn1,-0.2169,val
gdb_36302,C#CCC1C2CCOC12,-0.2404,val
gdb_129927,Nc1c[nH]nc1C1CN1,-0.1969,val
gdb_70432,OC12CC1CC21CCC1,-0.2285,val
gdb_91684,C#CC1C2CN1CC2O,-0.2267,val
gdb_130999,O=CCOc1ccon1,-0.2657,val
gdb_47520,O=C1CCCC2CC1O2,-0.2314,val
gdb_86086,CC1=CC2(CC2)C(C)C1,-0.2101,val
gdb_15710,CC1OCCC1CO,-0.2389,val
gdb_12148,C1NC12CC1(CO1)C2,-0.244,val
gdb_9069,N#CCCC(O)C=O,-0.2909,val
gdb_42888,O=C1C2CCCCC1O2,-0.2488,val
gdb_109058,OCC1=CC2OC2CC1,-0.2338,val
gdb_107565,CCC12CN=COC1C2,-0.2412,val
gdb_31907,COc1cnc(C#N)o1,-0.2387,val
gdb_110793,O=C1NC2C(CO)C2N1,-0.232,val
gdb_55064,CC(=O)C1CC1NC=O,-0.2408,val
gdb_33602,N#CC12C3OC4C3N1C42,-0.2767,val
gdb_2891,C#CC1OCCO1,-0.2621,val
gdb_79967,CC1C=CC2C(O)C12C,-0.2205,val
gdb_83975,CC1C(=O)C2CCCN12,-0.2208,val
gdb_114947,O=CC1=NCC(CO)N1,-0.2326,val
gdb_44675,N=C1NC2C=CCOC12,-0.2306,val
gdb_83258,CC1C2OCC(O)C12O,-0.2292,val
gdb_114703,COC1CC2NC2(C)C1,-0.2326,val
gdb_98238,CNC(=O)C(N)C(N)=O,-0.2349,val
gdb_60189,CC(O)CC1CC1C#N,-0.2685,val
gdb_33404,C#CC(C1CC1)N1CC1,-0.2372,val
gdb_52482,CC#CC#CC1(O)CC1,-0.2201,val
gdb_88172,CC1OCCC12CC2O,-0.2356,val
gdb_79564,CC12CC1C1C(O)C12C,-0.1969,val
gdb_73060,CC12COC1C2OC=O,-0.253,val
gdb_11571,CCC(O)CN1CC1,-0.2292,val
gdb_122863,COCCOC(=N)OC,-0.2519,val
gdb_44884,O=C1NC2CC1C21CC1,-0.2351,val
gdb_95575,O=C1CN=COCC1O,-0.2525,val
gdb_74301,CC1=CC(O)(C=O)CC1,-0.2411,val
gdb_104317,COC1(C)CCN2CC21,-0.229,val
gdb_5049,N=c1nccncn1,-0.2581,val
gdb_35611,C#CC1NC=NC12CC2,-0.2168,val
gdb_103821,[NH3+]CC1(O)CC1C(=O)[O-],-0.1616,val
gdb_89431,CC12CC(O)C3C(C1)C32,-0.2483,val
gdb_117237,CCOC(=O)C1NC1C,-0.2513,val
gdb_91408,CC1CC2CC(C2)C1=O,-0.2315,val
gdb_117600,C#CC(C)(C#C)OCC,-0.2622,val
gdb_63378,CC1(C)CC(C)(C#N)C1,-0.2947,val
gdb_113555,COC1CC12CCC2O,-0.2391,val
gdb_130160,C#Cc1c(N)n[nH]c1O,-0.2052,val
gdb_80415,CN1C(=O)C2(O)CC1C2,-0.2394,val
gdb_96960,CN=C1OC2CN(C)C12,-0.2185,val
gdb_42552,C#CC1C2C(=O)N3C1C23,-0.2517,val
gdb_22103,CC(CC(C)C=O)=NO,-0.2458,val
gdb_51320,O=COC1=NCCCC1,-0.2537,val
gdb_94231,CC1(NC=O)CCC1O,-0.2458,val
gdb_39627,C1CC(C23CN(C2)C3)C1,-0.2223,val
gdb_126724,CCn1cc(C#N)nn1,-0.275,val
gdb_84641,CN1C=CC2CN2C1=O,-0.2122,val
gdb_8621,C#CC(C)(C=O)C=O,-0.257,val
gdb_77257,CC1C(C#N)N1CC=O,-0.2567,val
gdb_49929,C#CC1C=CN(C=O)C1,-0.2207,val
gdb_119359,COCC12CC(O)(C1)C2,-0.2535,val
gdb_111427,OCC1C(CO)C2OC12,-0.2507,val
gdb_39424,C1CC2NC2C2OC2C1,-0.2419,val
gdb_121721,O=CNC(=O)NCCO,-0.2462,val
gdb_242,CC(=O)NC=N,-0.2397,val
gdb_41573,C1OC2CC1C1CCC21,-0.2368,val
gdb_53674,CC#CCNC1COC1,-0.2277,val
gdb_89895,CC1CC2(CC3OC32)O1,-0.2381,val
gdb_39093,C1CC23CCC(C2)C3O1,-0.2423,val
gdb_30348,CC1COc2c[nH]cc21,-0.1855,val
gdb_63351,CC1(C)C=CNC(=O)C1,-0.217,val
gdb_87174,CC(=O)CC1(O)CC1O,-0.24,val
gdb_111249,OCC1C2CCOC1C2,-0.2315,val
gdb_53249,C#CC1(C)CC1C#CC,-0.2267,val
gdb_53523,CC#CCC(C#N)C=O,-0.2596,val
gdb_27599,N#Cc1ncnc(N)n1,-0.2778,val
gdb_14202,OC12CC3CC1N3C2,-0.224,val
gdb_68383,CC12CC(CC3CC31)C2,-0.2519,val
gdb_124747,Cc1onnc1C(C)O,-0.2642,val
gdb_109335,COC1=NCCN1C=O,-0.2346,val
gdb_104441,CC1(CO)COCCO1,-0.2417,val
gdb_24543,c1cc2nccoc-2c1,-0.2066,val
gdb_14386,CC1(O)C2CC3C2C31,-0.2418,val
gdb_102137,C#CCC(C#CC)OC,-0.2509,val
gdb_90001,OC1C=CC2(CCC2)C1,-0.2447,val
gdb_132831,C#Cc1ncncc1F,-0.2654,val
gdb_115025,CCC1OC=NC1C#N,-0.276,val
gdb_84539,CC1C=CC2C1C2(C)C,-0.2211,val
gdb_103824,CC(C)C1NC1(C)CO,-0.2417,val
gdb_54674,NC(=O)C1=CCCC1=O,-0.2452,val
gdb_78935,CC1C2C3C4C(N13)C24O,-0.2114,val
gdb_27247,Cc1occ2c1CCO2,-0.1979,val
gdb_113060,CCC1OC(CC)C1=O,-0.2487,val
gdb_83678,C#CC1C(O)C2CCN12,-0.2189,val
gdb_12873,CC1C2CC=CC12C,-0.2213,val
gdb_123396,C#CCOc1ccon1,-0.2577,val
gdb_18380,C1=CCC2OC2C=C1,-0.2311,val
gdb_115153,CCC1CNC(=O)C1O,-0.238,val
gdb_17529,CC1C2CC3(CO3)C12,-0.2572,val
gdb_20325,C#CCc1ncon1,-0.2732,val
gdb_681,O=C1CC2CC12,-0.2407,val
gdb_20199,C1=CC2C3C1=CCN23,-0.2011,val
gdb_28830,Nc1cccc(=O)cn1,-0.2094,val
gdb_45054,O=C1CC2OC2C12CO2,-0.2525,val
gdb_43102,N=C1C2OC3CCN1C32,-0.237,val
gdb_99532,CC(C#N)C(C#N)CN,-0.2627,val
gdb_76412,CC1C(O)C1(O)C1CC1,-0.2253,val
gdb_46114,C#CCC1CCC(=O)O1,-0.266,val
gdb_11140,C#CC1C=CC(=N)O1,-0.2563,val
gdb_100296,CCC(C)(OC)C(C)O,-0.2502,val
gdb_7480,CC1(NC=O)CCC1,-0.2442,val
gdb_7602,CC1(C(=O)[O-])CC1[NH3+],-0.1671,val
gdb_34710,C#CC1C2C=CC3C2N13,-0.2305,val
gdb_61168,C#CCC(C)C(C)(C)O,-0.2583,val
gdb_128215,CNc1ccnoc1=O,-0.2187,val
gdb_19654,O=C1C2CC3CN2C13,-0.2453,val
gdb_100578,N#CCC(=O)C(O)CO,-0.2815,val
gdb_118100,COCC(C)C1(C)CC1,-0.2501,val
gdb_10561,CCOC1(C=O)CC1,-0.241,val
gdb_76860,CC1C(O)C2C3OC3C12,-0.2452,val
gdb_96862,CN=C1NC(C)C2OC12,-0.2233,val
gdb_84685,CC1C=CC2COC12C,-0.2389,val
gdb_31355,CCc1nc(=O)nco1,-0.264,val
gdb_90312,CC1CC2=NCC(=N)N21,-0.2201,val
gdb_48344,N=C1CC(C=O)(C=O)O1,-0.2661,val
gdb_48614,N=C1OC2CC1(C=O)C2,-0.258,val
gdb_67837,CC12C=CCC1C1NC12,-0.2213,val
gdb_115717,COC1CCC1C(C)C,-0.244,val
gdb_23074,ON=C1CC2C(O)CC12,-0.2435,val
gdb_40405,C1=CC2CC2(N2CC2)C1,-0.2099,val
gdb_22008,CC(=NO)c1cc[nH]c1,-0.199,val
gdb_79227,C#CC12CN3C(C1O)C32,-0.2367,val
gdb_115720,COC1COC1C(C)O,-0.2473,val
gdb_78427,OC1C2C3C4CC3C4C12,-0.2386,val
gdb_84370,CC1C=CC(C)(O)C1O,-0.2413,val
gdb_113673,CCC1OC1C(=O)NC,-0.2457,val
gdb_1358,CC1(O)C(O)C1O,-0.2236,val
gdb_70876,CC12CC3C(C)(C1)C32C,-0.2262,val
gdb_64959,CC1(C(=O)C2CC2)CO1,-0.2452,val
gdb_7578,CC(C)C1(C)CCO1,-0.2386,val
gdb_68549,CC12C=CC(N1)C21CN1,-0.2234,val
gdb_34270,C#CC12CC=C3CN1C32,-0.2174,val
gdb_118886,COCC1(C)CC2OC21,-0.2494,val
gdb_23509,ON=C1C=C2NC3C2C13,-0.2093,val
gdb_106956,CC1(C)CC2(CO)CC12,-0.2489,val
gdb_99280,COC(=O)CCC(C)O,-0.2674,val
gdb_38991,C1CC23CC2OC3CO1,-0.2309,val
gdb_95658,O=C1CNCC(O)C1O,-0.2195,val
gdb_8515,CC12CC3(C)C(O1)C23,-0.2217,val
gdb_19163,OCC1(C2CC2)CN1,-0.2348,val
gdb_77855,N#CC1C2C(O)C(=N)N12,-0.2696,val
gdb_21684,Nc1noc(CO)n1,-0.2461,val
gdb_45380,C#CC12OCC1NC2=N,-0.2406,val
gdb_55666,C#CC(C=O)NC(N)=O,-0.2581,val
gdb_75506,CC1=CCCC2CCC12,-0.2236,val
gdb_29426,N=COc1nc(N)co1,-0.2064,val
gdb_34306,N#CC12CCC(CC1)O2,-0.2785,val
gdb_94377,CC1OCC12OC1CC12,-0.242,val
gdb_86055,CC1=C(C)C(=O)C(C)C1,-0.2289,val
gdb_111895,CCC1N=C(N)C2OC12,-0.2309,val
gdb_79844,OC1C2OCC3C1C32O,-0.2387,val
gdb_74790,CC1=CC2C=CCC1O2,-0.2237,val
gdb_83847,CC1C2OCOC(=O)C12,-0.2648,val
gdb_105070,CC1NC1C1(CO)CC1,-0.2401,val
gdb_50758,O=CN1C=CCCCC1,-0.2188,val
gdb_126218,CCc1cnoc1CO,-0.2477,val
gdb_113143,CC#CC1(C)NC1CO,-0.2345,val
gdb_31823,CNc1ccc(N)cc1,-0.1666,val
gdb_98011,CNC(=[NH2+])C#CC(=O)[O-],-0.2015,val
gdb_81603,CC1C2CC1N2CC#N,-0.2393,val
gdb_87813,CN1CC12CC1C(O)C12,-0.2252,val
gdb_15460,N#CC1=CCNC1=O,-0.2697,val
gdb_104839,N=C1OCC1(CO)CO,-0.2607,val
gdb_5155,N#CCn1cccc1,-0.2207,val
gdb_20312,C#CCc1ccno1,-0.258,val
gdb_86757,C#CC1C=C(C)C(C)O1,-0.2405,val
gdb_29225,Nc1coc(=O)nc1O,-0.2221,val
gdb_95792,O=C1C(O)CCCC1O,-0.2707,val
gdb_71011,CC12CC3CCC3(C1)C2,-0.2559,val
gdb_102685,N#CCCC(CO)CO,-0.2606,val
gdb_1830,N=C1COC(=O)O1,-0.3014,val
gdb_12790,OCC1OC2CC12O,-0.2401,val
gdb_11786,OCC12C=CC(C1)C2,-0.2203,val
gdb_60331,CC(C)OCC(=O)C=O,-0.2438,val
gdb_51921,N=COCC#CC1CN1,-0.2474,val
gdb_69235,O=C1CC(=O)C2(O)CC12,-0.2524,val
gdb_25690,CC#Cc1c[nH]c(N)n1,-0.1879,val
gdb_125080,Cc1nnoc1NC=O,-0.2445,val
gdb_92282,CC1OC2C=CCC2O1,-0.2499,val
gdb_13146,COCC1OCC1C,-0.244,val
gdb_14852,N#CC1CCC1CO,-0.2758,val
gdb_57919,CN(C)C(=O)N1CCC1,-0.2264,val
gdb_62369,N#CC1(O)C2NC1C2=O,-0.2717,val
gdb_56707,C#CC(N)C1(C#N)CC1,-0.2569,val
gdb_12875,CC1C2OC=NC12C,-0.2381,val
gdb_46207,O=C1CCC12C1CCN12,-0.2402,val
gdb_50041,O=CC1CC12COCO2,-0.2467,val
gdb_89980,CC1C(O)CC12COC2,-0.2423,val
gdb_2049,CC1(O)C2CCC21,-0.2406,val
gdb_111016,C#CC12CC(C1)C2CC,-0.254,val
gdb_10641,CNC1(C#N)CC1O,-0.2343,val
gdb_68856,CC12CC1(O)CN1CC12,-0.2229,val
gdb_82312,CC1C2CC2OC12CC2,-0.2169,val
gdb_55369,NC(=O)C1OCC2NC21,-0.2342,val
gdb_117103,CCNC(=O)C(N)C#N,-0.2614,val
gdb_102578,COC(CO)C1CC1C,-0.2557,val
gdb_97876,C#CC(=O)CC#CCC,-0.2496,val
gdb_36345,C#CCN1CC12CCC2,-0.2293,val
gdb_7130,O=CCC(=O)CCO,-0.2513,val
gdb_77897,CC1C(O)C2(O)C(C)C12,-0.2453,val
gdb_6353,COC(=N)NC(N)=O,-0.2482,val
gdb_21999,Nc1coccc1=NO,-0.185,val
gdb_127747,Cn1nnc(NC=O)n1,-0.2533,val
gdb_13443,CC1C(O)C1OC=O,-0.2585,val
gdb_75066,NC1=NCC(=O)C12CO2,-0.2358,val
gdb_48499,O=CC12C3C4CC1N4C32,-0.2353,val
gdb_53801,CC1(C(=O)C(N)=O)CN1,-0.2356,val
gdb_88807,CN1CC1C1COC1=N,-0.2245,val
gdb_101946,COC(C1CC1)C1CC1,-0.2463,val
gdb_22722,CCC12CC(=NO)C1C2,-0.2262,val
gdb_107035,CCC12C=CC(C)C1C2,-0.2228,val
gdb_69626,CC12OC1C1(C#N)OC21,-0.2763,val
gdb_66769,CC12C3CCC1C1C3C12,-0.2316,val
gdb_31328,COc1cc[nH]c1C=O,-0.2116,val
gdb_34241,N#CC12CN3CC1CC32,-0.2477,val
gdb_56098,CC(=O)CNC(=N)C#N,-0.2535,val
gdb_46543,O=C1CCC2(CCC2)C1,-0.234,val
gdb_54768,NC(=O)C1N2CC1(O)C2,-0.2421,val
gdb_60314,C#CC(=O)COC(C)C,-0.2501,val
gdb_82630,CC12C(O)C3CN1C32C,-0.2284,val
gdb_106557,CCC12OC(C1C)C2C,-0.2301,val
gdb_93994,N=CN1CCC(O)C1=O,-0.2487,val
gdb_23817,O=c1cnocc1F,-0.267,val
gdb_20374,c1nncn1C1CC1,-0.248,val
gdb_129749,Nc1cnoc1C1CC1,-0.2022,val
gdb_22849,ON=C1CCCOCC1,-0.2405,val
gdb_131020,N#Cc1cnn(C=O)n1,-0.3095,val
gdb_58987,CC1C=C(C(C)O)CC1,-0.2323,val
gdb_66037,N#CC1CCC1(N)C#N,-0.2836,val
gdb_33254,OCCNc1ccoc1,-0.1865,val
gdb_93923,CC1CCC(C(N)=O)C1,-0.2403,val
gdb_99419,C#CC(C#N)(C#N)NC,-0.2798,val
gdb_36785,N#CCOCC1COC1,-0.2553,val
gdb_89867,C#CC1OC12CN(C)C2,-0.2182,val
gdb_17133,CC1CC(C2CC2)O1,-0.2386,val
gdb_4596,Cc1c[nH]c(=O)cn1,-0.2238,val
gdb_9268,CCC(C)OCC#N,-0.2825,val
gdb_64884,O=CC1CC(O)(C=O)C1,-0.2588,val
gdb_92586,CC12CCCC1CC2O,-0.2484,val
gdb_35584,N#CC1OC2CCNC12,-0.245,val
gdb_121415,OCCC1CCCOC1,-0.2435,val
gdb_97235,CN=C1NCCCC1=O,-0.2267,val
gdb_84779,CC1(C=O)CC=CC1O,-0.2505,val
gdb_2323,CC1NC1CC=O,-0.2396,val
gdb_71865,CC12CC3OC(=O)N1C32,-0.2727,val
gdb_56502,C#CC(C)C(C)(O)C#C,-0.2553,val
gdb_121088,CC1=CC(CCO)OC1,-0.2286,val
gdb_97389,CN=COC12CN(C1)C2,-0.2522,val
gdb_1870,CC1CNC(=O)N1,-0.2446,val
gdb_24015,N#CC1Cc2cccn21,-0.2176,val
gdb_6049,CC(O)C(C)(C)CO,-0.2606,val
gdb_27673,Cc1cc(N)[nH]c1C#N,-0.1986,val
gdb_7609,CC(=O)C1(C)NC1C,-0.2476,val
gdb_16653,O=C1C(O)CC2CC12,-0.2338,val
gdb_120051,CCOC1C2CC3C1N23,-0.2447,val
gdb_7493,CCCC1(O)CCC1,-0.2511,val
gdb_33077,CCCc1coc(C)n1,-0.2269,val
gdb_18290,OC1C2C=CCOC12,-0.2239,val
gdb_99680,C#CC(CO)C1CCO1,-0.2487,val
gdb_115896,CCC1CCC2CC1O2,-0.2334,val
gdb_90145,OC1CC23C=CCC12N3,-0.2194,val
gdb_133258,Cn1nnc(F)nc1=N,-0.26,val
gdb_38264,C1COC23CC(C2)C3O1,-0.2351,val
gdb_30855,CNc1[nH]c(O)cc1O,-0.1656,val
gdb_41780,C1=NC2CCC2OCO1,-0.2375,val
gdb_94067,CC1COC(C#N)CO1,-0.2587,val
gdb_20169,C1OC2CN3CC1C23,-0.2152,val
gdb_45235,O=C1CC2CC3OC2C13,-0.2356,val
gdb_130933,O=CCc1noc(=O)o1,-0.2847,val
gdb_104245,C#CC1COC1(C)CO,-0.2534,val
gdb_75507,CC1=CCCC2COC12,-0.2366,val
gdb_71189,N#CC1C2C3N2CC13O,-0.2515,val
gdb_68250,OC12CC(C1)C1OCC12,-0.2449,val
gdb_78455,CC1C2OC1C1C(O)C21,-0.2379,val
gdb_87491,CC1NC12C1NC2C1O,-0.2401,val
gdb_115096,O=C1CN=COC1CO,-0.2451,val
gdb_117008,CCCC(=O)C#CCO,-0.2555,val
gdb_124295,CC(=O)c1nonc1O,-0.2717,val
gdb_124720,CC(N)=Nc1nnon1,-0.2404,val
gdb_47106,O=C1NCC2COCC12,-0.2439,val
gdb_96730,CN=C(NC=O)C1CN1,-0.2347,val
gdb_121589,CCCNC(=[NH2+])C(=O)[O-],-0.2277,val
gdb_131468,OC1C=Cc2cn[nH]c21,-0.2114,val
gdb_64477,CC1(C)CCCCOC1,-0.2421,val
gdb_37994,C1=CC2=CC3CC3C2C1,-0.1999,val
gdb_73318,CC12CCC34OC(C13)C24,-0.2261,val
gdb_109127,CCC1=CCC(=O)NC1,-0.2366,val
gdb_112607,COC1CC(O)(C=O)C1,-0.2582,val
gdb_69939,CC12C=C3COC3C1N2,-0.2326,val
gdb_11741,O=C1OC2(CO)CC12,-0.2826,val
gdb_46294,O=C1OCC12CN=CO2,-0.2673,val
gdb_52446,N#CCNCCOC=O,-0.2623,val
gdb_15263,CCC1C(CC)N1C,-0.2106,val
gdb_124051,c1cc2n(n1)C1COC21,-0.2451,val
gdb_35731,C#CC1CC2(CN2)CO1,-0.248,val
gdb_50961,N#CCC(C=O)OC=N,-0.282,val
gdb_103656,COC1(C)C=CC(O)C1,-0.2493,val
gdb_116103,COC1CNCC(=O)O1,-0.2301,val
gdb_130055,Nc1nn(C=O)nc1N,-0.2228,val
gdb_93594,C#CC1=NCC(C)CO1,-0.2472,val
gdb_85867,CC1CC(C)(O)C12CC2,-0.2477,val
gdb_119489,CCCC12NC1C1OC12,-0.2163,val
gdb_14004,N#CC1NC12CCC2,-0.269,val
gdb_20462,C1NCc2n[nH]nc21,-0.2356,val
gdb_20778,Cc1noncc1=N,-0.2637,val
gdb_73295,CC12OCC3(O)C1CC32,-0.2366,val
gdb_122581,OCCCC1CN=CO1,-0.2465,val
gdb_69340,CC12CC(O)(C#N)C1N2,-0.2682,val
gdb_115590,CCC1CCC1(C)CC,-0.2726,val
gdb_47402,O=C1CCNC12COC2,-0.2282,val
gdb_59899,CC(C)OC(=O)CC#N,-0.2914,val
gdb_54862,CC(=O)C1C=CC2NC21,-0.2316,val
gdb_3276,N=C1OC2COC12,-0.2644,val
gdb_78577,CC1C2C3C(C#N)C2C13,-0.3011,val
gdb_85793,C#CC1(C)NC(C)C1=O,-0.2404,val
gdb_100384,N#CC(O)(CO)CC=O,-0.2625,val
gdb_68428,N#CC1NC2CC1(N)C2,-0.2373,val
gdb_3812,COc1nnon1,-0.2889,val
gdb_23042,CC(=NO)C1C(O)C1O,-0.2268,val
gdb_39348,C1CC2OC23COCC13,-0.2487,val
gdb_91102,CC1OC2C3CC=C1C32,-0.2185,val
gdb_29330,N#Cc1occ(N)c1N,-0.2177,val
gdb_110937,CCC1OC2C(CO)C12,-0.2375,val
gdb_5629,Nc1c[nH]cc1CO,-0.176,val
gdb_45576,N=C1OC2CCCCC12,-0.2561,val
gdb_88987,CN1CC1CC1CC1O,-0.218,val
gdb_23479,ON=C1CN2CC(O)C12,-0.2333,val
gdb_39165,C1CC23NC2COC3=N1,-0.2466,val
gdb_35378,N#CC1OC2C3OC1C23,-0.2454,val
gdb_72689,CC12COC1(C=O)CN2,-0.2308,val
gdb_57821,C#CC#CC(=O)C(C)C,-0.26,val
gdb_74869,CC1=CC2NC2C1C=O,-0.2331,val
gdb_74260,CC1=CC(C)(C)C(=O)N1,-0.2102,val
gdb_83908,N#CC12OCCC1C2N,-0.2382,val
gdb_73275,CC12COCCC1OC2,-0.2389,val
gdb_16840,CC1OC(C)C2NC12,-0.2367,val
gdb_96894,CN=C1NC2(C)CC12O,-0.214,val
gdb_90719,CC1CC2C1CC21CO1,-0.254,val
gdb_79030,CN1C2C3C1C2N1CC31,-0.2077,val
gdb_58547,CC(O)C1(N)COC1=N,-0.2482,val
gdb_12236,CC1C(=N)OC1CO,-0.2628,val
gdb_541,N=COCCO,-0.27,val
gdb_32237,CNc1ncccc1N,-0.1891,val
gdb_64581,CC1(C=O)C2CN=CN21,-0.2508,val
gdb_11827,CC1CC2(CC2)C1C,-0.2582,val
gdb_26213,CC(O)c1ccn(C)c1,-0.2069,val
gdb_65764,CC1(CC=O)C=CCC1,-0.2399,val
gdb_75657,O=C1C2CC(O)(C2)C1O,-0.2429,val
gdb_37186,C1OC23CC(C4OC42)C13,-0.2448,val
gdb_81763,N#CC12NC1C(O)C2O,-0.2616,val
gdb_22057,CC(=O)CCC(C)=NO,-0.2376,val
gdb_122816,CCC(=O)OCCOC,-0.2598,val
gdb_80070,OC1C2C=CC3OC2C31,-0.241,val
gdb_131559,OC1COc2nnoc21,-0.2459,val
gdb_27338,Nc1nc(=O)c(N)co1,-0.2105,val
gdb_100181,CC(O)C(C)(C=O)CO,-0.2481,val
gdb_94894,OC1CCC2=C1CCC2,-0.2197,val
gdb_100161,CC#CC(C)(C=O)CO,-0.2377,val
gdb_54507,CC(=O)C12C=CCC1N2,-0.241,val
gdb_113724,CCC1CN1C(C)C#N,-0.2462,val
gdb_27362,Cc1nc(=N)cc(O)o1,-0.2208,val
gdb_110528,CCC1C2OC3C1C23C,-0.2253,val
gdb_35492,N#CC1NC2CN3C1C23,-0.2474,val
gdb_57695,C#CCCC(C)(O)C#N,-0.2707,val
gdb_95532,CN1CCC=CC1C#N,-0.2344,val
gdb_76265,CC1C(=O)C=C(N)C1O,-0.2203,val
gdb_84983,N#CC1=CC(O)CC1=O,-0.2686,val
gdb_24685,c1ccc2c(c1)CCO2,-0.2075,val
gdb_58815,CC(C)C12CC1C1CN12,-0.2163,val
gdb_104362,CCC1(C)CCOC1=O,-0.2588,val
gdb_130637,O=C1CCc2cnoc21,-0.2601,val
gdb_25444,O=Cn1ccc(=O)nc1,-0.2553,val
gdb_105201,CCC1(C(C)=O)OC1C,-0.2409,val
gdb_114398,CCC1CC2C(=O)OC12,-0.2704,val
gdb_6334,CC(=O)CC(=O)CO,-0.2505,val
gdb_26691,Cc1[nH]c(N)c(O)c1O,-0.1647,val
gdb_24507,c1ccc2occc2c1,-0.2193,val
gdb_102242,C#CC(CC)CC(N)=O,-0.2405,val
gdb_72158,CC12OC3CC1CC3O2,-0.2504,val
gdb_65952,N#CC1(N)CNC12CC2,-0.2329,val
gdb_105783,CCC1(C=O)OCCO1,-0.2375,val
gdb_31090,COc1cc(C)[nH]c1O,-0.1686,val
gdb_12145,C1CC12CC1(CC1)C2,-0.254,val
gdb_64484,CC1(C)OCCCCO1,-0.2404,val
gdb_73105,CC12CCC1NC(=O)O2,-0.2545,val
gdb_20793,CCc1nn[nH]c1C,-0.2386,val
gdb_16398,N=C1OCC2CC1C2,-0.2518,val
gdb_108847,CCC1=CC(C)CC1=O,-0.2339,val
gdb_25924,CC(=O)n1ccnc1N,-0.1999,val
gdb_118965,CCOC1(C)CCC1C,-0.2395,val
gdb_66191,OC1(C2CN2)C=CCC1,-0.2327,val
gdb_50943,O=COC(C=O)C1CN1,-0.2604,val
gdb_86102,CC1=CC(C=O)C(C)C1,-0.2306,val
gdb_48970,O=CC12NC3COC1C32,-0.225,val
gdb_37805,C1OCC2C3CC1CN23,-0.2228,val
gdb_9660,CC1(C=O)NC1CO,-0.2616,val
gdb_124782,CC(O)c1nc(N)no1,-0.2416,val
gdb_4508,Cc1nc(O)c(N)[nH]1,-0.1857,val
gdb_128879,N#Cc1nnn2c1CC2,-0.2726,val
gdb_97971,CCC#CCOC(C)C,-0.2391,val
gdb_45605,O=C1OC2COCOC12,-0.2592,val
gdb_51148,O=CCC12CC1CC2=O,-0.2491,val
gdb_36412,N#CCN1CC2CC1C2,-0.2285,val
gdb_18576,CC1CC2N=COC12,-0.2422,val
gdb_8645,N#CC(N)(C#N)CO,-0.3013,val
gdb_53600,CC#CCC1OC2CC12,-0.2353,val
gdb_85290,CC1OC(=O)C2CC12C,-0.2574,val
gdb_83906,CN1C2COCC21C#N,-0.2499,val
gdb_12970,CC1N2CC(O)C12C,-0.2248,val
gdb_126224,CCc1[nH]nc(O)c1N,-0.2093,val
gdb_53953,CC(C)(C(N)=O)C1CN1,-0.2345,val
gdb_61292,CN(CC#N)CC(N)=O,-0.2457,val
gdb_129652,Nc1oncc(=O)c1N,-0.2108,val
gdb_127629,Cn1ncc2ccoc21,-0.2121,val
gdb_129308,C#Cc1cc(=N)onn1,-0.2601,val
gdb_127638,Cn1nccc(N)c1=O,-0.2053,val
gdb_108705,OCC1=C2CCC2OC1,-0.2187,val
gdb_8462,CC12CC(=O)C1(C)N2,-0.2295,val
gdb_74160,NC1=CC(=O)OC12CC2,-0.2309,val
gdb_81350,CC1C(C)C2CC1C2C,-0.276,val
gdb_41911,C1CC2C3CCC1CC23,-0.2513,val
gdb_77165,CC1C(=O)OC1C1CO1,-0.2723,val
gdb_69576,O=C1C2(O)CC2C12CO2,-0.2369,val
gdb_118028,C#CC(O)C(O)CCO,-0.2546,val
gdb_114107,COC1CC2(O)CCC12,-0.2379,val
gdb_42429,N#CC(=O)OC1COC1,-0.2738,val
gdb_62910,CC1(C)C2CN1C2C=O,-0.2345,val
gdb_13671,C#CCCC1CC1O,-0.2534,val
gdb_15929,N#CC12COC1CN2,-0.2512,val
gdb_50793,C#CC#CC(=O)OC=N,-0.2761,val
gdb_95797,CC1CCCC(C)C1C,-0.2825,val
gdb_41447,C1OC2C3OC24CNC134,-0.2225,val
gdb_75430,CC1=CCOC(=O)NC1,-0.2488,val
gdb_7879,N=C1C=C(N)C(=O)N1,-0.2237,val
gdb_125449,Cc1nc(N=CN)no1,-0.2303,val
gdb_12454,O=C1CC=CCNC1,-0.221,val
gdb_72463,CC12CC=CC(C1)OC2,-0.2335,val
gdb_5491,C#Cc1c[nH]cc1C,-0.2029,val
gdb_16852,O=C1C=CC2CC2O1,-0.2595,val
gdb_73210,CC12CC=CCC1OC2,-0.2392,val
gdb_106692,CC12CC1(CO)N1CC12,-0.2356,val
gdb_34489,N#CC1=C2CCC2OC1,-0.2517,val
gdb_119454,O=C1OC2(CCO)CC12,-0.2702,val
gdb_39312,C1CC2CN2C2COC12,-0.2199,val
gdb_47213,C#CC1C=CCCC1=O,-0.2377,val
gdb_103384,CC1(CO)C(=O)C2NC21,-0.2435,val
gdb_48672,N=C1OCC2(C=O)OC12,-0.2752,val
gdb_87051,C#CC1(C2CC2)OC1C,-0.2552,val
gdb_287,CC(=O)C(C)O,-0.263,val
gdb_126195,CCc1c(N)n[nH]c1C,-0.1952,val
gdb_75542,CC1=CCOCC1(C)O,-0.238,val
gdb_78644,OC1C2=CCC3(O)C2C13,-0.222,val
gdb_38310,C1OC2CC1C1CC2O1,-0.2329,val
gdb_68249,OC12CC(C1)C1COC12,-0.2423,val
gdb_31453,CCc1nc(C#N)c[nH]1,-0.2421,val
gdb_19035,O=C1CC2CN3C1C23,-0.2404,val
gdb_72670,C#CC12CNC1(C)CN2,-0.2218,val
gdb_34941,N#CC1C2OC3(CC3)C12,-0.2484,val
gdb_80258,O=C1CC2C=CC1C2O,-0.2229,val
gdb_42463,C#CCC(=O)CCC#N,-0.2681,val
gdb_60669,C#CC(C)(C=O)C1CN1,-0.2443,val
gdb_122080,CCCOC(C#N)CC,-0.2819,val
gdb_25185,N=c1ccccoc1=O,-0.2387,val
gdb_43342,O=C1C=CC2CC=CN12,-0.2145,val
gdb_92922,CC1CC=CC(C#N)O1,-0.2708,val
gdb_43426,N=C1OC(=O)C=CC1=O,-0.2862,val
gdb_3457,O=C1C2CCC1C2,-0.2324,val
gdb_114651,O=C1C2CC(CO)C1C2,-0.2329,val
gdb_7132,O=CNC(=O)CCO,-0.2522,val
gdb_4704,C#Cc1cnc(O)o1,-0.2209,val
gdb_14407,OC12CC3OC1CC32,-0.2318,val
gdb_89528,CN1CC2(O)COCC12,-0.2188,val
gdb_76975,CN1C(C=O)C1C1CC1,-0.2274,val
gdb_125527,Cc1cc2n(n1)C1CC21,-0.2286,val
gdb_123044,CCCCCC1COC1,-0.2411,val
gdb_54611,CC1=C(C(=O)[O-])C[NH2+]C1,-0.1736,val
gdb_64976,CC1(C(=N)OC=O)CC1,-0.2757,val
gdb_111384,N#CC1C(CO)C2CN12,-0.2568,val
gdb_763,Nc1conn1,-0.2311,val
gdb_38249,C1OCC23CC(C2)OC13,-0.2458,val
gdb_118586,COCC(CCO)OC,-0.2427,val
gdb_104278,CC1(CO)COC1C=O,-0.2427,val
gdb_21428,N=c1cnoc(=O)o1,-0.3116,val
gdb_88251,CC1CC1C#CCC=O,-0.2359,val
gdb_95926,CN1CCCC1(C)C#N,-0.2301,val
gdb_61312,C#CCC(O)CN1CC1,-0.2471,val
gdb_8659,CNC(C)(C#N)C=O,-0.2554,val
gdb_92711,NC1=NCC(O)C12CO2,-0.2359,val
gdb_79311,C#CC12C3CC1C2C3O,-0.2268,val
gdb_59936,C#CC(C)(C)CC(C)C,-0.2546,val
gdb_56586,CC(C(N)C#N)C1CO1,-0.2638,val
gdb_126349,CCc1nc(=N)cno1,-0.2595,val
gdb_97553,CCC#CC(C)(O)CO,-0.2465,val
gdb_19724,C1CC2OC1C1OC21,-0.2522,val
gdb_101975,C#CC(C=O)(C=O)OC,-0.2464,val
gdb_102441,CCC(OC)C(=O)C#N,-0.2738,val
gdb_35494,N#CC1OC2CN3C1C23,-0.2572,val
gdb_18351,OC1C=CC2CCC12,-0.2417,val
gdb_112645,CCC1CC(C)=CC1O,-0.2404,val
gdb_64901,CC1(C#N)OC1(C)C#N,-0.3179,val
gdb_6343,CCC(=O)NC(C)=O,-0.2415,val
gdb_88843,CC1CC1C1C=CCC1,-0.2326,val
gdb_99795,C#CC(C)(C#CC)CC,-0.2467,val
gdb_112733,COC1CC(C)C1(C)O,-0.244,val
gdb_28910,Nc1cccc(O)c1N,-0.1837,val
gdb_54485,NC(=O)C12CN=CN1C2,-0.2492,val
gdb_79201,CC1N2C3CC(C3)C12C,-0.2158,val
gdb_104254,CCC1(N)CNC1C#N,-0.2458,val
gdb_44460,O=C1CC23CC(N2)C3O1,-0.2527,val
gdb_114430,CCC1OC2C3OC1C23,-0.2174,val
gdb_31832,CNc1cnc(O)cn1,-0.1975,val
gdb_33006,CCOc1cncnc1,-0.2441,val
gdb_73164,CC12CCC1CC2C#N,-0.2822,val
gdb_79960,CN1C2C=CC(C)(C)C21,-0.2191,val
gdb_100481,OCC(O)C#CC1CN1,-0.2458,val
gdb_67475,OC12C3CC1C2OCO3,-0.23,val
gdb_58447,CC(C)C1(C)CC(=O)C1,-0.238,val
gdb_86656,O=CN1CC(O)CC1=O,-0.2473,val
gdb_4517,Nc1nc(O)[nH]c1O,-0.1691,val
gdb_35327,C#CC1CC2(CCO2)C1,-0.2416,val
gdb_50516,O=CC1=CN(C=O)CC1,-0.2343,val
gdb_21,CC(C)C,-0.3167,val
gdb_42730,O=C1C2CC(N2)C12CN2,-0.2279,val
gdb_40417,C1=CC2(N3CC3)CC2C1,-0.2237,val
gdb_22883,CC1C(=NO)C=CN1C,-0.1807,val
gdb_56495,C#CC(O)C(C#C)C#C,-0.2641,val
gdb_36555,N#CCCC#CC1CN1,-0.2454,val
gdb_76147,CN1C(C(N)=O)C1(C)C,-0.2177,val
gdb_25957,CC(=O)Cc1ccco1,-0.219,val
gdb_1234,CC(C)C#CC#N,-0.2826,val
gdb_21068,Cc1cnn(C)c1O,-0.207,val
gdb_69965,CC12CCC1N1CC12C,-0.2136,val
gdb_104295,CC1(CO)CCC2NC21,-0.2358,val
gdb_107700,CCC12CC3(C)C1OC32,-0.2269,val
gdb_44567,O=C1CC2C1CC1CN12,-0.2367,val
gdb_132385,Nc1cc(O)nc(F)n1,-0.2394,val
gdb_11435,O=C1COC(CO)C1,-0.2537,val
gdb_123513,c1cc2ncnnn2c1,-0.2293,val
gdb_33897,C#CC12NC1C1CCC12,-0.2192,val
gdb_100853,COC(C)C(C#N)C=O,-0.2707,val
gdb_69107,C#CC12COCC1(O)C2,-0.2488,val
gdb_61325,N#CC#CCC(O)C#N,-0.3005,val
gdb_116721,COC=NC1COC1=O,-0.2503,val
gdb_8314,CCOC1CC(O)C1,-0.2477,val
gdb_86492,CC1CC(C=O)(C=O)N1,-0.2384,val
gdb_55848,CC(=N)OC1CC1(C)O,-0.2463,val
gdb_80008,CC1C2C=CC1C1CC21,-0.2305,val
gdb_31071,COc1nc(N)[nH]c1C,-0.1671,val
gdb_109142,O=C1NC=C(CO)CN1,-0.2036,val
gdb_48835,O=CC12CC1COC=N2,-0.2477,val
gdb_45874,C#CC1CN=CNC1=O,-0.2574,val
gdb_116039,COC1CCC=CC1O,-0.2456,val
gdb_87299,C#CCC1(C#C)NC1C,-0.2406,val
gdb_11626,CC(O)COC1CC1,-0.2545,val
gdb_85819,CC1CC(C)(C#N)N1C,-0.2297,val
gdb_56531,C#CC(C)C(C)(O)C=O,-0.2557,val
gdb_966,Cc1cc[nH]c1N,-0.1911,val
gdb_83433,OC1C2CCC12C1CO1,-0.2422,val
gdb_83089,CC1C2N=COC1C2O,-0.2425,val
gdb_9684,CCC1NC1(C)CO,-0.2416,val
gdb_81902,CC1C(=O)C(=O)C2NC12,-0.2317,val
gdb_46787,O=C1CC2CC(CO1)O2,-0.2567,val
gdb_106,C1C2CC1O2,-0.2352,val
gdb_20370,C1CC1c1nnon1,-0.2877,val
gdb_20057,C1=NC(C2CC2)CO1,-0.2466,val
gdb_20259,C1C2OC3C4C1C2C34,-0.2247,val
gdb_46027,C#CC1CCC(=O)C1=O,-0.2365,val
gdb_128329,C#Cc1c[nH]nc1NC,-0.1935,val
gdb_115397,OCC1OCC(O)CO1,-0.2549,val
gdb_114737,CCC1CC2CC2C1O,-0.2538,val
gdb_117707,CCOC(C)(C)CC=O,-0.2385,val
gdb_78565,CC12C3C(=O)C1C2C3O,-0.2349,val
gdb_103252,CC1(CO)C2NC(=O)C21,-0.2455,val
gdb_66474,CC12CC3C1C1C2C31O,-0.2287,val
gdb_79877,CC1C2C3CCC3C12C,-0.2216,val
gdb_20959,CCOc1cn[nH]n1,-0.2312,val
gdb_61459,CC(=O)OC(C)C1CN1,-0.2451,val
gdb_61167,C#CCC(C)C(C)(C)C,-0.2569,val
gdb_7208,CC#CC(=O)C(N)=O,-0.2443,val
gdb_103165,O=C1CC(O)C1(O)CO,-0.2329,val
gdb_65904,CC1(C(=O)C#N)COC1,-0.2702,val
gdb_77443,CC12OC(=O)C1(N)C2N,-0.233,val
gdb_13942,OC1CCC12CCO2,-0.2364,val
gdb_102968,CCC(C=O)OCC=O,-0.2557,val
gdb_116480,CCC1C=CCCCO1,-0.2398,val
gdb_59894,C#CCC(=O)CC(C)C,-0.2445,val
gdb_68572,CC12CC=CC(C1)C2=O,-0.2221,val
gdb_88709,CC1OC1C1CC1C#N,-0.2703,val
gdb_12254,NC1C(=O)OC1CO,-0.2528,val
gdb_89376,CC12CC(O)CC1(C)C2,-0.2495,val
gdb_65366,N#CC1(N)CC1N1CC1,-0.2378,val
gdb_16170,CCC12CC1CCO2,-0.2242,val
gdb_51316,O=CNC1=CCOCC1,-0.2206,val
gdb_37101,C1OC12C1NC1C21CO1,-0.2438,val
gdb_2120,N=C1OCOC1=O,-0.2906,val
gdb_78120,CC1C2C(C#N)C(=N)N12,-0.2635,val
gdb_17439,OC1C2C3CC1(O)C32,-0.2446,val
gdb_124996,Cc1onc(N)c1CO,-0.2246,val
gdb_8378,O=C1CC2(CC2O)N1,-0.2399,val
gdb_79147,OC1CC2C3C(O)C1C23,-0.238,val
gdb_12484,O=C1CCCCOC1,-0.2328,val
gdb_126285,CCc1cc(=N)onn1,-0.2558,val
gdb_47578,O=C1OCCC2CC2O1,-0.2719,val
gdb_33263,COCCn1ccnc1,-0.2227,val
gdb_44792,O=C1OC2CC13OCC23,-0.2546,val
gdb_93630,CC1CCC(C#N)C1C,-0.3022,val
gdb_114525,COC1CN2CC(C)C12,-0.2099,val
gdb_586,CC#CC1CN1,-0.229,val
gdb_127075,Cc1onnc1N(C)C,-0.235,val
gdb_58933,CC(C)C12CC3CC1N32,-0.2359,val
gdb_27671,C#Cc1nc(O)[nH]c1O,-0.189,val
gdb_7749,CC1=CCOC(=O)C1,-0.2547,val
gdb_57417,CC(C)(O)C1CC(=O)C1,-0.2335,val
gdb_19882,OC1C2CC3NC3C12,-0.2193,val
gdb_96335,CC1COCOC(C)C1,-0.2446,val
gdb_76877,CC1C2C=CC(O2)C1O,-0.2409,val
gdb_98969,CCC(=N)NC(=O)CO,-0.2599,val
gdb_105353,COC1(C=O)CC2CC21,-0.2429,val
gdb_118633,COCC(C=O)NC=O,-0.2552,val
gdb_82401,CC1C(=O)OCC2CC21,-0.2608,val
gdb_2665,CCN=CNC=O,-0.2511,val
gdb_11854,CCC1CC2(CC2)C1,-0.2594,val
gdb_100117,CCC(C)(C)CN1CC1,-0.2299,val
gdb_118076,COCC(C)C(C)CO,-0.2505,val
gdb_93602,CC1=C(C#N)CCC1O,-0.2552,val
gdb_43886,O=C1CC2(CN3CC32)O1,-0.2531,val
gdb_84274,CC1C=C2CCC2C1O,-0.222,val
gdb_29312,C#Cc1occ(N)c1C,-0.1947,val
gdb_21444,N=c1onnoc1=N,-0.3006,val
gdb_31146,CNc1c(N)coc1N,-0.1687,val
gdb_101924,CCN(C(N)=O)C1CC1,-0.2171,val
gdb_95654,O=C1CCCC(O)C1O,-0.2392,val
gdb_33805,N#CC12C=CC(C=C1)C2,-0.2457,val
gdb_85257,CC1CC2(CN2)C(=N)O1,-0.2501,val
gdb_70993,OC12C=CC3(C1)OCC23,-0.2295,val
gdb_9982,C#CCC(C=O)C=O,-0.2622,val
gdb_74091,CC12OC1C(=O)C=C2N,-0.2224,val
gdb_39168,C1CC23OC2COC3=N1,-0.2482,val
gdb_18802,C1=CC2OC3C1NC23,-0.2306,val
gdb_38528,C1CC2C(=N1)OC1CC12,-0.2414,val
gdb_50212,O=CC1NC2C3OC1C23,-0.227,val
gdb_4839,CCc1ncc(O)[nH]1,-0.1932,val
gdb_132786,Nc1ncnc(F)c1O,-0.2246,val
gdb_88750,CC1CC1C1CC2CC21,-0.2476,val
gdb_8605,C#CC(C)(C#C)C#N,-0.2868,val
gdb_16406,O=C1NCC2CC1C2,-0.2361,val
gdb_83899,CC1C2OCOC12C#N,-0.2698,val
gdb_49243,O=CC1=CCC2CCC12,-0.2466,val
gdb_67969,CC12COCC1C(=O)O2,-0.267,val
gdb_86438,CC1C=CC=CC(C)O1,-0.2157,val
gdb_113040,C#CCC1CC(CC)C1,-0.2554,val
gdb_115296,CC1=CCC(CO)OC1,-0.2399,val
gdb_118126,CCOC(C)C1CC1O,-0.2213,val
gdb_43321,N#CC12OC1C=CC2=O,-0.2753,val
gdb_12065,CC1(CO)CN2CC21,-0.2292,val
gdb_60427,CC(=O)COCC(C)C,-0.2443,val
gdb_27740,Cc1nc(N)c(C=O)[nH]1,-0.205,val
gdb_114407,CCC1OC2C(=O)OC12,-0.2617,val
gdb_8606,C#CC(C)(C#N)C#N,-0.3127,val
gdb_129298,N=c1onccnc1=O,-0.2786,val
gdb_25753,Cc1occc1C(N)=O,-0.2261,val
gdb_4187,CC1C2C(=NO)CN12,-0.2278,val
gdb_49581,N#CC1C(C=O)C2NC12,-0.2473,val
gdb_59661,CC(O)C1COC1(C)C,-0.2403,val
gdb_96056,N=COC1CCCC1O,-0.2517,val
gdb_21378,c1nn2cnnc2[nH]1,-0.24,val
gdb_8628,C#CC(C)(C#C)CO,-0.2576,val
gdb_94918,C#CC1C2C(O)CCN12,-0.2259,val
gdb_51444,O=CCC1C(=O)C2OC12,-0.2508,val
gdb_90941,OC1CC2C3OC1C23O,-0.234,val
gdb_34051,N#CC12CNCCN1C2,-0.2421,val
gdb_45570,O=C1NC2COCC2N1,-0.241,val
gdb_63532,CC1(C)CC12CC1OC12,-0.2443,val
gdb_46346,N#CC#CC1CNC1=O,-0.2686,val
gdb_113438,CCC1NC12CC(O)C2,-0.2373,val
gdb_93144,CC1=CCC=CCC1O,-0.2236,val
gdb_71941,CC12CCN3CC(O1)C32,-0.2137,val
gdb_98418,CNC(=O)C1(C)CN1C,-0.2202,val
gdb_49750,O=CC1C=CC(=O)C1=O,-0.2467,val
gdb_95624,CC1C(=O)COCC1O,-0.2406,val
gdb_83209,CC1C2COC(C#N)C12,-0.2741,val
gdb_97776,CCC#CC1OC1(C)C,-0.2404,val
gdb_42941,O=C1C2CC(O2)C2CC12,-0.2292,val
gdb_65477,CC1(CC2(O)CC2)CO1,-0.2422,val
gdb_81832,CN1C(C#N)C2(O)CC12,-0.228,val
gdb_93254,CN1CCC(=O)C(O)C1,-0.2283,val
gdb_8859,C#CC(=O)C(O)CC,-0.2708,val
gdb_48882,O=CC12CCN3C(C1)C32,-0.2488,val
gdb_60926,CC1C(C(O)C=O)N1C,-0.2267,val
gdb_84199,CC1C=C(C=O)NC1=O,-0.2377,val
gdb_109752,COC1C(C)C1C(N)=O,-0.2337,val
gdb_45149,O=C1CN2CC3(CC3)C12,-0.2314,val
gdb_98942,C#CC(=N)OC(=O)CN,-0.2542,val
gdb_14196,CC12CC3OC1C3N2,-0.2307,val
gdb_117422,C#CCOC(=N)OCC,-0.2612,val
gdb_111118,CCN1C2CC1C1OC12,-0.2066,val
gdb_81953,O=C1C(O)C2CC2C1O,-0.2631,val
gdb_91907,CC1CC(O)C2CC2O1,-0.2399,val
gdb_41488,C1OC2CC3OCC23O1,-0.253,val
gdb_42273,N#CC(=O)C1CC2CN21,-0.2623,val
gdb_64151,CC1(O)CCN(C=O)C1,-0.2351,val
gdb_121404,CCOC1COCOC1,-0.2439,val
gdb_54183,NC(=O)C1(O)CC1C=O,-0.2399,val
gdb_123560,C1c2onnc2N2CC12,-0.2353,val
gdb_46790,O=C1CCC2CC(C2)N1,-0.2339,val
gdb_43440,N=C1CC2(CC2)C(=O)N1,-0.2566,val
gdb_44442,O=C1CC2C3CC1OC23,-0.2257,val
gdb_131480,OC1CC1c1cnno1,-0.2492,val
gdb_50952,N#CCC(C#N)CC=O,-0.279,val
gdb_124276,CC(=O)c1cc(C)[nH]n1,-0.2385,val
gdb_26139,CN(C)c1ocnc1N,-0.1961,val
gdb_78475,OC1C2C3COC(C3)C12,-0.2426,val
gdb_39364,C1CC2NC23CNC3=N1,-0.2236,val
gdb_76161,CC1(O)C(N)C1(C)C#N,-0.2502,val
gdb_58763,CC(O)C12C=CC(C1)C2,-0.2278,val
gdb_72806,O=C1C=CC2(O)CCC12,-0.2368,val
gdb_94813,CC1OCC2(CO2)C1C,-0.2465,val
gdb_63414,CC1(C)CN(C=O)C=N1,-0.2439,val
gdb_34414,N#CC12CCOC1CO2,-0.2744,val
gdb_108564,OCC12CCC3OC1C32,-0.2209,val
gdb_76444,CC1C(O)C1(C)CC=O,-0.2391,val
gdb_74981,CC1=CC2CCC2(O)C1,-0.226,val
gdb_28954,O=CCn1cccc1O,-0.1927,val
gdb_113198,CCC1OC1(C)C(C)C,-0.2523,val
gdb_45763,C#CCN1C=NCC1=N,-0.2267,val
gdb_54212,CC1(C(N)=O)CC=CC1,-0.2377,val
gdb_15388,CCOC1CC1C#N,-0.2609,val
gdb_6320,CC(=O)OC(C)C=O,-0.2637,val
gdb_75938,CC1=CCCC(=O)C1O,-0.2367,val
gdb_19737,C1OC2C3CC2C1O3,-0.2272,val
gdb_28876,Cc1nccc(O)c1N,-0.2006,val
gdb_84865,CC1C=CCC=CC1C,-0.2314,val
gdb_38518,C1=C2CC3CC(OC1)C23,-0.2355,val
gdb_131801,OCCCc1cnn[nH]1,-0.2501,val
gdb_2106,CC1CCOCO1,-0.2584,val
gdb_43665,N=C1CC(CC2CO2)O1,-0.2653,val
gdb_124072,c1[nH]nnc1C1COC1,-0.2513,val
gdb_106149,CNC12C3CC1(O)C2O3,-0.2113,val
gdb_133086,COc1cncc(F)n1,-0.2437,val
gdb_47962,N#CC(C#CC=O)C=O,-0.2912,val
gdb_99708,CC#CC(CC)C1CO1,-0.2429,val
gdb_61134,C#CCC(O)C#CC#N,-0.2789,val
gdb_23182,ON=C1CCOC12CC2,-0.2266,val
gdb_10069,CCC(CC)CC#N,-0.3118,val
gdb_81335,CC1C2CC1C(C)(C)C2,-0.2785,val
gdb_72983,N#CC1(O)C2NCC21N,-0.2417,val
gdb_54018,CC(=O)N(C=O)C(C)=O,-0.2769,val
gdb_29432,O=CNc1cc(O)c[nH]1,-0.1802,val
gdb_60895,O=CC(O)C12CN(C1)C2,-0.2334,val
gdb_132211,N=c1cc(O)[nH]c(F)c1,-0.2052,val
gdb_85082,CN1C=CC(O)CC1=O,-0.2191,val
gdb_84755,O=C1NC=CC(O)C1O,-0.2365,val
gdb_11723,CC1OC2(C=O)CC12,-0.2453,val
gdb_24960,O=c1[nH]c2occc2o1,-0.2062,val
gdb_18680,O=C1CNCC2NC12,-0.2158,val
gdb_56000,CC(=N)OC1C=CCC1,-0.2434,val
gdb_8024,CC12COC1C(=O)N2,-0.2379,val
gdb_27585,C#Cc1cncc(N)c1,-0.217,val
gdb_72137,OC12CC3OC1CC32O,-0.2319,val
gdb_76010,C#CC1C(C)C1(O)C#C,-0.2385,val
gdb_62386,C#CC1(C)C2COC1C2,-0.2362,val
gdb_12808,CC12C=CCCC1O2,-0.2402,val
gdb_100075,CC(=O)OC(C)(C)CO,-0.26,val
gdb_72509,O=C1C2C=CC1(O)CO2,-0.2404,val
gdb_106190,CCC12C3C4CC1N2C43,-0.2182,val
gdb_38914,C1=CC23CC2CC3CC1,-0.2115,val
gdb_50612,O=CC1=CCCC1C=O,-0.2451,val
gdb_28241,Nc1nc2c(o1)CCO2,-0.182,val
gdb_90569,CN1CC2C(OC=O)C21,-0.2138,val
gdb_105367,CCC1(CC2CO2)CO1,-0.2619,val
gdb_10680,NC(=O)C1(C=O)CO1,-0.26,val
gdb_130504,c1cnc2oncc2n1,-0.2724,val
gdb_115319,COC1CCC(O)C1=O,-0.2364,val
gdb_1141,CC1CC(C)(C)C1,-0.2778,val
gdb_116860,CC(C)(C)C#CCCO,-0.242,val
gdb_101001,CCC(O)C1(C)CCO1,-0.2357,val
gdb_4709,Cc1ncc(C=O)[nH]1,-0.2383,val
gdb_77900,CC1C2C(O)C(O)C12C,-0.2462,val
gdb_9732,N#CC1(N)CCOC1,-0.2626,val
gdb_52088,N=COCC12CN(C1)C2,-0.2347,val
gdb_13516,CC(=O)C1OCC1C,-0.2344,val
gdb_69274,CC12CNCC(=O)C1O2,-0.2235,val
gdb_114323,COC1CC2C(C)C12C,-0.2393,val
gdb_119587,OCCC12NC1CC2O,-0.2345,val
gdb_117811,CCC(C)(C=O)CCO,-0.2504,val
gdb_99832,C#CC(N)(CO)C(N)=O,-0.241,val
gdb_126457,CCc1ccc(=O)on1,-0.265,val
gdb_71828,CC12N=CN3CC1(N)C32,-0.2236,val
gdb_17038,CN1C2CC1C2C=O,-0.2233,val
gdb_13821,COC1CC1C(C)C,-0.2355,val
gdb_122518,CCCCC1CC1OC,-0.2414,val
gdb_47579,O=C1OCOC2CC2O1,-0.2818,val
gdb_6549,CC1CC1C(C)(C)C,-0.2609,val
gdb_107678,OCC12CCOCC1C2,-0.2446,val
gdb_1271,CC(=N)OCCO,-0.2714,val
gdb_30889,COc1[nH]c(N)nc1O,-0.1661,val
gdb_126818,CCn1ncn(C)c1=O,-0.214,val
gdb_52089,O=CCCC12CC(C1)C2,-0.2484,val
gdb_45759,O=C1NC=NC1C1CN1,-0.2424,val
gdb_122865,COCCOC(=O)CO,-0.2667,val
gdb_73779,CC1=C(N)C(=O)NC1=O,-0.2252,val
gdb_13978,CCCC12COC1C2,-0.2284,val
gdb_38416,C1=CCC2(C1)OC1CC12,-0.2303,val
gdb_37170,C1C2C3NC4(COC34)C12,-0.2284,val
gdb_52558,CC#CC(=O)NC1CC1,-0.2443,val
gdb_7764,CC1CC=CC(=O)C1,-0.2349,val
gdb_129567,N#CC(N)c1cn[nH]n1,-0.2731,val
gdb_118158,COCC(O)C1CCC1,-0.2559,val
gdb_92792,CC1CC=C(CC=O)C1,-0.2347,val
gdb_122120,CCOCC(C=O)CO,-0.2528,val
gdb_14150,CC1NC12CCOC2,-0.2373,val
gdb_89381,CC1CC2(C)OC2(C)C1,-0.2453,val
gdb_7947,O=C1CC(=O)C(O)C1,-0.2545,val
gdb_57671,CC(C)(CC#N)OC=O,-0.2822,val
gdb_41111,C1=CC23CCC2C2C1C23,-0.2112,val
gdb_16858,N=C1CNC2CC2O1,-0.2271,val
gdb_87422,CN1CC12C1CC3C1C32,-0.2205,val
gdb_115255,CCC1C=C(C#N)CO1,-0.2555,val
gdb_24100,N#CCNc1c[nH]cn1,-0.2034,val
gdb_110636,CCC1C2N3CC3C12C,-0.214,val
gdb_75705,N=C1C(O)C(=O)C2CN12,-0.2549,val
gdb_19802,N=C1OC2C3NC3C12,-0.2427,val
gdb_87202,CC1(CC2CC2)CC1O,-0.2491,val
gdb_94458,CC1CCC12CCCO2,-0.2318,val
gdb_29291,Nc1coc(C2CC2)n1,-0.1933,val
gdb_16848,O=C1C=CC2NC2C1,-0.2374,val
gdb_128579,COc1cc(O)nn1C,-0.2028,val
gdb_123141,CCCCCOC(C)C,-0.2452,val
gdb_77164,CC1C(=O)OC1C1CN1,-0.2557,val
gdb_126010,CC1CNc2nn[nH]c21,-0.1987,val
gdb_53947,CC(=O)C(C)(C)C1CO1,-0.2394,val
gdb_32679,CCC1Cn2cccc21,-0.1955,val
gdb_92126,OC1CC2CC3(CO3)C12,-0.2477,val
gdb_5258,CCOc1c[nH]cn1,-0.1935,val
gdb_5401,COc1cnccn1,-0.2413,val
gdb_64227,C#CCC1COC1(C)C,-0.2434,val
gdb_83256,CC1COC2C(C)C12O,-0.2178,val
gdb_98370,O=CCC(O)C(=O)CO,-0.2582,val
gdb_86002,CC1CC(O)(C=O)C1O,-0.2452,val
gdb_127990,CN=c1nc(C)cno1,-0.2432,val
gdb_10535,C#CC1(CCC)CC1,-0.2395,val
gdb_109722,CC#CC1C(CC)N1C,-0.2123,val
gdb_15002,CCC1OCCCO1,-0.2565,val
gdb_32505,C#Cc1cocc1OC,-0.2183,val
gdb_62859,CC1(C)C2CC1C1CC12,-0.246,val
gdb_115392,COC1CCC(O)CO1,-0.2492,val
gdb_52471,CC#CC#CC(C)(C)O,-0.2281,val
gdb_6922,CC1(C)OC1CC=O,-0.2489,val
gdb_118411,CC#CC(CO)CCC,-0.2467,val
gdb_57730,CC(C)(C=O)NCC=O,-0.2446,val
gdb_24462,c1cc2c(o1)OCOC2,-0.2013,val
gdb_44727,C#CC1CN2CC(=O)C12,-0.2386,val
gdb_112914,COC1CC(C)OC1C,-0.2411,val
gdb_85339,CC1CC(N)=CC(=O)N1,-0.2136,val
gdb_14939,O=CC1CCN=CO1,-0.2562,val
gdb_47835,N=C1CN=COCCO1,-0.2624,val
gdb_15259,CCC1C(C)C1CC,-0.2563,val
gdb_72705,OC12COC13CN(C2)C3,-0.24,val
gdb_6471,CC1CC(C)(CO)O1,-0.2453,val
gdb_5945,CCC(C)(O)CC#N,-0.2836,val
gdb_100032,CC1NC1C(C)(O)CO,-0.2485,val
gdb_37200,C1CC23OCC12C1NC13,-0.2255,val
gdb_33162,CCCn1cccc1C,-0.1902,val
gdb_7400,CC(=O)C(=O)C(C)=O,-0.2403,val
gdb_38487,C1C2CC34CCC3(C4)C12,-0.2092,val
gdb_19757,OC1C2CC3C(C2)C13,-0.2494,val
gdb_81811,C#CC1C(O)C2CC12C,-0.2533,val
gdb_21661,Nc1n[nH]cc1CO,-0.1996,val
gdb_22508,C#CC1(C)CCC1=NO,-0.2469,val
gdb_103300,CCC1(C)C2CC1(C)O2,-0.2295,val
gdb_10662,C#CC1(C(C)=O)CC1,-0.245,val
gdb_76574,CC1C(O)C12CCCC2,-0.2436,val
gdb_1598,N#CC(O)C(N)=O,-0.2923,val
gdb_40625,C1CC1C1C2CCC1O2,-0.2405,val
gdb_31697,CCc1cc(NC)c[nH]1,-0.1662,val
gdb_110240,COC1C2C(=O)CC12O,-0.2404,val
gdb_75166,CC1=CCC(C=O)C1=O,-0.2468,val
gdb_26901,N=c1ncc(O)c(N)o1,-0.203,val
gdb_56244,NC(=O)CCOC(N)=O,-0.2508,val
gdb_52801,CC#CC1(C)OC1C#N,-0.2636,val
gdb_100202,COC(C)(C=O)C1CO1,-0.2484,val
gdb_29533,Oc1c[nH]c2c1CCC2,-0.1782,val
gdb_19918,OCC1C2C3CN3C12,-0.2209,val
gdb_42566,O=C1C2C3C1C1(CN1)C23,-0.2309,val
gdb_42850,O=C1C2OC1C1OCC21,-0.2548,val
gdb_126092,CC1OCc2cnoc21,-0.2457,val
gdb_126645,CCCNc1ccn[nH]1,-0.1964,val
gdb_14537,CC1(C#N)C2COC21,-0.2584,val
gdb_102426,C#CC#CC(CO)OC,-0.25,val
gdb_118999,CCCC1(C)COCO1,-0.25,val
gdb_99734,NC(=O)C(CO)C(N)=O,-0.2462,val
gdb_94646,CC1CCC1CCC=O,-0.2463,val
gdb_103081,CN1C(C)(C)C1(C)CO,-0.2221,val
gdb_76646,OC1C(O)C1C1CCC1,-0.2287,val
gdb_68075,CC12CCOC(C)(C1)C2,-0.233,val
gdb_63620,CC1(C)OC1C(=O)C=O,-0.2535,val
gdb_5259,CCOc1ccoc1,-0.2076,val
gdb_52436,N#CCCOCCC=O,-0.2639,val
gdb_83563,CC1C2CCC1N2C=O,-0.2343,val
gdb_113161,CC1(C(=O)[O-])OC1C[NH3+],-0.1745,val
gdb_28518,Nc1ccc(O)cc1N,-0.177,val
gdb_82972,CC1C2CC3COC1C32,-0.2355,val
gdb_17842,CC(O)C1C2CCN21,-0.2304,val
gdb_73641,CC12COCC1CC2=O,-0.2364,val
gdb_126316,CCc1cn(C)nc1N,-0.1922,val
gdb_49654,O=CC1C2C3NC3CN12,-0.2252,val
gdb_121718,N=C(NC=O)NCCO,-0.231,val
gdb_60501,C#CC(=O)C(C)C1CN1,-0.2447,val
gdb_54417,CC(=O)C12CC1(O)CN2,-0.2116,val
gdb_15591,C#CC1CCCC1O,-0.253,val
gdb_99984,CCC(C)(C)C(N)C#N,-0.266,val
gdb_38151,C1=CC2OC23CCCC13,-0.2436,val
gdb_81776,CC1C2CC2(O)C1(C)C,-0.2293,val
gdb_29096,N=c1[nH]cc(N)[nH]c1=O,-0.1872,val
gdb_93835,CC1CCC(O)C(O)C1,-0.2497,val
gdb_103700,C#CC1(C)CC1(C)CC,-0.2348,val
gdb_65652,CC1(CC2CCC2)CC1,-0.2583,val
gdb_52315,N=COCC1CCOC1,-0.2573,val
gdb_17573,CC12CC(O1)C1OC12,-0.2439,val
gdb_109581,CC1C(O)C(CO)N1C,-0.2271,val
gdb_80357,C#CC1(C)OC2C(O)C21,-0.2436,val
gdb_12395,CN1CCCNC1=O,-0.2254,val
gdb_24021,N#CC1Cn2cccc21,-0.2203,val
gdb_118531,CCOC(CO)CC#N,-0.2674,val
gdb_55740,CC(=O)CC12CC(C1)O2,-0.2403,val
gdb_94707,CC1CC2CC2(C)CO1,-0.242,val
gdb_87290,CN1CC1(C=O)C1CO1,-0.2382,val
gdb_119597,COCC12C=CCC1N2,-0.2264,val
gdb_82721,CC1C(=O)C2C3CC1N32,-0.2427,val
gdb_40768,C1CC2(CN2)C1N1CC1,-0.2311,val
gdb_71253,CC12CC3NC1(C)C3O2,-0.2239,val
gdb_88235,CN1CC1C#CC1CC1,-0.219,val
gdb_74934,CC1=CC2NC3C1OC23,-0.2232,val
gdb_84604,C#CC12CN1C=NC2C,-0.2466,val
gdb_67566,CC12C3NC3C3C1OC32,-0.2306,val
gdb_113456,CCC1CC12OC1CC12,-0.2236,val
gdb_72181,CC12CC3CC4C1N4C32,-0.2216,val
gdb_67009,O=C1CC2OC3C2C13O,-0.2326,val
gdb_130190,Nc1n[nH]c2c1OCO2,-0.1923,val
gdb_44881,O=C1CC2OC1C21CN1,-0.2333,val
gdb_37260,N1C2C1C1C3C4C2C4N13,-0.2186,val
gdb_30198,CC1Cc2ccc(O)n21,-0.1744,val
gdb_24688,c1cnc2c(c1)CCO2,-0.2211,val
gdb_42781,O=C1C2CC3OCC13N2,-0.2457,val
gdb_34029,C#CC12CCOCC1O2,-0.2566,val
gdb_117833,CCC(C)(COC)OC,-0.2471,val
gdb_40308,C(#CC1CO1)C1COC1,-0.2534,val
gdb_5981,COCC(C)(C)C=O,-0.2498,val
gdb_127512,Cc1c(O)c(O)nn1C,-0.1921,val
gdb_18080,CCCC1C2COC12,-0.2319,val
gdb_114999,OCC1CC=CC(O)C1,-0.2407,val
gdb_116810,COC=NCCC1CO1,-0.2488,val
gdb_11299,C#CC1CC(O)CO1,-0.2478,val
gdb_11470,CCC1COC(C)C1,-0.2368,val
gdb_45831,O=C1C=CC=CC=CC1,-0.2255,val
gdb_92794,CC1CN=C(CC=O)O1,-0.2498,val
gdb_118703,CCCC1(C)C2CC1O2,-0.2334,val
gdb_72049,CC12CC3OC1C32C#N,-0.2549,val
gdb_98757,CCC(=O)C1CC2NC21,-0.2267,val
gdb_87366,CC1CC12C(=O)OC2C,-0.2647,val
gdb_72075,CC12CC3NC1C2C3=O,-0.213,val
gdb_115676,CCC1CCN1C(N)=O,-0.2318,val
gdb_105797,CC1N2C3CC3C12CO,-0.2198,val
gdb_48734,O=CC12CC1C1CCN12,-0.2306,val
gdb_57327,C#CC(C#N)C(C)(C)O,-0.2832,val
gdb_86324,CC1CN(C)C1C(N)=O,-0.2109,val
gdb_20018,CCC1NC1C1CN1,-0.2324,val
gdb_69307,CC1(C)C(=O)C2(C)OC12,-0.234,val
gdb_122891,CC(C#N)NCCCO,-0.2418,val
gdb_13538,CC(C#N)C1CN1C,-0.2397,val
gdb_4042,ON=C1C=CC(=NO)C1,-0.2196,val
gdb_110399,OCC1C2C3C(O)C2C13,-0.2517,val
gdb_36418,C#CCN1CC2OC2C1,-0.2139,val
gdb_119420,CCCC12CC1(O)CO2,-0.2256,val
gdb_27119,Nc1nc[nH]c1OC=O,-0.2023,val
gdb_82642,CC1C2CN3C1(C)C23C,-0.2257,val
gdb_59725,CC(C)C1CC=CCO1,-0.2416,val
gdb_74491,CC1=CC2(CCC1)CN2,-0.2138,val
gdb_111818,CCC1C(=O)C2CCN12,-0.2272,val
gdb_39973,C1C2C3CC4(CC4)C1N23,-0.2285,val
gdb_79674,N#CC12C(O)C1N1CC12,-0.2475,val
gdb_94550,CC1(C2OCC2O)CO1,-0.2523,val
gdb_22556,CC(=NO)C1(C=O)CN1,-0.2506,val
gdb_97423,CN=COC1C=CCO1,-0.2477,val
gdb_79238,CC12NC3C(C1O)C32O,-0.2197,val
gdb_47197,N=C1OCC=CC12CC2,-0.2352,val
gdb_101849,OCC(O)CCC1CC1,-0.2541,val
gdb_95690,CC1CCNC(=O)OC1,-0.2472,val
gdb_23322,ON=C1CC2C=CC1O2,-0.2417,val
gdb_16144,O=CC12CC1OCO2,-0.248,val
gdb_57875,CN(C)C(=O)C(O)C=O,-0.2478,val
gdb_13312,C#CCC1CCOC1,-0.249,val
gdb_40547,C1N=C(N2CC2)C2NC12,-0.2317,val
gdb_69703,CC12CC1C1C(=O)CN12,-0.2357,val
gdb_93243,CC1COC(=N)C(O)C1,-0.2598,val
gdb_31851,COc1cnc(N)nc1,-0.2049,val
gdb_8746,N#CC(N)C(O)C#N,-0.3009,val
gdb_126317,CCc1cn(C)nc1O,-0.2067,val
gdb_36264,C#CCC1C2C3CC3C12,-0.2104,val
gdb_105957,CCC12C3C4C(N31)C42C,-0.2042,val
gdb_36414,C#CCC1CC2CC2O1,-0.2392,val
gdb_96096,CC1COCC2(CC2)C1,-0.2419,val
gdb_130250,Nc1noc(=O)c(=O)[nH]1,-0.2591,val
gdb_26577,Cc1nc[nH]c(=O)c1C,-0.229,val
gdb_26709,Nc1c(O)[nH]c(O)c1N,-0.1553,val
gdb_50988,N#CCC1(CC=O)CC1,-0.2624,val
gdb_33107,COCc1c[nH]c(O)n1,-0.1985,val
gdb_60368,CC(C)CCN(C)C=O,-0.2383,val
gdb_115178,COC1OCC(=O)C1O,-0.2365,val
gdb_118694,COCC1(C)C(C)N1C,-0.2117,val
gdb_63350,CC1(C)C=CCC(=O)C1,-0.2354,val
gdb_41379,C1OCC23CNC12CO3,-0.23,val
gdb_101203,CC(CO)C1CC(=N)O1,-0.2623,val
gdb_105675,CN1CCC1(C=O)CO,-0.2161,val
gdb_113847,CCC1CC1C1COC1,-0.2408,val
gdb_117915,C#CC(=O)C(O)CCO,-0.2672,val
gdb_7790,CC1CCOC(=N)O1,-0.2415,val
gdb_82874,CC1C2CC3OC2(C)C31,-0.2327,val
gdb_125751,C#CCc1cc(C)no1,-0.2528,val
gdb_107659,CCC12CCOCC1C2,-0.2438,val
gdb_76534,CC1N(C)C12CNC2=O,-0.2247,val
gdb_119799,COCC1=NC2CC2N1,-0.2134,val
gdb_75346,CC1=CCC2OC2C=C1,-0.2266,val
gdb_50287,O=CN1CC2CC21C=O,-0.2515,val
gdb_80840,CN1C2CC(=O)C1(C)C2,-0.2141,val
gdb_102906,C#CCNC(C#N)CO,-0.2507,val
gdb_36525,N#CCC1CCCCC1,-0.3049,val
gdb_79297,OC1C2OC3C1C3C2O,-0.2356,val
gdb_77052,CN1C(=O)CC1CC#N,-0.2561,val
gdb_89380,CC1CC2(C)CC2(O)C1,-0.2311,val
gdb_56708,C#CC(N)C1(C#N)CN1,-0.2661,val
gdb_96403,CC1OCCOC1C#N,-0.259,val
gdb_13476,NC(=O)C1COC1=O,-0.2652,val
gdb_89312,CC1CC2(C)CC1(O)C2,-0.2515,val
gdb_42563,O=C1C2C3C1C1(CC1)N23,-0.2331,val
gdb_112803,CC1OC(CO)C1CO,-0.2446,val
gdb_67156,O=C1C2CC3CC1C32O,-0.2344,val
gdb_111555,COC1C2OC3C2C13C,-0.2258,val
gdb_92286,CC1CC2CC=CCC12,-0.2344,val
gdb_100636,CC(CO)C(C)(O)C#N,-0.2772,val
gdb_73264,CC12CCC1CCOC2,-0.2398,val
gdb_89679,CC12NC1(C=O)CC2O,-0.2435,val
gdb_71041,CC12NC3=CC(=O)C1C32,-0.2362,val
gdb_6966,CC1=CCCC1(C)C,-0.2246,val
gdb_86195,CC1CC(C)C(C)C1C,-0.2862,val
gdb_128761,COCc1oncc1C,-0.2437,val
gdb_105490,CCC1(C(N)=O)COC1,-0.244,val
gdb_80520,CC1CC2C(C)C12C=O,-0.2407,val
gdb_87276,CN1CC1(C=O)C(N)=O,-0.2385,val
gdb_6771,CCCCOC(C)=O,-0.2646,val
gdb_2029,CN1CC2(CN2)C1,-0.2111,val
gdb_44468,O=C1CC2N3CC2(C3)N1,-0.2389,val
gdb_78266,CC1C2C1C1(O)C(O)C21,-0.2045,val
gdb_111122,COC1C2CC1N1CC21,-0.2192,val
gdb_56440,CC(C#N)C(=O)C1CO1,-0.2733,val
gdb_44486,O=C1NC2C3CC1C2C3,-0.2338,val
gdb_98344,COC(=O)N(C)CC#N,-0.2639,val
gdb_102588,CCC(CO)C1CCO1,-0.2449,val
gdb_87734,CC1C=CC2(CC2O)O1,-0.216,val
gdb_11043,CC1OCC2(C)NC12,-0.2339,val
gdb_116589,CCN=C1CNC(=O)N1,-0.2428,val
gdb_3463,CN1C2C=CC1C2,-0.2051,val
gdb_70756,OC12COCCCC1C2,-0.2415,val
gdb_110313,CC1OC2(C)C(CO)C12,-0.2298,val
gdb_121845,CCOCC(C)(O)CC,-0.2541,val
gdb_94364,CC1CCC12CC1NC12,-0.2223,val
gdb_65766,CC1(CC=O)C=CCO1,-0.2366,val
gdb_16855,N=C1CC2OC2CO1,-0.2599,val
gdb_42140,C1CCCCOCCC1,-0.2444,val
gdb_123086,CC(=O)NCCCCO,-0.2399,val
gdb_60637,CC(=O)C(O)C1CCO1,-0.2494,val
gdb_131076,O=COCc1ccno1,-0.2765,val
gdb_60268,CC(C)CC1CCCC1,-0.294,val
gdb_120107,OCCN1C2C3CC3C21,-0.22,val
gdb_40214,C1=NCCC2(CN2)CO1,-0.2408,val
gdb_34600,C#CC1=CCC2OC2C1,-0.2296,val
gdb_116102,COC1CNCC(=O)C1,-0.2172,val
gdb_1730,CC#CC1(C)CN1,-0.2265,val
gdb_7033,N=COC(=O)CC=O,-0.2684,val
gdb_76360,C#CC1(C#C)C(C)N1C,-0.227,val
gdb_83621,OC1C2OCC23COC13,-0.2412,val
gdb_76502,CC1C(O)C12CC1CN12,-0.2285,val
gdb_13218,COC(C)C1COC1,-0.2356,val
gdb_57644,CC(O)(C#N)CN1CC1,-0.2674,val
gdb_23113,O=CC1COCC1=NO,-0.2529,val
gdb_11157,N#CC1=CC(=N)OC1,-0.2715,val
gdb_92055,CC1CC2OC2CC1=O,-0.2428,val
gdb_20918,CCn1nnc(N)n1,-0.2295,val
gdb_82822,CC1C2OC3CC1(C)C32,-0.2344,val
gdb_75253,CC1=CCC23CC(C2)C13,-0.2289,val
gdb_27877,Cc1cc(C)cc(N)c1,-0.1941,val
gdb_68823,CC12CC3(CC3)C1(C)C2,-0.2293,val
gdb_43980,O=C1CC23CCCC12C3,-0.2327,val
gdb_94011,CC1C=CC(C=O)CC1,-0.2366,val
gdb_36589,C#CCOC1(C#N)CC1,-0.2738,val
gdb_100362,C#CC(C)(CO)CC=O,-0.2514,val
gdb_27589,N#Cc1cc(N)ncn1,-0.2592,val
gdb_76931,C#CC1(C)C(O)C1C=O,-0.2453,val
gdb_106000,OCC12C3C4C3C1(O)C42,-0.2192,val
gdb_15703,O=C1CCNC1CO,-0.2317,val
gdb_84165,CC1=NC(C)C(=O)CO1,-0.2358,val
gdb_54994,O=C([O-])C1CC12CC[NH2+]2,-0.1718,val
gdb_125824,Cc1nonc(C)c1=N,-0.2564,val
gdb_10617,OCC1(CO)CC1O,-0.2454,val
gdb_93083,O=C1CC(O)CN=CN1,-0.2438,val
gdb_15008,COC1COCOC1,-0.2456,val
gdb_87549,O=C1C2CC2C12CC2O,-0.2374,val
gdb_44173,C#CC1NC2C(=N)OC12,-0.2455,val
gdb_49937,N#CCC1CC(C=O)O1,-0.2612,val
gdb_3081,C#CC1C(C)N1C,-0.2214,val
gdb_97046,CN=C1COC(=N)CO1,-0.2602,val
gdb_89299,CC1CC2(C)OC(C)C12,-0.2315,val
gdb_18139,CC1C2OC(C#N)C12,-0.2618,val
gdb_34315,N#CC12COC(CN1)C2,-0.2416,val
gdb_9620,N#CC1CC1(O)CO,-0.2702,val
gdb_55613,C#CC(C#N)OC(C)=N,-0.2815,val
gdb_107524,COC12CC1NC2C#N,-0.2403,val
gdb_52036,N=CN(C=O)CCC=O,-0.2556,val
gdb_51993,N=COC(=O)NCC=O,-0.2637,val
gdb_14742,CC#CCCOCC,-0.2428,val
gdb_47573,O=C1COCC2OC2C1,-0.2401,val
gdb_46996,O=C1COC2CCC1O2,-0.2375,val
gdb_64548,O=CC1(O)C2CC(=O)C21,-0.2528,val
gdb_129755,Nc1nnoc1C1CC1,-0.2442,val
gdb_119857,CCCC1=CCNC1=O,-0.2407,val
gdb_70925,OC12CC3(C1)OC=NC23,-0.2547,val
gdb_26746,Cc1nc2n(c1C)CC2,-0.198,val
gdb_50725,N=C1OCCOC1C=O,-0.2534,val
gdb_124506,CC(C)c1cc(O)n[nH]1,-0.2143,val
gdb_34928,C#CC1C2CC3(CO3)C12,-0.2447,val
gdb_120080,OCCC1C2C3CC2N13,-0.23,val
gdb_75450,CC1=CCCC1(N)C#N,-0.2523,val
gdb_81158,C#CC12CC(CO1)C2O,-0.2341,val
gdb_77972,O=CC1C2C(O)C1C2O,-0.2514,val
gdb_71029,CC12CC34COC(C13)C24,-0.2361,val
gdb_22686,[O-]N=C(CO)CC1C[NH2+]1,-0.1261,val
gdb_92067,CN1CC2CC2OC1=O,-0.2414,val
gdb_85293,CC1OC(=O)C2OC12C,-0.26,val
gdb_45713,O=C1NC=C2COCC12,-0.2189,val
gdb_130379,NC=Nc1noc(=O)[nH]1,-0.2281,val
gdb_22921,CC12CCN1CC2=NO,-0.2211,val
gdb_117765,CCCC(C)(C#N)CC,-0.3073,val
gdb_47718,N=C1OCOCC12CC2,-0.2552,val
gdb_66045,C#CC1CCC1(O)C#N,-0.2688,val
gdb_78705,OC1C2C3C1N2C31CC1,-0.2362,val
gdb_103222,COC1(C)C2C3CN2C31,-0.2319,val
gdb_123321,C#Cc1noc(C#N)n1,-0.2965,val
gdb_22754,C#CC1CC(=NO)C1C,-0.2464,val
gdb_122562,COCCC1CC2OC12,-0.2514,val
gdb_109979,CN1CC(C#N)C1CO,-0.2369,val
gdb_33377,N#CC#CCN1CCC1,-0.2387,val
gdb_62260,CN(C=O)CCNC=O,-0.2422,val
gdb_132422,Cc1ccc(F)c(=O)o1,-0.2312,val
gdb_89823,CC1CC2(CC2)NC1=O,-0.2315,val
gdb_91930,CC1(C)C(O)CC2NC21,-0.2361,val
gdb_9539,N=C1OCC1(O)CO,-0.2638,val
gdb_116359,COC1OCCC=C1C,-0.239,val
gdb_130276,N=CNc1cc(N)no1,-0.2116,val
gdb_104352,CC1(CO)CCNC1=O,-0.2482,val
gdb_118982,CCCC1(C)C=CCO1,-0.2291,val
gdb_118803,C#CC1CC1(C)COC,-0.2418,val
gdb_49741,O=CC1C=C2CC3C2N13,-0.2221,val
gdb_69260,CC12CCCC(=O)C1N2,-0.2405,val
gdb_85133,CC1NC(=O)C12CCO2,-0.23,val
gdb_127823,CN=C(N)c1cnoc1,-0.2344,val
gdb_46491,O=C1C=CC2(CC2)OC1,-0.2327,val
gdb_78328,CN1C2C3CCC3(O)C21,-0.213,val
gdb_120925,CC12CN1CC2CCO,-0.2274,val
gdb_115017,OCC1CC=CC12CC2,-0.2185,val
gdb_60498,CC(O)COCCC=O,-0.2559,val
gdb_82322,OC1C2CC2CC12CN2,-0.2377,val
gdb_83174,CC1C2NCC(=O)NC12,-0.2165,val
gdb_93774,CC1=NC(C)C(C)CO1,-0.2374,val
gdb_39418,C1OCC2OC2C2CC12,-0.2376,val
gdb_18239,CCC1=CCC2CC12,-0.2168,val
gdb_35590,C#CC1=CCC(C#C)C1,-0.2306,val
gdb_118619,N#CC(CC=O)CCO,-0.264,val
gdb_3247,C1CC12CC1NC12,-0.2232,val
gdb_73288,CC12CCC3(C)C1CC23,-0.2717,val
gdb_132021,Nc1occc(=O)c1F,-0.224,val
gdb_76916,CC1C(C2CC2)C1(C)O,-0.2379,val
gdb_97745,OCC#CC1C2CC1C2,-0.2404,val
gdb_118479,COCC(CO)C(C)O,-0.2473,val
gdb_55017,CC(=O)C1CC1C1CO1,-0.248,val
gdb_1217,C#CCOC(N)=O,-0.2699,val
gdb_40976,C1=CC2(CC=CC2)OC1,-0.2279,val
gdb_80620,CC1C2CC(O2)C12CN2,-0.2313,val
gdb_62612,CC1(C)C2C3C=CC2C31,-0.2159,val
gdb_116246,CCC1OCCC1C#N,-0.2697,val
gdb_72250,CC12CC3OCC1C32O,-0.225,val
gdb_37281,C1C2C1C1C3COC1C23,-0.2295,val
gdb_117491,CCOC(=NC)C(C)O,-0.24,val
gdb_69459,CC12COC(C=O)C1N2,-0.2506,val
gdb_9802,CC(C=O)C1(C)CO1,-0.2457,val
gdb_48934,O=CC12OC3C4C3C1C42,-0.2441,val
gdb_43648,N#CCC1C=CC(=O)C1,-0.2526,val
gdb_13776,CC(C)C1CN1C=O,-0.247,val
gdb_56236,CC(=O)OCCC(N)=O,-0.2534,val
gdb_115215,CCC1COC(=O)CN1,-0.2275,val
gdb_83625,CN1C(=O)C=C2CCC21,-0.2341,val
gdb_14146,CC1CC12CCCC2,-0.2527,val
gdb_23812,N=c1onncc1F,-0.2721,val
gdb_115719,COC1COC1C(C)C,-0.2444,val
gdb_36080,N#CCC12C3CN1CC32,-0.2385,val
gdb_63583,CC1(C)CC12CCCO2,-0.2197,val
gdb_131224,Oc1cc2cnoc2[nH]1,-0.1971,val
gdb_91861,CN1CC2NC2(C=O)C1,-0.2204,val
gdb_19247,N#CC1C(O)C2NC12,-0.2613,val
gdb_68659,O=COC12CC(O)(C1)C2,-0.2736,val
gdb_111083,COC1C2CC1C(=O)O2,-0.2586,val
gdb_32673,CCC1Cc2cccn21,-0.1942,val
gdb_53377,CC#CC1CCC(C)C1,-0.2359,val
gdb_101444,CCC(O)C1OCC1C,-0.24,val
gdb_104354,CC1(CO)CCOC1=O,-0.2653,val
gdb_112585,CCC1CC(N)(C#N)C1,-0.2646,val
gdb_24847,N=c1cncnc(=N)[nH]1,-0.2516,val
gdb_35004,C#CC12CCC1C2C#N,-0.2568,val
gdb_26703,Nc1oc(O)c(N)c1N,-0.1666,val
gdb_115800,CCC1OCC2(C)CC12,-0.2459,val
gdb_23327,ON=C1CC2COC1O2,-0.2437,val
gdb_16196,O=C1CC=CC12CN2,-0.2432,val
gdb_13131,O=C1CCN1CCO,-0.2368,val
gdb_121431,CCCN=C(N)NC=O,-0.2244,val
gdb_9415,CCC(C)CCOC,-0.2493,val
gdb_104564,N#CC1(CO)CC(=O)O1,-0.3023,val
gdb_74872,NC1=NC2CC2N1C=O,-0.22,val
gdb_68541,CC12C=CC(C1)C2(C)O,-0.2197,val
gdb_99183,NCC(=O)OC1CCC1,-0.2444,val
gdb_127372,Cn1cnoc(=N)c1=O,-0.2535,val
gdb_64391,CC1(O)CCCC1C#N,-0.2811,val
gdb_9825,CCC(=O)C1(C)CN1,-0.2502,val
gdb_30491,CN=c1cc(C)cco1,-0.2022,val
gdb_40643,C1CC1C1C2COCC21,-0.2435,val
gdb_67976,CC12NC(=O)C3C1CC32,-0.2356,val
gdb_75695,CN1C(=N)C2CC2C1=O,-0.2525,val
gdb_40142,C1CC12COC21COC1,-0.248,val
gdb_114838,COC1CC2COC1C2,-0.234,val
gdb_74329,N#CCC1COC(N)=N1,-0.2386,val
gdb_71594,CC12CC3C1COC32C,-0.229,val
gdb_17816,CC1CC1C1CCO1,-0.2455,val
gdb_40518,C1CC2(C3CO3)CCC12,-0.2579,val
gdb_92574,OC1CC2=CCCC2C1,-0.2247,val
gdb_18404,C1COC2CC2CO1,-0.2352,val
gdb_90937,CC1OC2C3OC1C23C,-0.2143,val
gdb_10988,CC1C2CC1(C)CO2,-0.2315,val
gdb_71497,OC12CC3C=CC1N3C2,-0.2185,val
gdb_112159,CCC1C=C(C)C(=N)O1,-0.2396,val
gdb_84692,CC1C=CC2CCC1O2,-0.238,val
gdb_120535,CCOC1CC(C=O)C1,-0.2479,val
gdb_85296,O=C1CC(O)C2(O)CC12,-0.2398,val
gdb_120216,OCCC1C2C=CC1O2,-0.2357,val
gdb_13409,CCOC1CCCO1,-0.2575,val
gdb_101109,OCC(O)C12CC(C1)O2,-0.2487,val
gdb_79548,CC1C2N1C1CC12C#N,-0.2426,val
gdb_104114,CCC1(C)CCC(=O)C1,-0.2341,val
gdb_65014,C#CC(C=O)C1(C)CO1,-0.2534,val
gdb_59683,CC(C)C1OCC1C#N,-0.2667,val
gdb_115773,COC1CCC1CC=O,-0.2449,val
gdb_115671,CC(=O)C1OCC1CO,-0.2396,val
gdb_129054,N=c1cnc(=O)[nH]nn1,-0.272,val
gdb_131552,OC1CNc2nonc21,-0.2408,val
gdb_109876,COC1C(C)C2OC12C,-0.2383,val
gdb_60572,CC1CC1C(O)C1CO1,-0.2586,val
gdb_67331,CC12C(C=O)C3C1OC32,-0.2471,val
gdb_66753,CC12C(=O)C3C1C1C2N31,-0.2328,val
gdb_68451,CC12CC(CCC1=O)C2,-0.2325,val
gdb_36981,C1CC(CCN2CC2)C1,-0.2292,val
gdb_68636,CC12CCN(C1)C2C=O,-0.2322,val
gdb_76958,CC(=O)C1C(C)C1C=O,-0.2378,val
gdb_1108,CC(=N)NC(C)=O,-0.2441,val
gdb_85332,CC1=CC(=O)CC(O)C1,-0.2349,val
gdb_93313,C#CC1C(=O)NCC1C,-0.2381,val
gdb_121687,N#CCC(=O)OCCO,-0.2812,val
gdb_43395,O=C1C=CCCC12CO2,-0.2432,val
gdb_117146,COCC(=O)C(C)C=O,-0.2414,val
gdb_33251,OCCCc1cocn1,-0.239,val
gdb_15353,C#CCC1CC1CO,-0.2582,val
gdb_128729,COc1noccc1=O,-0.2502,val
gdb_56304,C#CCCCNC(N)=O,-0.2456,val
gdb_92616,CC1C=C2CCOC2O1,-0.2493,val
gdb_11688,N#CC12CC(=O)C1N2,-0.2667,val
gdb_86627,OC1CC(C2CO2)C1O,-0.2499,val
gdb_5615,CCc1c[nH]cc1N,-0.1749,val
gdb_111786,CCC1C2CCC1C2O,-0.2423,val
gdb_118181,CC(=O)OC(C)CCO,-0.2656,val
gdb_83239,CC1=CC2C(O)C2OC1,-0.2179,val
gdb_47506,O=C1COCC2(CC2)C1,-0.2306,val
gdb_31229,CCc1[nH]cnc1CO,-0.2127,val
gdb_46225,C#CC1OC12COC2=N,-0.2679,val
gdb_7232,CC(=O)C(=O)NC=O,-0.2548,val
gdb_44179,C#CC1CN2C(=O)CC12,-0.2455,val
gdb_33614,C#CC12C3CC1C1C3C12,-0.2314,val
gdb_99128,CCC(=O)CC1CC1C,-0.235,val
gdb_113586,COC1CC12CCOC2,-0.2376,val
gdb_108088,CCC12OC3CC1C32C,-0.2209,val
gdb_66115,N#CC1(N)CCC2OC21,-0.2697,val
gdb_7623,CC(=O)N1CC(=O)C1,-0.2507,val
gdb_89277,CN1CC2(O)C=CCC12,-0.2084,val
gdb_101697,CCC(O)CC1(C)CC1,-0.2485,val
gdb_52215,N#CC1OC1COC=O,-0.29,val
gdb_19445,C1CC12OCC21CO1,-0.2344,val
gdb_127384,CN1CC1c1ncno1,-0.2466,val
gdb_33376,N#CC#CCC1COC1,-0.263,val
gdb_33273,C#CC(C#C)C#CC#N,-0.2875,val
gdb_102028,CCN(C=N)C(=O)OC,-0.2473,val
gdb_63547,CC1(O)CC12OC1CC12,-0.2246,val
gdb_24037,N#CCc1cnccn1,-0.262,val
gdb_119695,OCCC12CC3CC1N32,-0.2379,val
gdb_8521,OC12CC3C1C3(O)C2,-0.2412,val
gdb_48001,O=CC#CC1CC1C=O,-0.2624,val
gdb_104916,CNC1(C#N)CC1(C)C,-0.2318,val
gdb_94821,CC1C=CC2(CC1)CO2,-0.2406,val
gdb_61811,CC(OC=N)C1(O)CC1,-0.258,val
gdb_25031,O=c1[nH]cc(C2CO2)[nH]1,-0.1978,val
gdb_14337,CC1=CC2COC2C1,-0.2335,val
gdb_18106,C1=CC2CCOC2C1,-0.2378,val
gdb_55979,CC(=O)OC1CCC1=O,-0.2479,val
gdb_62887,CC1(O)C2CC1C21CC1,-0.245,val
gdb_128961,N#CCOc1nnon1,-0.3131,val
gdb_51675,O=COC1CC2CCC21,-0.2748,val
gdb_10148,CCOC(C=O)=NC,-0.2415,val
gdb_94054,C#CCC1CC(O)CO1,-0.2403,val
gdb_12942,CC1C2OC(=N)C12C,-0.2554,val
gdb_18069,O=CCC1C2CCN12,-0.2336,val
gdb_38896,C1CC2CC3CC3CC12,-0.254,val
gdb_69589,CC12CCC3(CC3)C1C2,-0.238,val
gdb_104882,CCC1(OC)CCCC1,-0.2426,val
gdb_117081,CCNC(=O)C(C)(C)O,-0.2311,val
gdb_70401,N#CC1(N)CC2CC21N,-0.2428,val
gdb_44207,O=C1CN2C1C21CCC1,-0.2409,val
gdb_263,CCNC(C)=O,-0.2402,val
gdb_82894,CN1C2CC3OC2C31C,-0.2117,val
gdb_105531,CCC1(C2CC2)COC1,-0.2422,val
gdb_3279,O=C1CC2COC12,-0.2364,val
gdb_55870,CC(=N)OC1CC1C#N,-0.2762,val
gdb_18770,CC12C3C4CN1C4C32,-0.2155,val
gdb_64289,CC1(C)OCC2COC21,-0.245,val
gdb_20584,Cc1[nH]ncc1C#N,-0.2574,val
gdb_105699,O=CCCC1(CO)CN1,-0.2488,val
gdb_84491,O=C1C(O)C=CC12CO2,-0.2455,val
gdb_129437,NC(=O)c1cnncn1,-0.2478,val
gdb_24198,c1nc2c([nH]1)C1CN2C1,-0.1964,val
gdb_29832,Cn1cc(C=O)nc1O,-0.2258,val
gdb_41461,C1=C2CC3CCC23OC1,-0.2118,val
gdb_39846,C1NC12C1OC1C1OC12,-0.2545,val
gdb_14943,O=CC1CCOC=N1,-0.2469,val
gdb_131454,N#CCc1conc1O,-0.2726,val
gdb_116913,OCCC#CC1(O)CC1,-0.2311,val
gdb_123793,c1onnc1NC1CC1,-0.2208,val
gdb_87983,CC1(C)OCC12CC2O,-0.2363,val
gdb_79618,O=C1C2CC2C2C(O)C12,-0.2353,val
gdb_110491,OCC1C2C=CC3C2C31,-0.2202,val
gdb_115200,O=C1C=CC(CO)CO1,-0.2614,val
gdb_93896,CC1COC(C)C2CC12,-0.2436,val
gdb_82371,O=CC1CC2OC2C1O,-0.2504,val
gdb_99973,CC(C#N)C(C)(O)CO,-0.2743,val
gdb_101982,O=CC(C=O)(C=O)CO,-0.272,val
gdb_52529,CC#CC(=O)C1NC1C,-0.2469,val
gdb_3501,O=CC1C2CC1C2,-0.2466,val
gdb_78354,CC1C2C(O)C3(CC3)C12,-0.2448,val
gdb_130092,Nc1cc2n(n1)CCC2,-0.1899,val
gdb_121417,OCCC1CCOCO1,-0.2536,val
gdb_129366,N=COCc1cnon1,-0.2831,val
gdb_88836,CC1OC1C1OCC1O,-0.2535,val
gdb_97595,C#CCC(C)C#CCO,-0.2458,val
gdb_76598,C#CC(=O)N1C(C)C1C,-0.25,val
gdb_26504,CC1(c2c[nH]cn2)CO1,-0.2202,val
gdb_7375,C[NH2+]CC(C)C(=O)[O-],-0.1663,val
gdb_42539,N#CC12CC3C(=O)C1C32,-0.263,val
gdb_48238,N=CN(C=O)C(=O)C=O,-0.2652,val
gdb_30725,CCc1occ(N)c1N,-0.1825,val
gdb_4772,CCc1cc(C)co1,-0.2072,val
gdb_32825,Nc1ocnc1CCO,-0.2014,val
gdb_53079,CC#CC1=CCC2OC12,-0.2201,val
gdb_19249,N#CC1C(O)C2OC12,-0.2765,val
gdb_73321,CC12OCC34CC(C31)C42,-0.2357,val
gdb_68767,CC12COC(=N)C1(C)N2,-0.2407,val
gdb_76329,CC1C(=O)C(C)(C)N1C,-0.2123,val
gdb_125757,Cc1cc(CCO)on1,-0.2496,val
gdb_57050,CC(C#N)C1CCC1O,-0.27,val
gdb_85482,C#CC1NC(=O)OC1C,-0.2691,val
gdb_131630,C#Cc1nn[nH]c1CO,-0.2346,val
gdb_107676,OCC12CC1CCCO2,-0.2326,val
gdb_101128,COC(C)C12CC1CO2,-0.2355,val
gdb_72408,CC12COC(C)(CO1)C2,-0.2369,val
gdb_96462,OC1CCCCC2NC12,-0.2445,val
gdb_77748,CC1C2C(=O)C(O)C12C,-0.2288,val
gdb_129675,N=CNc1nnoc1N,-0.2015,val
gdb_25794,CC(=O)c1ccc(C)o1,-0.2288,val
gdb_22552,C#CC1(C(C)=NO)CC1,-0.2332,val
gdb_127954,CN=c1cc(N)nn[nH]1,-0.2048,val
gdb_21025,Cn1cnn(C)c1=O,-0.2152,val
gdb_28350,Cc1cnc(C)c(=N)o1,-0.22,val
gdb_26586,Cc1c(N)cc[nH]c1=O,-0.1957,val
gdb_90248,OC1CC23CCC2C1O3,-0.2449,val
gdb_95466,CC1OCC=C1CC=O,-0.2355,val
gdb_102371,CNC(C=O)(C=O)CO,-0.2341,val
gdb_63906,CC1(C)C=CC2NC2C1,-0.2331,val
gdb_103155,CCC1(O)C(=O)OC1C,-0.2579,val
gdb_100783,CCC(O)C(C)C1CC1,-0.2546,val
gdb_40085,C1=C2C(CC23CN3)OC1,-0.2271,val
gdb_30950,CCc1[nH]c(=O)[nH]c1O,-0.1852,val
gdb_94888,OC1COC23CCC12C3,-0.2175,val
gdb_49645,O=CC1C2CC3CC2C31,-0.2423,val
gdb_108204,COC12CCC(CC1)O2,-0.2521,val
gdb_51183,O=CNC12CCOC1C2,-0.2316,val
gdb_104458,COC1(C)CCCOC1,-0.238,val
gdb_111993,COC1C=CC2(O)CC12,-0.2313,val
gdb_17584,CC12CC1(O)C1NC12,-0.2249,val
gdb_133213,Cc1noc(F)cc1=O,-0.2594,val
gdb_74807,CC1=CC2CC2(C)CC1,-0.2113,val
gdb_23442,ON=C1CN2CC=CC12,-0.2236,val
gdb_13126,O=C1NCC1CCO,-0.2489,val
gdb_38513,C1=C2CC3CC1N1C2C31,-0.2114,val
gdb_77053,C#CCC1OC(=N)C1N,-0.2511,val
gdb_39884,C1C2OC3C1C2C31CN1,-0.2293,val
gdb_102525,N#CC(N)C(CO)CO,-0.2591,val
gdb_130900,N#Cc1c[nH]nc1C=O,-0.2679,val
gdb_9450,C#CC1(N)COC1=N,-0.2532,val
gdb_49222,N#CC1CN=C(C=O)N1,-0.2626,val
gdb_78205,CC1(C)C(=O)C2C(O)C21,-0.2339,val
gdb_102717,CCC(C#N)CC1CN1,-0.2469,val
gdb_71091,CC12CC3C(C1)C32C#N,-0.2579,val
gdb_41385,C1=C2COC23CCC3C1,-0.231,val
gdb_94739,OC1CCC2(O)CCC12,-0.248,val
gdb_50737,O=CC1CCOCC1=O,-0.2408,val
gdb_75650,O=C1C(O)C23CN(C2)C13,-0.2271,val
gdb_126771,CCn1nc(N)nc1N,-0.1923,val
gdb_96435,CN1CCOCC1C=O,-0.2325,val
gdb_77511,CC12C=CC(C)(N1)C2O,-0.2286,val
gdb_24113,c1ncc(CC2CC2)[nH]1,-0.2142,val
gdb_63989,CC1(O)CC2OCCC21,-0.2399,val
gdb_20436,c1nc2n(n1)CCC2,-0.2483,val
gdb_28822,Cc1cnc(=O)ccn1,-0.2507,val
gdb_73891,NC1=C(C=O)C2CC2C1,-0.2058,val
gdb_93631,CC1CCC(C#N)C1O,-0.2818,val
gdb_87890,CC1=CCC2(C1)CC2C,-0.2231,val
gdb_95886,O=CC1CCCC(O)C1,-0.2484,val
gdb_49947,N#CC1(C#N)CC1C=O,-0.2882,val
gdb_81486,OC1C2OC1C1CCC12,-0.2523,val
gdb_39501,C1COCC2CC2OC1,-0.2281,val
gdb_96813,CN=C1OC(=O)NC1C,-0.2638,val
gdb_101400,CCC(C)C1CCC1=O,-0.2359,val
gdb_3253,C1C2N1CC21CN1,-0.2246,val
gdb_109584,CCC1C(C)C(C)C1O,-0.2483,val
gdb_53204,CC#CC1N=COC1=O,-0.2596,val
gdb_91691,CC1OC2CC1C2C=O,-0.2459,val
gdb_133183,Cc1nc(=N)c(F)no1,-0.271,val
gdb_24277,c1cc2n(c1)C1CC1O2,-0.1839,val
gdb_104889,CCC1(CO)OCCO1,-0.2433,val
gdb_71751,OC12CN3C4C3C1OC42,-0.2332,val
gdb_56788,C#CC(C)C1=CCCC1,-0.2321,val
gdb_63049,CC1(C)C2CC3CC1C32,-0.2555,val
gdb_91113,CC1OC2C3OCC1C32,-0.2213,val
gdb_133321,Nc1c(F)cnnc1F,-0.2454,val
gdb_116462,COC1CCOCC1C,-0.2487,val
gdb_11785,COC12C=CC(C1)C2,-0.2273,val
gdb_16988,C1CC23COC2C1C3,-0.2427,val
gdb_128362,CNc1cc(CO)on1,-0.2176,val
gdb_79594,CC1C2N1C1CC12C=O,-0.2317,val
gdb_83611,CC1C2CCC23COC13,-0.2366,val
gdb_49221,C#CC1CN=C(C=O)N1,-0.2439,val
gdb_59217,CC(C)C1C(=O)C2CC21,-0.2349,val
gdb_62597,CC1(O)C2C3C2N2C3C21,-0.2238,val
gdb_129912,Nc1c[nH]c2[nH]ncc12,-0.1758,val
gdb_65042,C#CC1(C2(C)CC2)CC1,-0.2333,val
gdb_17945,CC12C3CCC1C2O3,-0.2197,val
gdb_65450,N#CC1(N)CC1NC=O,-0.254,val
gdb_96000,CC1CCOC1C1CC1,-0.2368,val
gdb_120931,CCCC1OC2CC12C,-0.2276,val
gdb_124693,CC(CO)c1ncno1,-0.2818,val
gdb_15892,CN1CC(=O)C1CO,-0.2451,val
gdb_9121,O=CC(=O)C#CCO,-0.2581,val
gdb_117349,CNCC(=O)OC(C)C,-0.2227,val
gdb_118137,COCC(O)C1CC1O,-0.2273,val
gdb_31,CCC#N,-0.3213,val
gdb_56483,N#CC(O)C(=N)NC=O,-0.2721,val
gdb_101031,CCC1(C(C)OC)CN1,-0.2376,val
gdb_32793,CCNc1cc[nH]c1C,-0.1639,val
gdb_104339,CCC1(C)CC=CCO1,-0.2404,val
gdb_55240,NC(=O)C1CCC(=O)O1,-0.257,val
gdb_78806,CC1C2C3C(C)C1(C)C23,-0.2399,val
gdb_77563,CC1(O)C(O)C2(C)NC12,-0.2371,val
gdb_13284,CCOCC1COC1,-0.2433,val
gdb_69836,CC12COC3CC3C1O2,-0.2475,val
gdb_35167,C#CC1CC12C1CC2O1,-0.2327,val
gdb_22599,CN1C2CC1(C)C2=NO,-0.2253,val
gdb_25072,N#CCc1coc(=O)o1,-0.262,val
gdb_70541,CC12CC1CCC(=O)O2,-0.2524,val
gdb_60723,CN(C=O)C(=N)C(N)=O,-0.2501,val
gdb_54584,CC(=O)C12CCC1CC2,-0.234,val
gdb_13574,CC1CN1C(=O)C#N,-0.2826,val
gdb_108005,CCC12OC3C4C(C31)C42,-0.2414,val
gdb_81912,CC1C(=O)C2CN2C1C,-0.2363,val
gdb_47146,O=C1OCC=C1C1CC1,-0.2518,val
gdb_120940,COCC1CC2NC12C,-0.2212,val
gdb_119817,COCC1=CCC(=O)N1,-0.2133,val
gdb_66421,O=CC1C2CC(=O)C12O,-0.2534,val
gdb_118240,CCCC(O)CC1CC1,-0.2537,val
gdb_27213,Cc1[nH]cc2c1CC=C2,-0.1814,val
gdb_104269,N#CC1OCC1(N)CO,-0.256,val
gdb_3036,N#CCCC1CO1,-0.2835,val
gdb_98440,CCC(=O)C1(O)COC1,-0.2502,val
gdb_99304,CNC(=O)OCC1CO1,-0.2542,val
gdb_34419,N#CC12COC1CCN2,-0.257,val
gdb_63681,CC1(C)CN1CCC=O,-0.2318,val
gdb_18729,OC1CCCC2NC12,-0.2432,val
gdb_21701,Nc1nonnc1=O,-0.2653,val
gdb_100547,CCC(C)C(=O)C1CC1,-0.2376,val
gdb_4753,C#Cc1cn(C)cn1,-0.2142,val
gdb_100283,NC(=O)C(O)(CO)CO,-0.2478,val
gdb_61830,CC(OC=N)C1CC1O,-0.2606,val
gdb_53392,CC#CC1NCC12CO2,-0.2356,val
gdb_62380,C#CC1(O)C2C=CC1N2,-0.2299,val
gdb_42692,O=C1C2C3CC4C1N4C32,-0.2423,val
gdb_107525,C#CC1OC2CC12OC,-0.2357,val
gdb_90627,CC1(C#N)C2C(O)CN21,-0.2616,val
gdb_19068,C1C2CC1C1OC1C2,-0.2602,val
gdb_85583,CC1OC(=O)CCC1=O,-0.2598,val
gdb_1351,CC1(C)CCCO1,-0.2381,val
gdb_12320,CC1=CCOCC1=O,-0.2345,val
gdb_113857,COC1CC1C1CCC1,-0.2356,val
gdb_96794,CN=C1NC(=O)C2OC12,-0.2621,val
gdb_65001,C#CC(C#C)C1(C)CC1,-0.2617,val
gdb_66864,CC12C3C=C4CN(C41)C32,-0.1932,val
gdb_42760,N#CC12CNC(C1)C2=O,-0.239,val
gdb_81806,CC1N2CC2(C)C12CO2,-0.241,val
gdb_117812,CCC(C)(C=O)COC,-0.242,val
gdb_44226,O=C1CC2C1CC21CO1,-0.2457,val
gdb_27353,Cc1cc(=O)cc(O)o1,-0.2268,val
gdb_124683,CC(C=O)n1nnnn1,-0.2918,val
gdb_6144,CC1(C)CC(C#N)O1,-0.275,val
gdb_115846,CCC1COC2C(O)C12,-0.2346,val
gdb_26943,Cc1occc1N1CC1,-0.2065,val
gdb_78053,CC1C(C)C2C1C2(C)O,-0.2376,val
gdb_29400,Cc1c[nH]c(OC=O)n1,-0.2214,val
gdb_3348,C1=C2CCC2OC1,-0.2261,val
gdb_22538,CC(=NO)C(C=O)C=O,-0.2504,val
gdb_57883,CC(O)C(=O)C1(C)CN1,-0.2591,val
gdb_75814,O=C1CC2(COC2)C1O,-0.2517,val
gdb_84243,CC1N=C2NC3C2C13C,-0.2213,val
gdb_129307,N=c1oncncc1=O,-0.278,val
gdb_86838,C#CC1CC(=O)C(C)O1,-0.2449,val
gdb_4333,O=c1nc(O)nc[nH]1,-0.2708,val
gdb_37018,C1=CC23C=CCC2(C1)N3,-0.2179,val
gdb_32618,CCn1ccc(C#N)c1,-0.2305,val
gdb_55053,C#CCC1CC1C(N)=O,-0.2465,val
gdb_113565,CCC1CC12C=CCO2,-0.207,val
gdb_20306,C#Cc1cncnn1,-0.2448,val
gdb_49080,O=CC12COC3C1NC32,-0.241,val
gdb_12742,OC1CC2OCC12O,-0.2458,val
gdb_78272,CC1C2C3C(O)C3C12O,-0.2052,val
gdb_116059,OCC1CCC=CCO1,-0.2479,val
gdb_87638,CC1CC12CC(=O)C2O,-0.2439,val
gdb_40094,C1OC2CC3(CC3)C2O1,-0.252,val
gdb_87506,OC1C2OC1C21CC1O,-0.2397,val
gdb_36228,C#CCC1=CCCCC1,-0.2353,val
gdb_21793,O=CCc1cnno1,-0.269,val
gdb_90086,CC1C2CC13CC(O)C23,-0.2271,val
gdb_83102,CN1C(=O)C2C=CCC21,-0.2317,val
gdb_124916,C#Cc1c(O)n[nH]c1C,-0.2133,val
gdb_75304,CC1=CCC2CC1(C)C2,-0.2184,val
gdb_82241,CC1C2OCC2C2OC12,-0.2402,val
gdb_111901,CC1=CC(CO)C(=O)N1,-0.2216,val
gdb_26116,CC(C)c1[nH]cnc1N,-0.1821,val
gdb_113923,CC(O)CC1CC1CO,-0.2529,val
gdb_58773,CC(C)C12CCC1(C)C2,-0.2354,val
gdb_88085,CC1OC12COC1CC12,-0.2314,val
gdb_91797,CC12OC1CC(O)C2O,-0.2492,val
gdb_133002,CN=c1ccocc1F,-0.2183,val
gdb_78654,CN1C2C(=O)C3(C)C2C13,-0.2091,val
gdb_73316,CC12CCC34CC(C13)N24,-0.2242,val
gdb_107902,COC12CN3C(=O)C1C32,-0.2404,val
gdb_49206,O=CC1=CCC(=O)C1=O,-0.2418,val
gdb_10142,C#CC(C#C)COC,-0.2601,val
gdb_97333,CN=CNC(=O)C1CC1,-0.2454,val
gdb_58823,CC(C)C12OC1C1NC12,-0.2186,val
gdb_119043,CCC1(COC)CN1C,-0.2209,val
gdb_9751,OCC1(O)CC=CC1,-0.2356,val
gdb_68623,N#CC1C2CC1(N)CO2,-0.2536,val
gdb_76346,CC1C(O)C(C)C1C=O,-0.2369,val
gdb_973,Cc1cc[nH]c1O,-0.1768,val
gdb_131942,Cn1cnc([N+](=O)[O-])c1,-0.2608,val
gdb_99024,CCC(=O)CC(C)(C)O,-0.2501,val
gdb_103059,C#CC1(CO)C2CCN21,-0.2379,val
gdb_102715,C#CC(CC)CC1CC1,-0.2553,val
gdb_64353,CC1(C)CCCC1(C)C,-0.2866,val
gdb_42705,O=C1C2C3CC4C3C2N14,-0.2327,val
gdb_73260,OC12C=CCOC1CC2,-0.2299,val
gdb_4433,Cc1[nH]c(=O)[nH]c1N,-0.1762,val
gdb_105479,CC#CC1(OC)COC1,-0.2477,val
gdb_42124,C1#CCOCCCOC1,-0.2531,val
gdb_91057,CC1C=C2C3CC3C2O1,-0.2273,val
gdb_72835,O=C1NCC2(O)CCC12,-0.2381,val
gdb_18289,OC1C2COC=NC12,-0.2366,val
gdb_77399,CC1C2(O)C3OC2C13O,-0.2223,val
gdb_56481,C#CC(O)C(=O)NC=O,-0.2672,val
gdb_43117,O=C1C2CC3COC2C13,-0.233,val
gdb_126173,CCC(O)c1c[nH]nn1,-0.2564,val
gdb_12880,CC12OCCC1C2O,-0.2334,val
gdb_107851,OCC12CC3OC1C3C2,-0.2375,val
gdb_107459,CC1(C)OC2CC21CO,-0.2331,val
gdb_40564,C1=C(C2CN2)CCOC1,-0.226,val
gdb_38043,C1=CC23C=CC(C2)C3C1,-0.2179,val
gdb_70184,CC12CCC(=O)CC1C2,-0.235,val
gdb_30018,Cn1ccc2c1OCO2,-0.1685,val
gdb_42311,N#CC(=O)N1C=NCC1,-0.2688,val
gdb_99021,CC(C)(C)OC(=O)CO,-0.2656,val
gdb_35978,N#CC1CNCCOC1,-0.233,val
gdb_42766,C#CC12CCC(N1)C2=O,-0.2384,val
gdb_2876,C#CC1CN=CO1,-0.2575,val
gdb_63229,CC1(O)C=CCC1C=O,-0.2452,val
gdb_22288,CC1(C)C2C(=NO)CN21,-0.2259,val
gdb_16736,O=CC1=CC2CN2C1,-0.235,val
gdb_113837,COC1CC1C1CC1O,-0.2371,val
gdb_15574,O=CC1=CCCC1O,-0.2551,val
gdb_103096,CCC1(C)C(C)C1C#N,-0.2747,val
gdb_98807,CNC(=O)C1COC1=O,-0.2612,val
gdb_25170,N#Cc1nccoc1=N,-0.2553,val
gdb_105841,CCC12C(=N)OC1C2O,-0.2497,val
gdb_52490,CC#CC#CC1COC1,-0.2325,val
gdb_39069,C1=CC2OCC23OC3C1,-0.2526,val
gdb_42492,N#CCCCC(=O)C#N,-0.3115,val
gdb_90231,OC1CC23CCC12CO3,-0.2262,val
gdb_65485,C#CC1(C)CC2(CO2)C1,-0.2567,val
gdb_79740,CC1C2C3CC3CC12C,-0.2314,val
gdb_133144,Cc1cn[nH]c(=O)c1F,-0.2402,val
gdb_52305,O=CCCC1C=CCO1,-0.2398,val
gdb_59131,CC(C)C1C2C3OC2C31,-0.2295,val
gdb_122307,CCOCC12CCC1O2,-0.2484,val
gdb_70227,C#CC1=CC2(C)CC2C1,-0.2154,val
gdb_72769,CC12OCC1=CC1CC12,-0.2292,val
gdb_42167,C#CC(=O)C(C#C)C#N,-0.2853,val
gdb_56445,C#CC(O)C(=O)C1CC1,-0.2584,val
gdb_68593,CC12CC(CO1)C2(C)C,-0.2317,val
gdb_84245,CC1N=C2NC3C2C13O,-0.2294,val
gdb_63348,CC1(O)CC(=O)NC1=O,-0.2613,val
gdb_34797,C#CC1C2CC1C1OC21,-0.2511,val
gdb_90706,CC1C=CC2C(C)OC12,-0.2397,val
gdb_74100,NC1=CC(=O)C2CC1C2,-0.2124,val
gdb_114397,CCC1CC2C(=N)OC12,-0.2575,val
gdb_129029,N=c1ccc(=O)[nH]nn1,-0.2605,val
gdb_29527,Nc1coc2c1CCN2,-0.1658,val
gdb_39667,C1=CCN(C2COC2)C1,-0.2093,val
gdb_89874,C#CC1CC12CC(O)C2,-0.2395,val
gdb_80920,CC12OC(C1O)C21CO1,-0.2533,val
gdb_27946,Cc1cncc(C=O)c1,-0.2525,val
gdb_64240,CC1(C)OCC1OC=N,-0.2528,val
gdb_49703,O=CC1C2CCC1C2=O,-0.2445,val
gdb_93698,CC1OCC(C)(C)CO1,-0.2518,val
gdb_18988,C1CN2C1C1OCC12,-0.2107,val
gdb_50324,O=CC1CC2CC3C1N23,-0.236,val
gdb_114968,COC1CC=C2CCC21,-0.2226,val
gdb_117668,CC(O)(CCO)C1CC1,-0.2555,val
gdb_77785,C#CC12CC(=O)N1C2C,-0.2491,val
gdb_116485,COC1C=CCCCO1,-0.2444,val
gdb_64440,CC1(C)CCCOC1=O,-0.255,val
gdb_123098,CCCOCCC(C)=O,-0.2457,val
gdb_17617,CN(C)C(=O)C1CC1,-0.2326,val
gdb_107346,OCC12COC=NC1C2,-0.2364,val
gdb_97057,CN=C1OCC(C)=C1C,-0.2232,val
gdb_96330,CC1CCCOC(C)O1,-0.2474,val
gdb_71567,CC12OC3C(=O)C1NC32,-0.2233,val
gdb_130528,c1ncc2nnoc2n1,-0.2853,val
gdb_102375,CCC(C#N)(CC)CC,-0.307,val
gdb_103151,CCC1(N)C(=O)OC1C,-0.2541,val
gdb_67548,N=C1NC2C3NC3C12O,-0.2283,val
gdb_105254,CCC1(C2CO2)CC1O,-0.255,val
gdb_19814,O=C1NC2C3OC3C12,-0.2464,val
gdb_93217,CC1=CC(C)OCC1=O,-0.2328,val
gdb_111714,CNC1C2OCC12C#N,-0.2304,val
gdb_53227,CC#CC1CC(C)C1=O,-0.2274,val
gdb_128769,COCc1oncc1N,-0.207,val
gdb_38593,C1C2OC3C4CN(C14)C23,-0.2244,val
gdb_85388,CC1OC(=N)CC(=N)O1,-0.2731,val
gdb_404,N#CC1(N)CC1,-0.2722,val
gdb_108703,CCC1=C2COC2CC1,-0.2264,val
gdb_131194,Oc1nnn2c1CC=C2,-0.2205,val
gdb_37580,C1C2C3C4C(C5C1N54)N23,-0.2128,val
gdb_26531,Cc1occc(=O)c1N,-0.2077,val
gdb_56687,N#CC(N)C1(O)CCC1,-0.2576,val
gdb_7579,CC(C)C1(C)COC1,-0.2421,val
gdb_59351,CN(C)C1CC(O)C1=O,-0.2061,val
gdb_131947,Cc1oncc1[N+](=O)[O-],-0.2912,val
gdb_42349,O=C(N1CCC1)N1CC1,-0.2352,val
gdb_55503,CC(=N)OC(=O)C(C)=O,-0.2578,val
gdb_128737,COc1nonc1OC,-0.2491,val
gdb_1408,CN(C=O)CC#N,-0.2711,val
gdb_119263,CCCC1(CCO)CO1,-0.2563,val
gdb_7304,CC(=O)C(C)CC=O,-0.2509,val
gdb_87609,CC1CC12N=COC2=O,-0.2635,val
gdb_46756,O=C1OCC2C3CC3N12,-0.2555,val
gdb_81414,CC1C2C=C(C=O)C1C2,-0.2449,val
gdb_118139,COCC(O)C1NC1C,-0.2451,val
gdb_79560,N#CC12NC1C1C(O)C12,-0.2729,val
gdb_37385,C1C2C3OC4C(O3)C4N12,-0.2149,val
gdb_101651,CC(C=O)CC(O)CO,-0.2523,val
gdb_57630,CC(C)(C#N)NC1CC1,-0.2274,val
gdb_43255,O=C1C=C2NCC3C2N13,-0.242,val
gdb_13085,C#CCC1OCC1O,-0.2448,val
gdb_11317,CN=C1C=CC(=O)N1,-0.2589,val
gdb_72091,CC12CC3CCC1C2O3,-0.2167,val
gdb_47044,O=C1CC2OCC2CO1,-0.2569,val
gdb_30922,COc1c(C)ccn1C,-0.1869,val
gdb_72770,CC12OCC1=CC1NC12,-0.2331,val
gdb_10091,CCC(=NC)OC=O,-0.2701,val
gdb_61654,CC(C#N)CC1CCO1,-0.2593,val
gdb_80047,CN1C2C=CC3(CO3)C21,-0.229,val
gdb_3967,ON=c1cconc1,-0.2178,val
gdb_84112,CC1=CC(O)C2CC1C2,-0.2312,val
gdb_102065,CCN(C=O)C(C)C#N,-0.2647,val
gdb_111283,CCC1C(C)C2(C)CC12,-0.2404,val
gdb_62731,CC1(C)C2NC(=N)C21O,-0.2315,val
gdb_91572,N#CCC12NC1CC2O,-0.2526,val
gdb_132688,Oc1ncc(F)nc1O,-0.2295,val
gdb_107923,CN1C2CC3(CO)C2C13,-0.199,val
gdb_2618,N#CCOCC#N,-0.3151,val
gdb_40282,C1=CC2(COCC1)CO2,-0.2387,val
gdb_33902,C#CC12OC1C1OCC12,-0.2465,val
gdb_81996,CC1C2NC2C1(N)C#N,-0.2455,val
gdb_89324,C#CC12CC1(C)CC2O,-0.2239,val
gdb_67961,CC12CCNC1C(=N)O2,-0.236,val
gdb_57141,C#CC#CC(O)C1CO1,-0.2521,val
gdb_103686,COC1(C)CN(C=O)C1,-0.24,val
gdb_4421,O=c1cncc(O)o1,-0.2374,val
gdb_82271,CC1C(C=O)=CC2CC21,-0.2437,val
gdb_10298,C#CC(CO)C(C)O,-0.2573,val
gdb_103212,CC1(CO)C2C3CN2C31,-0.2302,val
gdb_108617,CCC1=C(C)C(O)CC1,-0.2205,val
gdb_56449,N#CC(O)C(=N)N1CC1,-0.2711,val
gdb_58205,CC(O)C(C)C(C)C#N,-0.2761,val
gdb_109768,CCC1C(C)C1C(C)O,-0.2518,val
gdb_37310,C1=NC2C(CO1)C1CC12,-0.2354,val
gdb_96204,CC1COCC=C1C#N,-0.2652,val
gdb_111650,CCC1C2CNC(=O)N12,-0.2465,val
gdb_85726,C#CC1CC(C)N1C=O,-0.2461,val
gdb_103404,O=C1N2CC2C1(O)CO,-0.2329,val
gdb_5423,Cc1occc1C=O,-0.2373,val
gdb_51585,N#CCC1CC1CC=O,-0.259,val
gdb_111853,CCC1C2OCCC12C,-0.2298,val
gdb_59228,CN(C)C1C(=O)N2CC12,-0.2224,val
gdb_92105,CC12OC3CC(O)C1C32,-0.2319,val
gdb_125350,Cc1cnc2oncn12,-0.2282,val
gdb_118513,OCCC(CO)C1CN1,-0.2348,val
gdb_49000,N=C1OC2(C=O)CCC12,-0.2629,val
gdb_104482,CNC1(C=O)C2CC1O2,-0.2251,val
gdb_19128,N#CC1(C2CC2)CC1,-0.267,val
gdb_115633,COC1CCC12OC2C,-0.2479,val
gdb_62683,CC1(C)C2N3CC3C21O,-0.2167,val
gdb_129078,N=c1cn[nH]nnc1=N,-0.257,val
gdb_17900,OC1C2COCC1N2,-0.2273,val
gdb_67316,N#CC1C2C3NC2C13N,-0.2446,val
gdb_79850,CC1C2C3CCC2(C)C13,-0.2752,val
gdb_129049,N=c1cconc1C=O,-0.255,val
gdb_40632,C1=CC2C(C1)C2C1CC1,-0.2198,val
gdb_979,Nc1[nH]cnc1O,-0.1938,val
gdb_72987,N#CC1(O)C2CCC21O,-0.2667,val
gdb_57434,CC(C)(C)N1CC1C#N,-0.2474,val
gdb_66464,CC12CC3C1C1C2C31C,-0.2307,val
gdb_24574,C1=COC=NC=NC=N1,-0.2316,val
gdb_69444,CC12COC(C#N)C1N2,-0.2673,val
gdb_112643,CC1N=C(N)OC1CO,-0.2251,val
gdb_66503,CC12C3OC4=NC3C1N42,-0.2174,val
gdb_90745,CC1OC2C(=O)NCC12,-0.23,val
gdb_99610,CNC(C#N)C1(N)CC1,-0.2346,val
gdb_88193,CC1CC12CCCCC2,-0.2515,val
gdb_28262,Oc1nc2c([nH]1)CNC2,-0.1927,val
gdb_21277,COc1ncnnn1,-0.2544,val
gdb_60014,CC(O)CN(C)CC#N,-0.2494,val
gdb_44220,N=C1OC2C1CC21CC1,-0.2563,val
gdb_132565,Cc1nc(F)cnc1O,-0.2381,val
gdb_38126,C1=CC2CCC3C1CC23,-0.2283,val
gdb_80026,CN1C2C=CC1C21CN1,-0.2115,val
gdb_125575,Cc1cc(C)c(=N)[nH]n1,-0.2038,val
gdb_47080,O=C1NCC2CCC=C12,-0.237,val
gdb_109262,CCC1=CCC2OCC12,-0.2335,val
gdb_47190,O=C1C=CCNC(=O)C1,-0.245,val
gdb_123739,C1CC(c2nn[nH]n2)C1,-0.2776,val
gdb_109084,CCC1=NC2CCC2O1,-0.2357,val
gdb_42144,C1COCCOCCO1,-0.2376,val
gdb_104446,CCC1(C)CCCOC1,-0.241,val
gdb_44832,N=C1OC2CC(=O)C1O2,-0.2568,val
gdb_20014,CCC1CC1C1CC1,-0.2431,val
gdb_77349,N#CC1OCC(=O)C1O,-0.2676,val
gdb_45828,O=C1OC=NC2CCC12,-0.2707,val
gdb_3574,CC1C2C3CN3C12,-0.2181,val
gdb_41602,C1=NCC2(O1)C1COC12,-0.2303,val
gdb_116324,CCC1OCOC2CC12,-0.248,val
gdb_44350,O=C1C=C2CC3C2N3C1,-0.2243,val
gdb_109847,COC1C(C)C1OC=O,-0.2549,val
gdb_133734,N#CC(CO)C(F)(F)F,-0.3029,val
gdb_127237,Cc1nn(C)cc1C=O,-0.2419,val
gdb_10966,CC12C=CC(N1)C2=O,-0.247,val
gdb_108116,CCC12CC3CC1OC32,-0.2365,val
gdb_33104,COCc1c[nH]c(C)n1,-0.2066,val
gdb_30577,OCC#Cc1ccco1,-0.2132,val
gdb_84205,N=C1NC(C=O)=CC1O,-0.2337,val
gdb_63871,CC1(O)CN2CC21C#N,-0.2616,val
gdb_8028,O=C1CC2(O)COC12,-0.2391,val
gdb_21014,Cn1ccc(=O)nn1,-0.2308,val
gdb_77777,C#CC12OC(=N)C1C2C,-0.253,val
gdb_118282,N#CCCC(O)CCO,-0.2721,val
gdb_22317,CC(CC1CC1C)=NO,-0.2377,val
gdb_32015,CCc1nccc(=O)[nH]1,-0.2387,val
gdb_22967,OCCC1OCC1=NO,-0.2491,val
gdb_35292,N#CC1OC1CN1CC1,-0.2481,val
gdb_100368,C#CC(C)(CO)OC=O,-0.2731,val
gdb_132252,C#Cc1cc(F)ncn1,-0.2771,val
gdb_133679,C#CCC(C)C(F)(F)F,-0.272,val
gdb_44131,N#CC1C2NC(=O)OC12,-0.2758,val
gdb_69833,CC12CCN3CC3C1O2,-0.2271,val
gdb_75672,N#CC12CN1C(=N)C2O,-0.2744,val
gdb_38104,C1=CC2OC2C2CC1O2,-0.2468,val
gdb_115730,COC1CCC1C1CC1,-0.2422,val
gdb_71566,CC12OC3C(=O)C1CC32,-0.2265,val
gdb_123088,CCCCCCC(C)=O,-0.2409,val
gdb_37949,C1=NC2C3OC2C3CO1,-0.2372,val
gdb_26151,CC(C)c1cc[nH]c1O,-0.1776,val
gdb_120027,CC1CC(O)C1CCO,-0.2526,val
gdb_12989,CC12NC1COC2=O,-0.2482,val
gdb_28947,N#CCn1cncc1O,-0.2174,val
gdb_16841,CC1OC(C)C2OC12,-0.2521,val
gdb_13730,COCCN1CC1C,-0.2238,val
gdb_27228,Cc1ncn2c1CC=C2,-0.2068,val
gdb_79315,N#CC12C3OC1C2C3O,-0.2676,val
gdb_20329,C#CCn1ccnn1,-0.261,val
gdb_88473,CN1CC1C1(C)CCO1,-0.2148,val
gdb_28980,C#Cc1ncncc1N,-0.2247,val
gdb_60677,C#CC(O)(C=O)C1CN1,-0.2494,val
gdb_45184,O=C1CN2CC3C1CC32,-0.2118,val
gdb_31100,Nc1[nH]c(O)nc1CO,-0.1779,val
gdb_34937,N#CC1C2N1CC21CC1,-0.2546,val
gdb_12278,CC1OC(CO)C1C,-0.2436,val
gdb_79782,OC1C2C3OC4C1N2C34,-0.2348,val
gdb_99321,O=C(CO)NCC1CC1,-0.2529,val
gdb_81540,CC1C2CC1C21CCC1,-0.2758,val
gdb_86445,CC1CC(C)NC(=O)N1,-0.2334,val
gdb_89852,CC1C=CCC2(CO2)C1,-0.2446,val
gdb_6598,CC12CC(C=O)(C1)O2,-0.2474,val
gdb_14328,O=C1CC2CCN2C1,-0.2151,val
gdb_17515,O=CC12CC3C(C1)N32,-0.256,val
gdb_119372,CC1C2CC1(CCO)O2,-0.2341,val
gdb_97883,CCC#CCC(=O)CC,-0.2377,val
gdb_104015,CCC1(O)CC2CC1O2,-0.2426,val
gdb_114230,CC1CC12CC(CO)C2,-0.251,val
gdb_103633,CCC1(C)CC(O)C1C,-0.2486,val
gdb_104523,C#CCC1(CC)CCO1,-0.2407,val
gdb_125529,Cc1cc2n(n1)C=CC2,-0.2094,val
gdb_129008,c1ccc2[nH]nnc2c1,-0.2419,val
gdb_3959,OCc1cn[nH]n1,-0.2564,val
gdb_93740,O=CC1(O)CCC(O)C1,-0.2485,val
gdb_99389,COC(=O)CNCC=O,-0.2437,val
gdb_29387,C#CCc1cc(O)c[nH]1,-0.1841,val
gdb_124278,CC(=O)c1n[nH]cc1C,-0.2389,val
gdb_132840,O=Cc1ncccc1F,-0.2554,val
gdb_118414,CC#CC(CO)OCC,-0.2435,val
gdb_111687,CCC1C2OCC(C)C12,-0.2243,val
gdb_13262,CC#CCC1CCC1,-0.2389,val
gdb_63122,CC1(O)C2NCC21C#N,-0.2393,val
gdb_102324,CCN(C=O)CC(C)O,-0.2344,val
gdb_93424,CC1CC=CC(=O)OC1,-0.2587,val
gdb_108169,CCC12OC=NC1C2C,-0.2366,val
gdb_89673,CC1OC2(C#N)CC12O,-0.247,val
gdb_52447,C#CCOCCOC=O,-0.2702,val
gdb_78861,CC1C2C3C(N13)C21CO1,-0.2413,val
gdb_82955,CC1C2CC3NC3CN12,-0.2054,val
gdb_34755,C#CC1C2C3COC2C13,-0.2389,val
gdb_105131,C#CC1CC1(C#N)NC,-0.239,val
gdb_73735,C#CC1=C(C)COC1=O,-0.252,val
gdb_85333,CC1=CC(=O)CC(C)C1,-0.2301,val
gdb_48461,O=CC1(C=O)CCC1=O,-0.2634,val
gdb_80068,OC1C2C=CC3CC2C31,-0.2337,val
gdb_128158,CNc1[nH]nc(O)c1O,-0.1901,val
gdb_49214,O=CC1=CNC(=O)OC1,-0.2524,val
gdb_52520,CC#CC(=O)N(C)C=N,-0.2498,val
gdb_71380,CC12NC3C(=O)C1(O)C32,-0.2176,val
gdb_79539,C#CC12CC1C1C(C)C12,-0.2349,val
gdb_31540,CNc1cc(O)c(C)[nH]1,-0.1668,val
gdb_89914,CN1CC2(OC=O)CC12,-0.2226,val
gdb_25875,CC(=O)c1c[nH]c(O)n1,-0.2212,val
gdb_101967,COC(C#N)(C#N)C=O,-0.3067,val
gdb_86638,CC1CC(C=O)C(=N)O1,-0.2602,val
gdb_77076,CC1C(C#N)CC1(C)C,-0.2958,val
gdb_23802,O=c1cc(F)cno1,-0.281,val
gdb_112343,CCC1OC(=N)C=C1N,-0.2114,val
gdb_93585,CC1C=C(C2CO2)CO1,-0.2315,val
gdb_60419,CC(O)COC1COC1,-0.2531,val
gdb_79800,CC1C2=CCN3C1C23C,-0.2059,val
gdb_50192,N=C1OC2C(C=O)NC12,-0.2508,val
gdb_49440,O=CC1C2CCC3C2N13,-0.2331,val
gdb_81173,CC1C2CC1(NC=O)C2,-0.2469,val
gdb_52562,C#CCCC(=O)C#CC,-0.2546,val
gdb_57509,CC(C)(C)OC(=O)C#N,-0.305,val
gdb_92518,CC1OC2CCC2C1=O,-0.2423,val
gdb_129844,Nc1cc(NC=O)n[nH]1,-0.206,val
gdb_51235,O=CCC12CCC1CO2,-0.244,val
gdb_82828,OC1C2CC3CC1(O)C32,-0.2421,val
gdb_8344,N#CCC12CC(C1)O2,-0.2519,val
gdb_132684,Fc1cnc(F)c(F)c1,-0.2591,val
gdb_94527,CC1CCC1C(=O)C=O,-0.2465,val
gdb_127143,CN(C)c1nocc1N,-0.207,val
gdb_65878,O=CC1(O)CCC(=O)C1,-0.2499,val
gdb_79964,CC1C=CC2C(C)C12O,-0.2227,val
gdb_34534,C#CC1=CC2OC2CC1,-0.2279,val
gdb_118463,CCC(CCO)C(C)O,-0.2582,val
gdb_88321,CC1CN1C(=O)NC=O,-0.2504,val
gdb_6824,CC1(C)CCN1C=O,-0.2366,val
gdb_103089,C#CC1C(C)C1(C)CO,-0.2349,val
gdb_20569,CC(O)c1cnoc1,-0.2529,val
gdb_21269,COc1conc1N,-0.2192,val
gdb_45548,N=C1CC2CCOC2O1,-0.2595,val
gdb_96410,N#CC1NCCCC1N,-0.2263,val
gdb_128504,COc1[nH]ncc1CO,-0.2119,val
gdb_2146,O=C1C=CCC1O,-0.2473,val
gdb_87260,CC1OC1(C)COC=O,-0.2702,val
gdb_99345,C#CCCNC(=O)NC,-0.2418,val
gdb_114056,CC12CC1(C)C(CO)O2,-0.2316,val
gdb_105262,CCC1(C2CO2)OC1C,-0.2543,val
gdb_110156,CCC1C(=O)OC1C#N,-0.2949,val
gdb_103831,CCC1(C)CC1C(C)C,-0.2549,val
gdb_33348,C#CC#CC1CN=CO1,-0.2518,val
gdb_92753,CC1CC(C(N)=O)=CN1,-0.1968,val
gdb_83350,CC1C2C=CC1(O)CC2,-0.2364,val
gdb_15965,N#CC1NCC12CN2,-0.2568,val
gdb_6899,COC1C(C)C1(C)C,-0.2326,val
gdb_62122,O=CCCC(O)C1CO1,-0.2509,val
gdb_63756,CC1(O)CC2=CCCC21,-0.2222,val
gdb_50429,O=CC1CC=CC2NC12,-0.2359,val
gdb_113754,CC(C=O)C1NC1CO,-0.2517,val
gdb_106361,O=C1CC2(CO)CC1O2,-0.2362,val
gdb_35758,N#CC1CCC2CC1C2,-0.2942,val
gdb_100221,CCC(O)(C#N)CC#N,-0.3159,val
gdb_59844,CC(=O)C(=O)CC(C)C,-0.2384,val
gdb_84480,O=CC12C=CC(O)C1O2,-0.2666,val
gdb_9699,N#CC1(N)CC=CC1,-0.2553,val
gdb_120201,COCC1C2CC1C2O,-0.2527,val
gdb_36591,N#CCCC1(C#N)CN1,-0.2905,val
gdb_57880,CC(C)C(=O)C1(C)CO1,-0.2416,val
gdb_84278,CC1N=C2OCC2C1C,-0.2449,val
gdb_107187,CN1C2C3OC3(CO)C21,-0.236,val
gdb_117651,CC(C)C(C)(C)CCO,-0.2608,val
gdb_122959,CCCCCC(C)CO,-0.2623,val
gdb_88706,C#CC1OC1C1NC1C,-0.2496,val
gdb_101151,OCC(O)C1=CCCC1,-0.2377,val
gdb_58375,C#CC(CC#N)N(C)C,-0.2312,val
gdb_125457,Cc1nc(O)noc1=N,-0.2451,val
gdb_123500,c1ncc2cnnn2n1,-0.268,val
gdb_51878,O=CCC1CCCOC1,-0.2498,val
gdb_21508,NC(=O)n1ccnn1,-0.2737,val
gdb_82686,N#CC12C(N)C3OC1C32,-0.2447,val
gdb_41038,C1CC23C4C2C2C4C23C1,-0.2139,val
gdb_59843,CC(O)CC#CCC=O,-0.2439,val
gdb_10015,CN=C(C=O)OC=O,-0.2622,val
gdb_28348,Cc1ccc(O)oc1=N,-0.1973,val
gdb_44950,O=C1CC2CC1CCO2,-0.2359,val
gdb_36978,C1CC(CCC2CO2)O1,-0.2435,val
gdb_71781,CC12CC3C4CC1N4C32,-0.2092,val
gdb_83461,CC1C2COC12CC=O,-0.2374,val
gdb_91612,N=C1OC2CC(O)C1C2,-0.2641,val
gdb_92235,OC1CC2CN3CC3C12,-0.2191,val
gdb_131203,Oc1nnn2c1NCC2,-0.1966,val
gdb_10909,CN1C(=O)C2(O)CC12,-0.2283,val
gdb_16009,C1=NC2(CCO1)CC2,-0.2316,val
gdb_120267,CCOC1C(C)C2NC21,-0.224,val
gdb_94652,CC1COC1COC=N,-0.2459,val
gdb_31514,CCc1cc(O)c(C)[nH]1,-0.1717,val
gdb_66154,CC1(COC2CC2)CO1,-0.2371,val
gdb_77941,CC1C2C(C)C1C21CO1,-0.2514,val
gdb_52743,CC#CC(C=O)N1CC1,-0.2398,val
gdb_83592,OC1C2COCC1OC2,-0.2485,val
gdb_129760,Nc1nnn2c1C(O)C2,-0.2088,val
gdb_62438,N#CC1(N)C2N=COC21,-0.2594,val
gdb_72392,OC12CC=CC3OC1C32,-0.218,val
gdb_127610,Cn1ncc(OC=O)n1,-0.2603,val
gdb_126925,CCNc1cn(C)nn1,-0.1973,val
gdb_42318,C#CC(=O)N1CCCC1,-0.2391,val
gdb_1016,N#Cc1ncco1,-0.2753,val
gdb_121022,CCOC1CC=CC1C,-0.2374,val
gdb_4740,Cc1c[nH]c(C=O)c1,-0.2238,val
gdb_102807,CCC(NC=O)C(C)C,-0.248,val
gdb_100354,CCC(C)(CO)OC=O,-0.2685,val
gdb_28228,Nc1cc2c(o1)CCN2,-0.1606,val
gdb_39989,C1C2C3CC4(CO4)C2C13,-0.254,val
gdb_6945,CC1(C)N=CNC1=O,-0.2436,val
gdb_22025,Nc1n[nH]ccc1=NO,-0.1745,val
gdb_80375,C#CC1(O)CC2C1N2C,-0.2305,val
gdb_27581,C#Cc1cccc(N)c1,-0.2057,val
gdb_119137,CC(C)C1(CCO)CC1,-0.2596,val
gdb_18914,CC12C3CC4C1N4C32,-0.2183,val
gdb_20935,CCNc1cn[nH]c1,-0.187,val
gdb_70159,CC12CC1CC(=O)C2=O,-0.23,val
gdb_112313,COC1OC(=O)C2CC12,-0.2658,val
gdb_53752,CC(=O)C#CCN1CC1,-0.2451,val
gdb_47981,O=CC#CC1=CCCC1,-0.243,val
gdb_114014,COC1CC1COC=N,-0.253,val
gdb_21959,OCCc1nnon1,-0.2871,val
gdb_122481,C#CC1OC1CCCO,-0.2606,val
gdb_96851,CN=C1NC(C)C1(C)O,-0.2265,val
gdb_120217,OCCN1C2C=CC1C2,-0.2235,val
gdb_87633,CC1C(=O)CC12CC2O,-0.2362,val
gdb_48180,C#CCNCC(=O)C=O,-0.2341,val
gdb_130061,N#CCn1ccc(N)n1,-0.2137,val
gdb_109563,CCC1C(=O)C(O)C1C,-0.2456,val
gdb_120040,COCC1C(C)OC1C,-0.2389,val
gdb_86655,N=C1CC(O)CN1C=O,-0.2485,val
gdb_13437,CC1C(C)C1OC=O,-0.271,val
gdb_89095,CN1CC1CNCC#N,-0.2365,val
gdb_92332,CC1COC2CC(O)C12,-0.2464,val
gdb_72103,OC12CC3COC1C2C3,-0.2147,val
gdb_40861,C1CC2(C1)C1CN3C1C32,-0.2332,val
gdb_102953,C#CC(CO)CNC=O,-0.2438,val
gdb_29577,Nc1c[nH]cc1C1CC1,-0.1729,val
gdb_95093,CC1CCC2OC12C#N,-0.2845,val
gdb_6674,CC(=O)OCCC=O,-0.2605,val
gdb_52821,CC#CC1(O)CC=CC1,-0.2387,val
gdb_128964,c1cnc2n[nH]cc2c1,-0.2255,val
gdb_27254,Cc1[nH]cc2c1OCO2,-0.1905,val
gdb_130511,c1cc2ccnoc-2c1,-0.2056,val
gdb_21556,N=c1cc(N)cn[nH]1,-0.1965,val
gdb_8119,CC12CC(=O)CC1O2,-0.2464,val
gdb_2858,CCC1CN1CC,-0.2193,val
gdb_80731,C#CC1CC2C(C)C2C1,-0.2552,val
gdb_86909,CN1CC(OC2CC2)C1,-0.2126,val
gdb_80089,O=C1CC=CC2C(O)C12,-0.2313,val
gdb_99041,C#CC(C)CC(=O)CO,-0.2624,val
gdb_100189,COC(C)(C=O)C(C)O,-0.24,val
gdb_61936,C#CCC(C)NCC#N,-0.2484,val
gdb_855,Nc1coc(O)n1,-0.195,val
gdb_59625,CC(O)C1COC(=O)C1,-0.2624,val
gdb_104962,C#CC(=O)C1(OC)CC1,-0.2517,val
gdb_44006,O=C1CC23CC2(CO3)O1,-0.2526,val
gdb_118590,OCCC(CO)CCO,-0.2581,val
gdb_125001,Cc1c(N)noc1CO,-0.2291,val
gdb_42195,C#CC(=O)C12CCC1O2,-0.2658,val
gdb_104268,N#CC1NCC1(N)CO,-0.2395,val
gdb_79999,CC1C2C=CC13OCC23,-0.2223,val
gdb_92159,CC12C(O)CC3CC1C32,-0.2474,val
gdb_98488,C#CC1(C(=O)CC)CN1,-0.2525,val
gdb_51661,N=COC1CC2OCC12,-0.2473,val
gdb_103008,COC1(C#N)C(C)C1N,-0.2386,val
gdb_59956,CC(=O)C(C)CC(C)C,-0.2375,val
gdb_20840,CCc1n[nH]c(=O)[nH]1,-0.2196,val
gdb_107770,CCC12CC3C1N3C2=O,-0.243,val
gdb_51716,O=CNC1CNC(=O)C1,-0.2504,val
gdb_493,C#CCOC=N,-0.2698,val
gdb_5010,Nc1nccoc1=O,-0.2175,val
gdb_119964,CC1C(CO)N1CCO,-0.2371,val
gdb_125141,Cc1cnoc1C1CN1,-0.2343,val
gdb_67458,OC12C3CCC1OC2C3,-0.2404,val
gdb_2842,N#CC1NC1CO,-0.2722,val
gdb_81951,CN1C(=O)C(O)C2CC21,-0.2368,val
gdb_101285,C#CC1NC1C(C)OC,-0.2364,val
gdb_84313,CC1C=CC(=O)C2CN12,-0.2333,val
gdb_47159,N=C1OCC=C2COC12,-0.2517,val
gdb_71684,CC12OC3C4C(OC41)C32,-0.2257,val
gdb_118454,COCC(CO)C(N)=O,-0.2375,val
gdb_74187,NC1=CC(=O)CC2NC12,-0.2165,val
gdb_23531,ON=C1C2COC1C2O,-0.2378,val
gdb_16286,C#CC12CC1OC2C,-0.2321,val
gdb_92276,OC1C=C2C=CCC2C1,-0.2144,val
gdb_114429,CCC1OC2C3CC1C32,-0.2243,val
gdb_72455,OC12COC(C1)C1NC12,-0.2378,val
gdb_79869,CC1C2C3COC2C13O,-0.2281,val
gdb_8649,N#CC(O)(C#N)CN,-0.2704,val
gdb_106009,COC12C3CC1C1C3C12,-0.217,val
gdb_656,C1=CCCCC1,-0.2343,val
gdb_96840,CN=C1CC(O)C(=O)N1,-0.2553,val
gdb_82843,CC1C2CC3CC1C2O3,-0.2458,val
gdb_89945,N#CC12CCC1C(O)C2,-0.2765,val
gdb_11240,C#CC1CN=C(N)O1,-0.2274,val
gdb_64463,CC1(O)COCOC1=N,-0.2637,val
gdb_65287,CC1(C#N)NC12CCC2,-0.2598,val
gdb_20041,C1COC(C2CC2)=N1,-0.2324,val
gdb_51558,O=COC1CC12CCO2,-0.2403,val
gdb_38093,C1=CC2C=CC3CC23C1,-0.2238,val
gdb_105954,CCC12C3C1N1C3C12C,-0.204,val
gdb_106186,OCC12C3CCC1C2O3,-0.2267,val
gdb_126373,CCc1nc(NC)no1,-0.2227,val
gdb_41331,C1=CC23COC2C1CO3,-0.2409,val
gdb_108865,CC1C=C(CO)CCC1,-0.2237,val
gdb_79817,CC1C2C3COC1(C)C32,-0.2317,val
gdb_103720,COC1(C)CC1(N)C#N,-0.244,val
gdb_74350,CC1=CC(C=O)CC1=O,-0.2491,val
gdb_46339,C#CC#CC1CCC1=O,-0.2351,val
gdb_44145,O=C1CN2C1C2C1CC1,-0.2403,val
gdb_112246,N=CN1C(=O)CC1CO,-0.2449,val
gdb_121299,COCC1CC=CCC1,-0.2339,val
gdb_1916,CC1CC2(O)CC12,-0.2465,val
gdb_26796,N#Cc1cc(N)c(N)o1,-0.204,val
gdb_113469,COC1CC12CC1OC12,-0.2353,val
gdb_99458,C#CC(CC)C(=O)C#N,-0.2843,val
gdb_70579,CC12OC1CCC1CC12,-0.2512,val
gdb_132765,Cc1c(O)cncc1F,-0.2343,val
gdb_50384,O=CN1CC2OCCC21,-0.2464,val
gdb_42178,N#CC(=O)C1(C#N)CC1,-0.3163,val
gdb_47939,O=C1COCOCCN1,-0.2389,val
gdb_80830,CC1C2CC(=O)C1(C)C2,-0.2287,val
gdb_80980,CC1C2CC=CC1(C)C2,-0.2278,val
gdb_6203,CC1(C)COC(N)=N1,-0.2207,val
gdb_80086,CC1C2N=COC(=O)C12,-0.2629,val
gdb_56371,C#CC(N)(C#N)C1CC1,-0.2679,val
gdb_84603,CC1C=CC2OC12C#N,-0.2708,val
gdb_97189,CN=C1COCC(=O)N1,-0.2575,val
gdb_117572,C#CC(COC)C1CN1,-0.2441,val
gdb_26689,Cc1[nH]c(O)c(N)c1O,-0.1612,val
gdb_22792,O=C1NC=CCC1=NO,-0.2217,val
gdb_113842,OCC1CN1C1CC1O,-0.219,val
gdb_96124,CC1OCCC2CC21C,-0.2419,val
gdb_128301,CNc1cc2n(n1)CC2,-0.1835,val
gdb_79276,O=CC12OC3C(C1O)C32,-0.2497,val
gdb_22815,CC1N=COCC1=NO,-0.2486,val
gdb_103498,COC1(C)C2COCC21,-0.2297,val
gdb_18849,O=C1C2CCN3C1C23,-0.2305,val
gdb_96475,CC1=CCCOCC1O,-0.2349,val
gdb_58084,CN(C)C(C)(C#N)C#N,-0.2575,val
gdb_1734,C#CCC1(C)CN1,-0.2432,val
gdb_45671,O=C1CC=C2CC=CC12,-0.2316,val
gdb_38838,C1OC2CC1CC1CC12,-0.242,val
gdb_106869,C#CC12CCC1(CO)N2,-0.243,val
gdb_45154,O=C1NC2CC3(CO3)C12,-0.2479,val
gdb_109116,CN1C(=N)CN=C1CO,-0.2285,val
gdb_58487,CC(O)C1(C)CC1C#N,-0.2729,val
gdb_96004,CC1COCC1C1CO1,-0.2462,val
gdb_97984,CCC#CCNCC#N,-0.2509,val
gdb_126842,CCn1nnc(NC)n1,-0.2159,val
gdb_76169,C#CC1(C)C(C)C1(C)C,-0.2312,val
gdb_66790,CC12C3C4C5C(C51)N2C43,-0.2256,val
gdb_83247,CC12C(O)CCC1C2O,-0.2444,val
gdb_16047,N#CC12NCC1C2O,-0.25,val
gdb_111740,COC1C2COC21C=O,-0.2454,val
gdb_74378,CC1=CN(C=O)CCC1,-0.2079,val
gdb_48563,O=CC12C=CC3C1OC32,-0.2388,val
gdb_34357,N#CC12NCC1C1OC12,-0.2447,val
gdb_68139,CC12CCC(C#N)(C1)N2,-0.2611,val
gdb_109694,COC1C(O)C1(C)OC,-0.2232,val
gdb_105421,O=COC1(CO)CCC1,-0.2668,val
gdb_11828,CC1CC2(CC2)C1O,-0.2485,val
gdb_59142,CC(C)C1C2C3NC3C12,-0.2033,val
gdb_110673,COC1C2COC3C2C13,-0.2226,val
gdb_58982,C[NH+](C)c1cc(=O)o[cH-]1,-0.1282,val
gdb_108557,COC12CCC3CC1C32,-0.2368,val
gdb_3516,C1OCC1N1CC1,-0.2335,val
gdb_83388,OC1C2COC13CCC23,-0.2225,val
gdb_27447,Nc1ncccc(=O)n1,-0.2417,val
gdb_105158,CCC1(C=O)NC1C#N,-0.2865,val
gdb_86860,C#CC1CC(O)C(=O)O1,-0.2755,val
gdb_78301,CC12CC(O1)C1C(O)C12,-0.2326,val
gdb_90364,CC1CC2C(=O)CC12O,-0.2377,val
gdb_26189,Cc1c[nH]c(C(C)O)c1,-0.196,val
gdb_35119,C#CC1C=CCCC=C1,-0.2435,val
gdb_107371,O=C1CC2CC2(CO)C1,-0.2426,val
gdb_71215,O=C1C2NC3C2CC13O,-0.229,val
gdb_25460,O=Cc1cncn1C=O,-0.2696,val
gdb_71505,CC12NC3C1OC(=N)C32,-0.2433,val
gdb_65327,CC1(C2CO2)NC1C#N,-0.2737,val
gdb_96048,CC1COCC1OC=O,-0.2596,val
gdb_42527,O=C1C2(CC2)CC12CO2,-0.24,val
gdb_59817,CC(C)N=COC1CC1,-0.2431,val
gdb_85553,CC1=CNC(=O)CC1O,-0.2199,val
gdb_103763,CC1(CO)CC12CCO2,-0.226,val
gdb_69228,CC12OC1C(=O)NC2=O,-0.2746,val
gdb_32836,CCCc1cc(N)c[nH]1,-0.1688,val
gdb_5685,c1cc2c([nH]1)CCC2,-0.1876,val
gdb_52537,CC#CC(=N)NC(N)=O,-0.2477,val
gdb_41427,C1CC23CCC4C2C1C43,-0.2722,val
gdb_74852,CC1=CC2NC2C12CC2,-0.2155,val
gdb_120123,COCC1C2C(=O)CN12,-0.246,val
gdb_104388,CC1(CO)CCCC1O,-0.2506,val
gdb_70028,CC12OC1C1CCOC12,-0.2282,val
gdb_31165,Nc1[nH]cc(O)c1CO,-0.1672,val
gdb_47430,O=C1CCCN1C1CC1,-0.2214,val
gdb_2381,CC(=O)C1OC1C,-0.2495,val
gdb_110838,COC1C2OC(C)(C)C12,-0.226,val
gdb_64455,CC1(N)COCOC1=O,-0.2443,val
gdb_124298,CC(=O)Cc1cnn[nH]1,-0.2488,val
gdb_53703,CC#CCCNCC#N,-0.2489,val
gdb_93762,CC1=CC(=O)C(C)CN1,-0.2121,val
gdb_48688,C#CC1CC2(C=O)OC12,-0.2617,val
gdb_52531,CC#CC(=O)N1CC1C,-0.2466,val
gdb_77393,CC1C2(C)C3CN2C13C,-0.222,val
gdb_41743,C1OCC23COCC2C13,-0.2525,val
gdb_96365,CC1COCCC12CC2,-0.2385,val
gdb_24952,O=c1[nH]c2cc[nH]c2[nH]1,-0.1755,val
gdb_93656,CC1CCC(C)(O)C1=O,-0.2332,val
gdb_38497,C1C2N1CC13CCC21N3,-0.2223,val
gdb_42526,O=C1C2(CC2)CC12CN2,-0.24,val
gdb_36017,C#CCC(C#C)CC#C,-0.2579,val
gdb_133041,CNc1ccc(F)nc1,-0.2048,val
gdb_9905,COC=NC1(C)CC1,-0.2255,val
gdb_82779,CC1C2CC3C4C1N2C34,-0.218,val
gdb_58497,CC(C)C1(C)NC1C=O,-0.2447,val
gdb_104055,CCC1(C)OC2CCC21,-0.2353,val
gdb_78530,CC12NC1C1(O)C(O)C21,-0.2131,val
gdb_125737,Cc1noc(=O)n1C=O,-0.2783,val
gdb_83510,CC1=CC2OCC1C2O,-0.2313,val
gdb_12522,CC1C=CCCC=C1,-0.2324,val
gdb_115439,C#CC1CC(CO)CO1,-0.2555,val
gdb_6089,CC(=O)NCC(C)C,-0.2405,val
gdb_15044,C#CC(CC)C1CO1,-0.2577,val
gdb_115520,C#CC1(C)CCC1CO,-0.253,val
gdb_58285,CC(O)C(C)CC(N)=O,-0.2441,val
gdb_4565,Cc1ccc(O)cc1,-0.2109,val
gdb_19122,C#CC1(C2CC2)CN1,-0.2381,val
gdb_55918,CC(=O)CC1CC2OC12,-0.2441,val
gdb_54345,C#CC1(C(N)=O)CCC1,-0.2411,val
gdb_96755,CN=C(C#N)OCC=O,-0.2748,val
gdb_33330,C#CC#CC1OC1C#N,-0.2639,val
gdb_56012,NC(=O)OC1C=CCC1,-0.2516,val
gdb_17913,CC1C2C=CC1CC2,-0.2316,val
gdb_45317,N=C1OC2CC=CCC12,-0.2524,val
gdb_35473,N#CC1C=CC2CC2C1,-0.2529,val
gdb_16254,OC1COCC12CC2,-0.2464,val
gdb_60923,CC(C=O)C1C(C)N1C,-0.2209,val
gdb_28650,C#Cc1cnc(N)cn1,-0.2173,val
gdb_10471,O=CNC1(C=O)CC1,-0.2502,val
gdb_22196,C#CCC(CCO)=NO,-0.2475,val
gdb_119255,O=COC1(CCO)CC1,-0.2717,val
gdb_118149,CCCC(O)C1CCO1,-0.2519,val
gdb_41526,C1=C2CCCN=C2OC1,-0.2282,val
gdb_85853,CC1CC(C)(C)C1(C)C,-0.2695,val
gdb_65481,CC1(C#N)CC2(CC2)N1,-0.2336,val
gdb_106079,COC12C3=NCC1C2O3,-0.2152,val
gdb_104332,CCC1(O)CCC=C1C,-0.2313,val
gdb_121491,CCOC=NCC(C)=O,-0.2382,val
gdb_63134,CC1(O)C2CCC1C2=O,-0.2291,val
gdb_114494,CCC1OC2CC(=O)C12,-0.2463,val
gdb_97944,CCC#CCC1COC1,-0.2429,val
gdb_11607,NC(=O)OCC1CO1,-0.2696,val
gdb_117044,CCCC(=O)C(=O)NC,-0.2376,val
gdb_33756,N#CC12CC(C1)C21CN1,-0.2582,val
gdb_128100,CNc1c(C)nnn1C,-0.2164,val
gdb_125308,CC1=CCc2nocc21,-0.2242,val
gdb_119605,CCCC12CC1CCO2,-0.2241,val
gdb_31558,COc1cc(C)c(C)[nH]1,-0.17,val
gdb_126879,CCN=c1cccn[nH]1,-0.2048,val
gdb_62043,CC(C#N)NCC1CO1,-0.2472,val
gdb_59003,CC(O)C1=NC2CC2N1,-0.2117,val
gdb_26428,CC(C=O)c1ncc[nH]1,-0.2264,val
gdb_40384,C1NC1C12NC1C1NC12,-0.194,val
gdb_61419,CC(=O)NC(C)C(N)=O,-0.2361,val
gdb_95113,N#CC12NC1CCC2O,-0.2612,val
gdb_90939,CN1CC2N3CC1C23C,-0.2021,val
gdb_12827,OC12CCOCC1C2,-0.2472,val
gdb_85478,C#CC1OC(=N)OC1C,-0.2564,val
gdb_115041,COC1OC=NC1C=O,-0.2488,val
gdb_7564,CC(=O)C1(O)COC1,-0.2458,val
gdb_104005,COC1(C)CC2OC21C,-0.2433,val
gdb_23712,Nc1ccc(F)cn1,-0.2114,val
gdb_51723,O=COC1COC(=O)C1,-0.2804,val
gdb_36124,N#CCC12CC=CC1N2,-0.2445,val
gdb_10114,N#CC(CO)NC=O,-0.2743,val
gdb_4736,C#Cc1nc(O)c[nH]1,-0.2026,val
gdb_42870,O=C1CC2NC(C1)C2=O,-0.246,val
gdb_62305,N#CC1(N)C2C3OC2C31,-0.2511,val
gdb_55531,CC(=N)OC(=O)N1CC1,-0.2609,val
gdb_130573,N#CC(=O)c1cnon1,-0.3298,val
gdb_120787,CCCC1CC1CC#N,-0.2867,val
gdb_94896,CC1CCC2=CCCC21,-0.2213,val
gdb_126671,CCCOc1cc[nH]n1,-0.2136,val
gdb_113423,COC1CC12CC(=O)N2,-0.2298,val
gdb_104455,CCC1(O)COCOC1,-0.2469,val
gdb_105786,COC1(C=O)CCOC1,-0.2482,val
gdb_1012,N#Cc1ccco1,-0.2523,val
gdb_7961,CC1OC(=N)OC1C,-0.2499,val
gdb_85923,CC1CC(C)(C)CC1=O,-0.2336,val
gdb_55974,CC(=O)CN1CCC1=O,-0.2381,val
gdb_7229,CC(=O)C(=N)NC=O,-0.2598,val
gdb_43267,N#CC12C=CC(=O)C1C2,-0.2632,val
gdb_26040,C#CC(N)c1cnco1,-0.2449,val
gdb_27972,O=Cc1nccc(O)n1,-0.2614,val
gdb_45254,O=C1CC2CC3NC3C12,-0.2267,val
gdb_7658,CC1(C)C2CC1C2O,-0.2512,val
gdb_119291,C#CC1(OCC)COC1,-0.2533,val
gdb_120963,CCOC1CC2CC2O1,-0.2385,val
gdb_76394,NC1C([NH3+])C1(N)C(=O)[O-],-0.1829,val
gdb_33486,N#CC1(C#N)CC2CC21,-0.3054,val
gdb_117253,CCNC(=O)C1CCO1,-0.2337,val
gdb_251,CC(C)CC#N,-0.3161,val
gdb_102232,C#CC(CO)CC(C)=O,-0.2464,val
gdb_84137,C#CC1CC(C)=CC1C,-0.2326,val
gdb_86085,CC1=CC2(CO2)C(O)C1,-0.2429,val
gdb_43867,N#CC1CC12CC(=O)N2,-0.2631,val
gdb_99136,CCC(=O)OC1CC1C,-0.2633,val
gdb_64051,CC1(C)CN=COC1=O,-0.2738,val
gdb_100250,N#CCC(O)(C=O)CO,-0.2669,val
gdb_33868,N#CC12CC3NC3C1O2,-0.2618,val
gdb_19352,O=CC12OC1C1OC12,-0.2637,val
gdb_17658,CC1(C2CC2)COC1,-0.2424,val
gdb_30166,CC1Cc2[nH]cnc2N1,-0.1732,val
gdb_20665,Cc1cnnoc1=O,-0.2787,val
gdb_48118,N=C(C=O)N1CC=CC1,-0.2273,val
gdb_72269,OC12CC3CCC1CC32,-0.2448,val
gdb_103269,O=C1CC2C1C2(O)CO,-0.2415,val
gdb_100008,COC(C)(C)C(O)C=O,-0.2581,val
gdb_60484,C#CCCOCC(C)O,-0.2617,val
gdb_100207,C#CCC(C)(C#C)CO,-0.2543,val
gdb_8587,O=C1CC23CC(O2)C13,-0.2476,val
gdb_123831,c1noc2c1CCOC2,-0.2482,val
gdb_105788,O=CC1(CO)CCCO1,-0.238,val
gdb_13590,CC1CC1C(=O)CO,-0.2632,val
gdb_111753,CCC1C2CCC12CC,-0.2383,val
gdb_97445,CN=COCC1(O)CC1,-0.2312,val
gdb_89842,CC1CC2(CC2)CC1O,-0.2512,val
gdb_87524,CC1OC12C1COC2C1,-0.2335,val
gdb_96075,CC1CCOC2(C)CC12,-0.2348,val
gdb_8505,CC12NC3(C)C1OC23,-0.2316,val
gdb_78736,CC1C2CC3(C=O)C2N13,-0.2487,val
gdb_66694,CC12C3C(=O)C4C(C31)N42,-0.2336,val
gdb_99287,CCC(=O)CCN1CC1,-0.2322,val
gdb_17132,CC1CC(N2CC2)C1,-0.2288,val
gdb_66072,C#CC1(C)CCN1C=O,-0.2449,val
gdb_15126,O=CC#CCC1CC1,-0.2626,val
gdb_85414,CC1(C)OC(=N)CC1O,-0.2535,val
gdb_88206,CN1CC12CCCOC2,-0.2224,val
gdb_9762,CC1(CO)CCCC1,-0.2631,val
gdb_24648,c1ncc(N2CC2)cn1,-0.2316,val
gdb_104128,CCC1(O)CNC(=O)C1,-0.2367,val
gdb_6537,CCC1(O)CC1(C)O,-0.2286,val
gdb_107760,CCC12CC3C(O1)C3O2,-0.2375,val
gdb_40237,C1OCC2(CC2)N2CC12,-0.2215,val
gdb_70079,CC12NC1C=CC1OC12,-0.2395,val
gdb_122753,OCC#CCOCCO,-0.2621,val
gdb_23051,ON=C1COC12CCC2,-0.2425,val
gdb_11591,CC(=O)COC1CC1,-0.2329,val
gdb_16511,CC12CC=C3CC1C32,-0.2054,val
gdb_84745,CC1C=CCC(=O)N1C,-0.2344,val
gdb_40456,C1CC1C12CC3C(O1)C32,-0.2294,val
gdb_96855,CN=C1OC(C)C12CC2,-0.2392,val
gdb_6454,CC1CC(C)(C=O)O1,-0.24,val
gdb_10587,C#CC1(C=O)NC1C,-0.2488,val
gdb_63289,C#CC1C(=O)NC1(C)C,-0.2419,val
gdb_95237,CC1CCC2CC2CC1,-0.2581,val
gdb_130039,NC1=NCc2c[nH]nc21,-0.2187,val
gdb_25750,CC(=O)c1cc[nH]c1O,-0.2006,val
gdb_61715,CC(=NC1CC1)NC=O,-0.2298,val
gdb_16096,C#CC12C=CCN1C2,-0.226,val
gdb_106758,COC12CC1(O)CC2=O,-0.2318,val
gdb_43741,O=C1CC2(CCOC2)N1,-0.2464,val
gdb_126942,CCNc1nccnn1,-0.2217,val
gdb_132355,Cc1cc(O)cc(F)n1,-0.2503,val
gdb_59417,CC(O)C1CC1(O)C=O,-0.254,val
gdb_9841,CC1(C(O)CO)CC1,-0.2519,val
gdb_116430,N=C1OCCNC1CO,-0.2378,val
gdb_6339,CCC(=N)NC(N)=O,-0.245,val
gdb_125000,Cc1c(O)n[nH]c1CO,-0.2094,val
gdb_132721,N#Cc1ccc(F)nc1,-0.2795,val
gdb_71881,CC12CC3(O)CC(O1)C32,-0.2395,val
gdb_124338,CC(=O)n1ncc(O)n1,-0.2566,val
gdb_104216,CCC1(C)OCC12CO2,-0.2494,val
gdb_44615,O=C1OC2C3CNC1C32,-0.2395,val
gdb_40772,C1NC1C1OCC12CO2,-0.2515,val
gdb_5174,O=CNc1cnc[nH]1,-0.2079,val
gdb_121768,CCCNC(C#N)=NC,-0.238,val
gdb_70743,CC12COCCOC1C2,-0.2331,val
gdb_9252,CC#CCC(C)CO,-0.2407,val
gdb_133375,N=c1cc(F)[nH]nc1N,-0.1967,val
gdb_118132,COCC(C)C1CC1O,-0.2476,val
gdb_35116,N#CC1C=CCC2OC12,-0.2709,val
gdb_122156,CC1CC1(C)OCCO,-0.2515,val
gdb_82105,OC1C2CN2C1C1CO1,-0.2388,val
gdb_37723,C1C2C3OCC4C2C4C13,-0.2266,val
gdb_77125,O=CC1OC2(CC2)C1O,-0.2392,val
gdb_81448,OC1C2CC1C1(CC1)O2,-0.219,val
gdb_42716,O=C1C2C=CC1C1NC21,-0.2357,val
gdb_125431,Cc1nc(N2CC2)no1,-0.2396,val
gdb_24451,c1cc2c([nH]1)OCCO2,-0.1708,val
gdb_112804,CCC1C(C)CC1CO,-0.2586,val
gdb_93382,O=C1CCC(O)C2NC12,-0.2423,val
gdb_125929,CC1Cc2nc(O)nn21,-0.2261,val
gdb_110971,CCC1C2CC1(C)C2O,-0.2465,val
gdb_28731,Nc1ccc(NC=O)[nH]1,-0.1693,val
gdb_58564,CC(O)C1(C)CCC1C,-0.252,val
gdb_121377,CCCC1CCOC=N1,-0.2444,val
gdb_100779,CCC(C)C(C)C1CO1,-0.2611,val
gdb_35764,N#CC1NCC2CC1C2,-0.2399,val
gdb_17765,C#CCN1C2CC1C2,-0.2206,val
gdb_110811,COC1C2NC(C#N)C21,-0.2348,val
gdb_125507,C#CCn1ccc(C)n1,-0.2334,val
gdb_65400,CC1(C2CO2)OC1C=O,-0.2592,val
gdb_109585,CCC1C(C)C(O)C1C,-0.2485,val
gdb_95015,CC1CCC2C3OC3C12,-0.2432,val
gdb_15137,O=CCCCC1CO1,-0.25,val
gdb_102450,N#CC(=O)C(CO)CO,-0.2754,val
gdb_110298,CCC1C(C)C2C(O)C12,-0.2424,val
gdb_27112,Nc1ccoc1CC=O,-0.1948,val
gdb_76821,CC1C2=CCOC2C1C,-0.2245,val
gdb_94369,CC1COC12CC1NC12,-0.2296,val
gdb_76374,CC1(C(N)=O)C(O)C1O,-0.236,val
gdb_22515,N#CC1(O)CCC1=NO,-0.272,val
gdb_47664,O=C1COCC=CCN1,-0.2346,val
gdb_121243,COC1CCC1CCO,-0.244,val
gdb_116505,COC1CCCCOC1,-0.2366,val
gdb_67133,CC12C(=O)C3CC1C32O,-0.2324,val
gdb_111326,CCC1C2NC2C12CN2,-0.2251,val
gdb_18279,OCC1OCC2NC21,-0.2365,val
gdb_26510,OC1(c2cocn2)CC1,-0.2308,val
gdb_64438,CC1(C)CCCNC1=O,-0.234,val
gdb_81392,CC1C2CC1C(C#N)N2,-0.2428,val
gdb_93777,CC1=CC(C)C(C)OC1,-0.2337,val
gdb_30884,COc1[nH]c(N)cc1O,-0.1709,val
gdb_93121,C#CC1CC=CCC1O,-0.2445,val
gdb_18125,C1CC2CCOC2O1,-0.2507,val
gdb_7900,CC1OC(=N)C(=O)O1,-0.2839,val
gdb_13198,COC(=O)C1CCC1,-0.2658,val
gdb_20843,CCc1n[nH]c(C)n1,-0.2449,val
gdb_90599,CC1CN2C(=O)C(O)C12,-0.2317,val
gdb_4866,Nc1ccc(CO)[nH]1,-0.1814,val
gdb_36619,N#CCCC12CCC1O2,-0.2635,val
gdb_132267,Cc1cc(F)[nH]c(=O)c1,-0.2183,val
gdb_95269,CC1CCC2CC=CC12,-0.2329,val
gdb_87000,CC1CC(CNC=O)C1,-0.2486,val
gdb_56832,CC(C#N)C1C2CC1O2,-0.2521,val
gdb_47172,O=C1OCC=C2CCN12,-0.2241,val
gdb_123966,C1=NCc2[nH]ncc2N1,-0.1968,val
gdb_87317,CC1CC1(C=O)CC#N,-0.2641,val
gdb_80621,CC1C2CC(O2)C12CO2,-0.2398,val
gdb_1282,CCOCC(C)=O,-0.2438,val
gdb_65304,N#CC1(O)CC12COC2,-0.2586,val
gdb_28994,C#Cc1ccncc1O,-0.2356,val
gdb_15201,OCCOCC1CO1,-0.2615,val
gdb_31471,COc1nc(C#N)co1,-0.2496,val
gdb_104246,CC1(CO)OCC1C#N,-0.2693,val
gdb_106703,CCC12CC1(C)N1CC12,-0.2243,val
gdb_114558,COC1OC2CC1(O)C2,-0.2505,val
gdb_78510,OC1C2CC3(O)C1C23O,-0.2303,val
gdb_25704,CC#CCc1cnc[nH]1,-0.2157,val
gdb_99760,COC(C(N)=O)C(C)O,-0.2334,val
gdb_31828,CNc1ccc(N)nc1,-0.1773,val
gdb_85761,N#CC1CC(O)C2OC12,-0.2808,val
gdb_115039,CCC1OC=NC1C=O,-0.2469,val
gdb_7525,N#CCC1(O)CC1O,-0.2549,val
gdb_11267,CC1CC(C=O)=CN1,-0.2063,val
gdb_63109,C#CC12COC1C2(C)C,-0.2309,val
gdb_53319,CC#CC1CC2(CC2)O1,-0.2271,val
gdb_68100,C#CC12CC(C)(C1)C2=O,-0.2346,val
gdb_130301,Nc1noc2ncoc12,-0.2425,val
gdb_6370,CCC(=O)CC(C)C,-0.2409,val
gdb_129127,N=c1ncnnn1C=O,-0.2751,val
gdb_35420,N#CC1CC2C=CCN12,-0.236,val
gdb_41930,C1=CC2=CCOC2CC1,-0.215,val
gdb_106050,COC12C(C)C3CC1C32,-0.2264,val
gdb_130860,O=Cc1cc(=O)cno1,-0.2673,val
gdb_112525,C#CC1CC(OC)C1C,-0.2465,val
gdb_81249,OC1C2CC13COCC23,-0.2422,val
gdb_22457,CCC(=NO)C(C)CC,-0.2384,val
gdb_101090,COC(C)C1(C=O)CC1,-0.2501,val
gdb_83628,O=C1C=C2NCC2C1O,-0.2273,val
gdb_75397,CC1=CCC=CC2OC12,-0.2276,val
gdb_22659,O=CN1CCC(=NO)C1,-0.2461,val
gdb_98669,COC(=O)C1CC(C)C1,-0.265,val
gdb_111809,COC1C2COC1OC2,-0.2453,val
gdb_31426,COc1cc(=O)ocn1,-0.2437,val
gdb_25182,C#Cc1cncoc1=O,-0.251,val
gdb_47347,N#CC1OCCC(=N)O1,-0.2849,val
gdb_50051,N#CC#CC1NC1C=O,-0.2703,val
gdb_28124,Nc1cc2occc2[nH]1,-0.1699,val
gdb_83481,CC1C2CCC1C(=O)C2,-0.2291,val
gdb_7901,CC1OC(=O)C(=O)O1,-0.2852,val
gdb_131864,OCCNc1cnon1,-0.2316,val
gdb_91928,CC1(C)C(O)CC2CC21,-0.2582,val
gdb_17270,CC1CC1CN1CC1,-0.2289,val
gdb_121222,O=CC1COC1CCO,-0.2505,val
gdb_57947,CN(C)C(=O)CC(N)=O,-0.245,val
gdb_84558,OC1C=CC2N3CC12C3,-0.2169,val
gdb_113786,CCC1NC1C1(C)CN1,-0.2304,val
gdb_36951,C1OCC1CC1COC1,-0.2466,val
gdb_39136,C1CC2(C1)CCC1OC12,-0.2536,val
gdb_21703,NC=[NH+]c1cnn[n-]1,-0.2007,val
gdb_108221,CC1C2(C)COC12CO,-0.2289,val
gdb_123575,c1nc2n(n1)C1CC1C2,-0.2455,val
gdb_61998,CC(=O)COC(C)C#N,-0.2526,val
gdb_22171,CC1(C)NC=CC1=NO,-0.1865,val
gdb_87945,N=C1NC2(CO1)CC2O,-0.2221,val
gdb_57650,CC(O)(C=O)CC1CN1,-0.25,val
gdb_73794,CC1=C(N)CCOC1=O,-0.2159,val
gdb_49734,O=CC1C2CCOCC12,-0.2349,val
gdb_119624,COCC12COCC1O2,-0.2527,val
gdb_70317,CC12CC3OC3CN1C2,-0.2243,val
gdb_114419,O=C1NC2C(CO)NC12,-0.2359,val
gdb_44693,N=C1NC2C(=O)CC2O1,-0.2294,val
gdb_88031,C#CC1CCC12NC2C,-0.2385,val
gdb_34464,N#CC12COC3CC1C32,-0.2626,val
gdb_44641,O=C1NC2C3CCC3C12,-0.2434,val
gdb_75758,C#CC1(C)NC(=N)C1O,-0.2458,val
gdb_108732,O=C1C=C(CO)C2NC12,-0.2358,val
gdb_28493,Cc1ncc(N)cc1N,-0.19,val
gdb_110964,CC12OC(C1O)C2CO,-0.2475,val
gdb_107159,OCC12CC3(CC3)C1N2,-0.2443,val
gdb_37610,C1C2C3C4C1C1C2C3N41,-0.2105,val
gdb_109939,CC1CC2(CO2)C1CO,-0.2578,val
gdb_119844,CCOC1=NCC2CC12,-0.2376,val
gdb_112745,CCC1CC(O)C12CO2,-0.2518,val
gdb_87114,O=CC(=O)C1(O)CC1O,-0.24,val
gdb_103906,CCC1(O)CC1OC=O,-0.2695,val
gdb_101957,OCC(C1CO1)C1CO1,-0.2621,val
gdb_72676,C#CC12COC1(C)CO2,-0.2467,val
gdb_99247,NC(=O)CCC(=O)CO,-0.2457,val
gdb_42145,C1COCCOCOC1,-0.2471,val
gdb_113937,COC1CC1OC(C)C,-0.2291,val
gdb_130088,Nc1nc2n(n1)CC2O,-0.2101,val
gdb_114136,OCC1CC2(CO)NC12,-0.2185,val
gdb_5494,Cc1cocc1C#N,-0.2495,val
gdb_64118,CC1(C)CCC(C)(C)O1,-0.2351,val
gdb_32500,CNc1c[nH]cc1C#N,-0.1949,val
gdb_84726,OC1C=CC=CC2CC12,-0.2102,val
gdb_127714,C#Cc1nnn(C)c1C,-0.2304,val
gdb_71245,CC12CC3C(CC31C)O2,-0.2339,val
gdb_79606,CC1C2C3CN3C(=O)N12,-0.2414,val
gdb_105171,CC#CC1(CO)CC1O,-0.2415,val
gdb_127203,Cn1c(=N)cnoc1=N,-0.2497,val
gdb_97714,OCC#CC12CC(C1)O2,-0.2399,val
gdb_116139,CCC1C=C(C)CCO1,-0.2329,val
gdb_9065,CC(C=O)OCC#N,-0.2713,val
gdb_25471,O=CC1Cc2cccn21,-0.204,val
gdb_97019,CN=C1CC=CC(=O)O1,-0.2606,val
gdb_104445,CCC1(C)CCCCO1,-0.2399,val
gdb_62190,C#CCCOC(C)C#C,-0.2582,val
gdb_110190,COC1C(=O)CC1C=O,-0.2376,val
gdb_38477,C1C2OC2C2C3CC12O3,-0.2359,val
gdb_70661,CC12CC1CCN2C=O,-0.2237,val
gdb_126604,CCCn1cc(C)cn1,-0.2235,val
gdb_118494,CCCC(OC)C1CN1,-0.2371,val
gdb_51493,O=CNC1C=CC2OC12,-0.2492,val
gdb_46111,N#CCC1COC(=O)C1,-0.28,val
gdb_83343,CC1C2OCC1(O)C2O,-0.2338,val
gdb_90820,CC1OC2C3C1N1C2C31,-0.2346,val
gdb_42874,O=C1NC2CC(N1)C2=O,-0.2317,val
gdb_133702,CC1(C(F)(F)F)CC1O,-0.2728,val
gdb_112057,C#CC1CC=CC1CC,-0.2419,val
gdb_75483,CC1=CCOC1OC=O,-0.2589,val
gdb_34219,N#CC12CC3OC1C2O3,-0.2717,val
gdb_44013,N=C1OC23CN4C2C1C43,-0.2532,val
gdb_20674,Cc1conc1C=O,-0.2666,val
gdb_88768,OC1CC1C1CC2NC21,-0.2221,val
gdb_86697,N#CC1C(O)CC1C=O,-0.2589,val
gdb_39756,C1OC2C3C1C1(CO1)C23,-0.2371,val
gdb_123055,COCCCC1COC1,-0.2428,val
gdb_20534,CC(C)c1ccn[nH]1,-0.231,val
gdb_115646,CCC1OCC12COC2,-0.2498,val
gdb_64828,CC1(OC(=O)C=O)CC1,-0.2616,val
gdb_29964,Cn1ccc(CC#N)c1,-0.2182,val
gdb_22768,N#CC1CC(O)C1=NO,-0.2747,val
gdb_54394,CC(=O)C12C=CC(C1)C2,-0.2355,val
gdb_25900,Cc1c[nH]cc1C(N)=O,-0.2144,val
gdb_46236,N#CC1CC12OCC2=O,-0.2713,val
gdb_102199,C#CCC(CC)CC#N,-0.2735,val
gdb_84166,CC1N=C(N)COC1=N,-0.2409,val
gdb_104757,C#CC1CC1(CO)CO,-0.2442,val
gdb_91682,C#CC1C2CC(O)C1O2,-0.2513,val
gdb_115260,C#CC1=CC(CO)CC1,-0.2225,val
gdb_5797,CC(=O)CC(C)(C)C,-0.2408,val
gdb_4568,Cc1cnc(C)nc1,-0.2398,val
gdb_88636,CC1CC1C1CC(=O)N1,-0.2458,val
gdb_111683,CCC1C2C(O)CCN12,-0.2178,val
gdb_4926,COc1c[nH]c(C)c1,-0.1822,val
gdb_70700,CC12NC1CNCC2=O,-0.2149,val
gdb_123985,C1=NCc2c[nH]nc2O1,-0.2284,val
gdb_52740,CC#CC(C=O)C1CC1,-0.2393,val
gdb_91013,CC12CC1C1CC(O)C12,-0.2236,val
gdb_9034,N#CC(O)C#CC=O,-0.2894,val
gdb_127265,Cn1cc(C2CO2)nn1,-0.2462,val
gdb_2123,O=C1CCOC1=O,-0.2572,val
gdb_83288,CN1C2CCC(O)CC21,-0.2151,val
gdb_127268,Cn1cc(NC=N)nn1,-0.2109,val
gdb_103794,CC(=O)C1CC1(O)CO,-0.2489,val
gdb_1133,CC(O)CC(C)O,-0.2526,val
gdb_11147,N#CC1=NCC(=N)N1,-0.258,val
gdb_45313,O=C1NC2C=CCC2N1,-0.2422,val
gdb_63913,CC1(O)C=CC2CN2C1,-0.2224,val
gdb_66609,OC12C3C4N=CN(C41)C32,-0.2331,val
gdb_94316,CC1CCC12CC2(C)C,-0.2444,val
gdb_16887,CC1=CC2CC2OC1,-0.2152,val
gdb_11322,CN=C1CCC(=O)N1,-0.2477,val
gdb_99894,CCC(C)(C#N)C1CO1,-0.2792,val
gdb_10584,N#CC1(C#N)CC1O,-0.2919,val
gdb_962,Cc1ncoc1C,-0.2264,val
gdb_84637,CC1C=CC2NC2C1=O,-0.2302,val
gdb_113057,CCC1CN(CC)C1=O,-0.2387,val
gdb_100991,CC(CO)C1(O)COC1,-0.2529,val
gdb_129671,Nc1onnc1C1CO1,-0.2252,val
gdb_5609,COc1cccn1C,-0.1776,val
gdb_64677,C#CCC1(O)CC(=O)C1,-0.2435,val
gdb_69725,CC12CC1N1C3CC1C32,-0.2195,val
gdb_45261,O=C1NC2CC3CC3C12,-0.2378,val
gdb_111395,CCN1C(C=O)C2CC21,-0.2167,val
gdb_41434,C1OC23COC4C2C1C43,-0.2385,val
gdb_93026,OC1CC=CC2CC12O,-0.2288,val
gdb_118546,CCC(COC)OC=O,-0.2581,val
gdb_11399,COC1C=CC(C)O1,-0.2516,val
gdb_37183,C1NC2C3OC12C1NC31,-0.2189,val
gdb_47687,N=C1COCCC(=O)O1,-0.2752,val
gdb_131707,O=c1nc(CO)nn[nH]1,-0.2759,val
gdb_13008,CC12OC1C=CC2O,-0.2495,val
gdb_83552,C#CC1C2CCC1C2C,-0.2474,val
gdb_38169,C1=NC2CC23OCC3O1,-0.2235,val
gdb_114556,COC1CN2CC1(O)C2,-0.2188,val
gdb_37433,C1=NCC2C(O1)C1OC21,-0.2456,val
gdb_80038,CC1C2C=CC1N2C=O,-0.2337,val
gdb_89831,CN1CC2(CC2)OC1=O,-0.2435,val
gdb_83232,CC1C2N1CCC2(C)O,-0.2178,val
gdb_81473,CC1C2OC1C1CC2O1,-0.2221,val
gdb_130105,Nc1nc2onnn2n1,-0.245,val
gdb_110415,CCC1C2C3N1CC23C,-0.2189,val
gdb_74304,CC1=CCCCC(C)=C1,-0.1999,val
gdb_89294,CN1CC2(O)CC(=O)C12,-0.2161,val
gdb_118514,OCCC(CO)C1CO1,-0.2544,val
gdb_80926,CC1C2CC1(O)C21CO1,-0.2494,val
gdb_42467,N#CC(=N)NCC1CO1,-0.2553,val
gdb_56049,NC(=O)CN=C1CCO1,-0.236,val
gdb_113584,COC1CC12CCCC2,-0.2309,val
gdb_124140,CC#Cc1c[nH]nc1O,-0.2056,val
gdb_104947,N#CC#CC1(CO)CO1,-0.2851,val
gdb_111338,COC1C2NC2C12CC2,-0.2236,val
gdb_637,CC(O)C1CC1,-0.2585,val
gdb_107908,O=C1C2OC3(CO)C1C23,-0.2346,val
gdb_114643,CCC1CC2NC1C2=O,-0.2407,val
gdb_84602,C#CC12OC1C=CC2C,-0.2462,val
gdb_110245,CCC1C2C(=O)C1C2C,-0.2339,val
gdb_35545,C#CC1CC2COC2C1,-0.2397,val
gdb_3427,O=C1NCC2NC12,-0.2328,val
gdb_40745,C1CC2C1CC2N1CC1,-0.2217,val
gdb_104813,CCC1(CC)CNC1=O,-0.2395,val
gdb_44729,C#CC1CC2NC(=O)C12,-0.246,val
gdb_84824,CC1N=COC1OC=O,-0.2749,val
gdb_59318,CC(O)C1NC(=O)C1C,-0.2433,val
gdb_131007,C#Cc1cn(C=O)nn1,-0.2603,val
gdb_109875,COC1C(C)C2NC21C,-0.2196,val
gdb_89794,CC1CC2(CC2)C2CN12,-0.2239,val
gdb_126950,CCNc1n[nH]c(=O)o1,-0.214,val
gdb_41341,C1CC23COC(CC12)O3,-0.248,val
gdb_80379,N#CC1(O)CC2C(O)C21,-0.2692,val
gdb_104654,O=CC1(CO)CC(O)C1,-0.2588,val
gdb_56945,C#CC(O)C1NC1C#C,-0.2533,val
gdb_32962,Nc1cnc(CCO)o1,-0.1974,val
gdb_9675,CCC1(C)NC1CO,-0.2424,val
gdb_62018,CC(C=O)CNC(N)=O,-0.2442,val
gdb_113315,CCC1CC1(C#N)OC,-0.2706,val
gdb_55364,NC(=O)C1CCC2CN21,-0.2389,val
gdb_7246,C#CCC(=O)C(C)C,-0.2444,val
gdb_22374,ON=C1CC2(O)CCC12,-0.2401,val
gdb_58116,CC(C)C(C)(C)CC#N,-0.3089,val
gdb_84272,CC1C(O)C=C2COC21,-0.2408,val
gdb_750,Cn1ncnn1,-0.2907,val
gdb_56753,N#CC(O)C12CC(C1)C2,-0.2917,val
gdb_35560,N#CC1CC2OCC=C12,-0.2489,val
gdb_82744,CC12NC3C(NC31)C2O,-0.2258,val
gdb_113199,CCC1OC1(C)C(C)O,-0.2488,val
gdb_57952,CC(C)C(=N)OC1CC1,-0.261,val
gdb_42854,N#CCN1C2CC1C2=O,-0.2566,val
gdb_117047,CCNC(=N)C(=O)CO,-0.2356,val
gdb_43259,C#CC1C(=O)C=CC1=O,-0.2504,val
gdb_118283,CC(CCO)CCC=O,-0.2485,val
gdb_56575,CC(C#N)C(C)C1CC1,-0.2836,val
gdb_67362,O=C1NC2C3NC2C13O,-0.2477,val
gdb_80248,CN1C2CC(=O)C1C2O,-0.2097,val
gdb_79717,CC1C(=O)C2C3CC3C12,-0.2263,val
gdb_75212,CC1=CCC2(C)CCC12,-0.224,val
gdb_129450,NC(=O)c1n[nH]cc1N,-0.1984,val
gdb_15861,CC1OC(=O)C1C=O,-0.2715,val
gdb_89883,CN1CC2(C1)CN2C=O,-0.2261,val
gdb_45902,O=C1NC=CCN=CO1,-0.2486,val
gdb_112435,CCC1OC(=O)CC1O,-0.261,val
gdb_131772,OCC1Cc2cnnn21,-0.2583,val
gdb_56026,CC(=O)NC1CCOC1,-0.2412,val
gdb_27292,Oc1ccn2c1OCC2,-0.17,val
gdb_86446,CC1CC(=N)OC(C)C1,-0.252,val
gdb_105850,CNC12C(=N)OC1C2O,-0.2332,val
gdb_64230,CC1(O)CCC1CC#N,-0.2693,val
gdb_13464,OCCC1C(O)C1O,-0.2394,val
gdb_131871,OCCOc1cnoc1,-0.2406,val
gdb_39586,C1=CC2OC=NC2CC1,-0.2449,val
gdb_93450,CC1NCC(=O)CC1=O,-0.2423,val
gdb_36419,N#CCC1CC2CC2C1,-0.2772,val
gdb_131658,O=c1cnoc(CO)c1,-0.2536,val
gdb_29491,Nc1c[nH]c2cc[nH]c12,-0.1617,val
gdb_129075,N=c1cn[nH]cnc1=N,-0.2457,val
gdb_41867,C1=NCC2=CCCC2O1,-0.2397,val
gdb_21694,C#Cc1nonc1N,-0.2503,val
gdb_52185,O=COCC1CC(=O)N1,-0.2639,val
gdb_108753,CC1CC(=O)C=C1CO,-0.2288,val
gdb_124911,CC12CC1n1nccc12,-0.2313,val
gdb_99632,C#CC(CC)C1CC1C,-0.2557,val
gdb_51571,O=CCC1OC1C1CN1,-0.2512,val
gdb_96728,CN=C(OC=O)C(C)O,-0.2568,val
gdb_94087,CN1CCN(C=O)CC1,-0.2235,val
gdb_7252,CC(C)C(=N)NC=O,-0.2497,val
gdb_87381,CC1NC(=N)C12OC2C,-0.2341,val
gdb_4437,Cc1[nH]c(=O)oc1N,-0.2073,val
gdb_21106,C#Cc1cnnn1C,-0.2469,val
gdb_115391,COC1CCC(O)CC1,-0.2492,val
gdb_93662,CN1CCC(C)(O)C1=O,-0.2462,val
gdb_86837,CC1NC(C#N)CC1=O,-0.2581,val
gdb_112736,CC1CC(CO)C12CC2,-0.2541,val
gdb_40641,C1CC2C(C1)C2C1CC1,-0.2399,val
gdb_122416,CCCCC1CC(C)C1,-0.277,val
gdb_108724,CCC1=CC(=O)C2NC12,-0.2307,val
gdb_21126,CN=c1nc[nH]nn1,-0.2349,val
gdb_74650,CC1=CC2C3CC1C2O3,-0.2254,val
gdb_122126,O=CC(CO)OCCO,-0.2535,val
gdb_67509,CC12C3NC3C1N2C=O,-0.2305,val
gdb_44152,O=C1OC2C1C2C1CC1,-0.2692,val
gdb_916,N=c1nccco1,-0.2368,val
gdb_106846,CCC12CNC1(C#N)C2,-0.2317,val
gdb_81080,OC1C2CC1(C1CC1)O2,-0.2331,val
gdb_87563,CC1CC12C(C)N1CC12,-0.2206,val
gdb_53425,CC#CC1CCOC1=O,-0.2475,val
gdb_47186,N=C1C=CCCC(=O)O1,-0.2663,val
gdb_9884,CC1(CCC=O)CO1,-0.2511,val
gdb_2246,OC12COCC1C2,-0.2514,val
gdb_131678,O=c1[nH]nncc1CO,-0.2574,val
gdb_70944,CC12OC3(C=O)C1CC23,-0.2433,val
gdb_79879,CC1C2C3COC3C12C,-0.2345,val
gdb_130004,Nc1nc2nn[nH]c2[nH]1,-0.2067,val
gdb_99173,CNC(=O)NC1CCC1,-0.233,val
gdb_65780,CC1(OC=O)CCCO1,-0.2622,val
gdb_132753,Cc1ccnc(F)c1O,-0.2326,val
gdb_1950,CC1CC(C#N)N1,-0.2491,val
gdb_6916,CC1(O)CC1CC#N,-0.2668,val
gdb_82879,CN1C2CC3OC2(C)C31,-0.2099,val
gdb_84092,CC1=CC(C)C(O)C1O,-0.2491,val
gdb_57962,CC(O)C(=O)CC1CN1,-0.2564,val
gdb_124956,Cc1n[nH]c(C)c1C=O,-0.242,val
gdb_63450,C#CC1(C#C)OC1(C)C,-0.2568,val
gdb_83872,CC1CCOC2C(C)C12,-0.2366,val
gdb_117357,CCCC(=O)CC1CC1,-0.2354,val
gdb_48598,O=CC12CC(N1)C21CO1,-0.2529,val
gdb_21639,Nc1nc2n(n1)CC2,-0.2067,val
gdb_12637,CC1C=CC(O)C1O,-0.2521,val
gdb_44059,O=C1OC23CCC12NC3,-0.2338,val
gdb_119582,COCC12NC1CC2O,-0.2396,val
gdb_11596,CC(=O)OCC1CN1,-0.2433,val
gdb_45409,N=C1OC2C=CC1NC2,-0.2327,val
gdb_36875,C1CNC(OC2CC2)=N1,-0.2136,val
gdb_21830,O=CNc1cn[nH]n1,-0.2417,val
gdb_16236,CC1OC=NC12CC2,-0.2282,val
gdb_7261,CC(O)C(=N)OC=O,-0.2741,val
gdb_56792,CC(C#N)C1=CCOC1,-0.2425,val
gdb_27050,Cc1occc1CC=O,-0.218,val
gdb_108789,CC1(O)C=C(CO)CC1,-0.2322,val
gdb_39695,C1CC12C1C3C1C1C3N12,-0.2245,val
gdb_92688,CC1=CCC(C)NC1=O,-0.2373,val
gdb_74636,CC1=CC2N3CC2(O)C13,-0.2162,val
gdb_83630,CC1(C)C(O)C2CCC21,-0.2474,val
gdb_55404,CC(=O)C1CCCC1=O,-0.2458,val
gdb_103915,CC1(CO)CC2(O)CC12,-0.2464,val
gdb_8112,CC1CC2(C)C(O)C12,-0.2364,val
gdb_5430,O=Cc1cc[nH]c1O,-0.2118,val
gdb_20147,O=C1N2C3C2C2C3N12,-0.2522,val
gdb_90334,CC12OCC=C1CC2O,-0.227,val
gdb_126871,CCN=c1cnonn1,-0.2551,val
gdb_70804,CC12CC3(O)C(C1=O)C23,-0.2348,val
gdb_31470,C#Cc1coc(OC)n1,-0.2212,val
gdb_77961,C#CC1C2C(O)C1N2C,-0.223,val
gdb_52910,C#CC1(C#CC)CCO1,-0.2487,val
gdb_89317,OC1CC2(O)CC1(O)C2,-0.2423,val
gdb_34513,C#CC1=CC2C3CN2C13,-0.2168,val
gdb_30119,CN1CC1c1ncco1,-0.2251,val
gdb_69776,CC12CC1C1OC1(C)C2,-0.2516,val
gdb_47310,O=C1CCNC(=O)CC1,-0.2447,val
gdb_131240,Oc1cn2cnnc2[nH]1,-0.2103,val
gdb_122573,CCCCC1CN=CO1,-0.245,val
gdb_54626,CC(=O)C1=CC2CC1O2,-0.2434,val
gdb_67393,CC12C3CC(=O)C1C2O3,-0.2349,val
gdb_41618,C1=C2CCC2C2OCC12,-0.2277,val
gdb_84062,CC1=CC(C)C(=O)C1=O,-0.2292,val
gdb_2760,C#CC1CCC1O,-0.2532,val
gdb_120052,CCOC1C2OC3C1C23,-0.2304,val
gdb_29302,Oc1c[nH]c(N2CC2)n1,-0.1919,val
gdb_48074,O=CC(=O)C12CC1CO2,-0.2433,val
gdb_86575,CC(=O)N1CC(C)C1C,-0.2308,val
gdb_66472,CC12C3CC4(O)C3N1C42,-0.2225,val
gdb_67667,CC12C3=CCC1C2C=C3,-0.1895,val
gdb_93814,CN1CCN(C)C(=O)C1,-0.2217,val
gdb_33706,C#CC12C=CC3CC1N32,-0.2195,val
gdb_100249,C#CCC(O)(C=O)CO,-0.2498,val
gdb_31690,COc1cn(C=O)cn1,-0.2173,val
gdb_89276,CC1OC2(C)C=CCC12,-0.2335,val
gdb_83441,OC1C2OCC12N1CC1,-0.2211,val
gdb_49304,O=CC1=CCOCC=C1,-0.238,val
gdb_40350,C1=CC2(N3CC3)CC1C2,-0.2193,val
gdb_63306,CC1(C)CC(=O)C2NC21,-0.231,val
gdb_121428,CC(=NCCO)OC=O,-0.2631,val
gdb_35507,C#CC1CC2CCC1O2,-0.2486,val
gdb_21871,N=c1nc(O)nn[nH]1,-0.2525,val
gdb_57745,CC(O)C#CC#CC#N,-0.2707,val
gdb_37647,C1C2C3C4C5C(C5N24)N13,-0.1954,val
gdb_52349,N#CC#CCNCC=O,-0.2652,val
gdb_24832,N=c1ccocnc1=N,-0.2583,val
gdb_18268,COC1COC2CC12,-0.2316,val
gdb_127779,Cn1nnc2c[nH]cc21,-0.1955,val
gdb_115225,COC1CNC(=O)CO1,-0.2394,val
gdb_128978,c1cc2cncc-2n[nH]1,-0.1934,val
gdb_42446,N#CCNC(=O)N1CC1,-0.2636,val
gdb_38890,C1NC2=NC3CC3OC12,-0.2178,val
gdb_35010,C#CC1C2CCC12C#C,-0.2352,val
gdb_78034,CC1OCC2(C)C(O)C12,-0.2322,val
gdb_542,O=COCCO,-0.281,val
gdb_121811,CCOCC(C)(O)C#N,-0.2849,val
gdb_88010,CC1OC12CCC21CO1,-0.2549,val
gdb_80634,CN1C2CC(C2)C1C#N,-0.2287,val
gdb_107622,CCC12CC1CCC2C,-0.2524,val
gdb_100965,CCC(C)C1(C)CC1C,-0.2539,val
gdb_124593,Cc1ncn(C(C)C)n1,-0.2457,val
gdb_35962,C#CC1CCCOCO1,-0.2566,val
gdb_18107,C1=CC2CCCC2C1,-0.2337,val
gdb_36645,N#CCCN1C2CC1C2,-0.2332,val
gdb_86944,CC1CC(OC=N)C1O,-0.2503,val
gdb_8169,O=C1NC2CC1(O)C2,-0.2512,val
gdb_52202,C#CC1CC1OCC=O,-0.2496,val
gdb_6082,CC(=O)C#CC(C)O,-0.2598,val
gdb_101331,CCC(O)C1CN1CC,-0.2246,val
gdb_116974,CCCC#CCNC=O,-0.2452,val
gdb_17179,COC12CC3C1OC32,-0.2285,val
gdb_32368,N=c1ncc(CO)co1,-0.2258,val
gdb_8008,CC1CC(O)C(O)C1,-0.2515,val
gdb_63623,CC1(C)CC1C1(C)CO1,-0.2485,val
gdb_117062,CCOC(=O)C(=O)CC,-0.2487,val
gdb_40046,C1=CC2N(C1)CC21CO1,-0.217,val
gdb_75552,CC1=CCCNC1C#N,-0.2403,val
gdb_75994,CN1C(=N)C(N)C1C#N,-0.2429,val
gdb_70516,CC12C=CC=CCC1C2,-0.2041,val
gdb_3827,N#Cc1nnon1,-0.3473,val
gdb_79174,O=C1C(O)C2C3CC1C32,-0.2347,val
gdb_77483,OC1CC2(O)C(O)C12O,-0.2339,val
gdb_40933,C1OC2C1OC21COC1,-0.2492,val
gdb_38468,C1C2OC13CC1OC2C13,-0.2334,val
gdb_91017,CC12OC1C1CC(O)C12,-0.2419,val
gdb_65955,N#CC1(O)CCC12CC2,-0.2794,val
gdb_17864,OC1CC12C1CC2C1,-0.2439,val
gdb_52589,CC#CC(C#N)C1CC1,-0.2643,val
gdb_78814,OC1C2C3C(O)C1(O)C23,-0.2443,val
gdb_28230,Nc1cc2c(o1)CCO2,-0.1682,val
gdb_111221,OCC1C2CC1C2CO,-0.256,val
gdb_32622,CCn1ccc(C)c1N,-0.1847,val
gdb_67082,N#CC12CC3C(N1)C32O,-0.2477,val
gdb_132513,Cc1ccc(F)c(O)c1,-0.2199,val
gdb_26214,CC(O)c1cn(C)cn1,-0.2236,val
gdb_6001,CC(=O)C(C)(C)C#N,-0.2635,val
gdb_14377,C1OC23CN(CC12)C3,-0.2356,val
gdb_125336,Cc1cn2ncoc2n1,-0.2254,val
gdb_62883,CC1(C)C2NC1C21CO1,-0.2362,val
gdb_90064,CC1CC23CC(C2)C13C,-0.2197,val
gdb_42106,C1#CCCOCCC=C1,-0.2147,val
gdb_122997,CCOCCC1(C)CC1,-0.2477,val
gdb_19820,CC1CC2C3OC3C12,-0.2497,val
gdb_131946,Cc1[nH]ncc1[N+](=O)[O-],-0.2716,val
gdb_118535,C#CCC(COC)OC,-0.2412,val
gdb_114085,COC1CC2(O)CC1C2,-0.2449,val
gdb_128582,COc1ccnn1C=O,-0.2384,val
gdb_29985,Cn1cnc2c1C=CC2,-0.1885,val
gdb_12937,CC12C(=O)OC1C2O,-0.2636,val
gdb_121046,CCOC1CCC(=N)O1,-0.2606,val
gdb_112771,CCC1OC(C)C1C#N,-0.2646,val
gdb_7919,NC1=CC(=O)CC1O,-0.2225,val
gdb_44421,O=C1CC2C3COC12C3,-0.2465,val
gdb_101079,C#CC1(C(O)CO)CO1,-0.2586,val
gdb_57748,C#CC(=O)C#CC(C)C,-0.2639,val
gdb_77335,N#CC1COC(=N)C1N,-0.2624,val
gdb_109918,COC1C(C)C=CC1O,-0.2436,val
gdb_74245,C#CC1C=C(C)C2NC12,-0.2289,val
gdb_87436,CC1NC12C1C3OC1C32,-0.2301,val
gdb_25583,O=CNCc1cnco1,-0.2497,val
gdb_74907,CC1=NC2CC2CCO1,-0.2175,val
gdb_91779,CC12NC1CC(O)C2=O,-0.2271,val
gdb_107886,CN1C2C3NC2(CO)C31,-0.2133,val
gdb_9416,CCC(C)OCCO,-0.2585,val
gdb_60817,CC(C(O)C=O)N1CC1,-0.2356,val
gdb_127523,Cn1nc(O)nc1C#N,-0.2567,val
gdb_80931,CC1N2CC1(O)C21CC1,-0.242,val
gdb_80244,CC1C2OC(=N)C1C2C,-0.2504,val
gdb_96487,CC1CC=CCOCC1,-0.2413,val
gdb_39769,C1C2C3CN3C1C21CC1,-0.2247,val
gdb_76867,CC1C(O)C2C=CCC12,-0.2348,val
gdb_111627,CC1=CCN2C(CO)C12,-0.2166,val
gdb_51838,O=CCC1CCCC1=O,-0.2403,val
gdb_17327,CC12CC1CC1CC12,-0.2369,val
gdb_93552,CC1C=CNC(=O)CO1,-0.2233,val
gdb_113539,CC1OCC12CC2CO,-0.2351,val
gdb_75176,C#CC1CC=C(C)CC1,-0.2324,val
gdb_107240,CCC12CC1C1CC12O,-0.2055,val
gdb_70008,CC12CN1C1CCC=C12,-0.2243,val
gdb_49731,O=CC1C2CCCCC12,-0.2427,val
gdb_64381,CC1(C)CCNC1C#N,-0.2365,val
gdb_86645,CC1CN(C=N)C(=O)O1,-0.2532,val
gdb_57140,C#CC#CC(O)C1CN1,-0.2459,val
gdb_59675,CC(O)C1OCC12CN2,-0.2401,val
gdb_75143,CC1=NCC(C)(O)CO1,-0.2395,val
gdb_20686,Cc1cnoc(=N)n1,-0.2561,val
gdb_62351,N#CC1(N)C2OC(=N)C21,-0.276,val
gdb_45524,O=C1CC2CCC=CN12,-0.215,val
gdb_45555,O=C1CC2CCCC2C1,-0.234,val
gdb_91648,CC1(O)C2CC(O)C1C2,-0.2391,val
gdb_14052,C1CCC2(C1)COC2,-0.2412,val
gdb_123434,c1n[nH]c(CC2CN2)n1,-0.2572,val
gdb_6085,CC(C)C#CC(C)O,-0.2478,val
gdb_93199,CN1CCC(=O)C(=O)C1,-0.2325,val
gdb_60383,CC(C)OCC1(O)CC1,-0.2413,val
gdb_80684,OC1C2OC(C3CO3)C12,-0.2251,val
gdb_58938,CC(O)C12CC3CC1C32,-0.2437,val
gdb_122331,COCCC1=NCCO1,-0.2414,val
gdb_1944,O=CC1CC(=O)C1,-0.2604,val
gdb_100100,CCC(C)(C)CC(C)C,-0.2899,val
gdb_26933,Nc1[nH]cc(O)c1C=O,-0.1868,val
gdb_66249,OC1(C2CC2)CCCC1,-0.2495,val
gdb_106520,COC12CCCC(C1)C2,-0.239,val
gdb_8784,CCC(=O)C(=O)C#N,-0.2814,val
gdb_104042,OCC1(O)CC2CN2C1,-0.232,val
gdb_102457,COC(CO)C(=O)C=O,-0.2513,val
gdb_4408,N=c1ccnc(N)o1,-0.2136,val
gdb_109450,CNC1C(=N)OC12CC2,-0.228,val
gdb_44923,O=C1CC2CC1CC2=O,-0.2475,val
gdb_75957,CC1C(=O)CCOC1=O,-0.2609,val
gdb_67618,CC12C3CC4C1C4(C)C32,-0.208,val
gdb_57884,CC(O)C(=O)C1(C)CO1,-0.2625,val
gdb_41089,C1C2C3OCC34C1CN24,-0.225,val
gdb_53905,CC(=O)C(C#N)C1CN1,-0.2646,val
gdb_18043,C1=NC2COC2CO1,-0.2521,val
gdb_43561,C#CC1CC(=O)C1C#N,-0.272,val
gdb_77846,C#CC1C2C(=O)C(C)N12,-0.2417,val
gdb_88060,CC1NC12COC2C=O,-0.245,val
gdb_61758,CC(C)(C)C(O)CC=O,-0.2425,val
gdb_85675,CC1NC(C#N)C1(C)O,-0.254,val
gdb_14724,O=CC#CCCCO,-0.2631,val
gdb_17035,CC1C2CC1N2C=O,-0.2349,val
gdb_2485,OC1CC2CC1O2,-0.2442,val
gdb_123824,C1Cc2onnc2CN1,-0.2429,val
gdb_59853,CC(=O)C(=O)OC(C)C,-0.2484,val
gdb_21061,Cn1ncc(=N)nn1,-0.2394,val
gdb_96024,CC1CCCN1CC#N,-0.2344,val
gdb_47867,N=C1OCCCNC1=O,-0.2467,val
gdb_93165,CC1C=CCCC=CC1,-0.2331,val
gdb_101818,CCC(C)COC(C)C,-0.246,val
gdb_84687,CC1C=CC2OCC12O,-0.2455,val
gdb_25982,NC(=O)Nc1ccco1,-0.2165,val
gdb_113400,CCC1OC12C1CC2C1,-0.2514,val
gdb_127905,C#Cc1noc(=NC)[nH]1,-0.2218,val
gdb_101848,COC(C)COC1CC1,-0.2408,val
gdb_122065,CCC(C#N)CCOC,-0.2602,val
gdb_50220,O=CC1CC2C3OC2C13,-0.2396,val
gdb_109869,CCC1C(O)C2NC12C,-0.2316,val
gdb_15595,N#CC1OCCC1O,-0.276,val
gdb_73098,CC12CC(=O)OC1CO2,-0.2619,val
gdb_65114,CC1(C2=CCCC2)CN1,-0.2179,val
gdb_32301,CNc1nccoc1=O,-0.2116,val
gdb_121948,COCCC(O)C1CC1,-0.2473,val
gdb_30219,CC1Cn2c(N)ccc21,-0.171,val
gdb_4464,Cc1oc(N)nc1N,-0.1742,val
gdb_116022,CCN1CCC=CC1=O,-0.2319,val
gdb_84067,CC1=CC(O)C(C)C1=O,-0.2391,val
gdb_84277,CC1N=C2NCC2C1O,-0.2319,val
gdb_119714,CCOC12COC1C2O,-0.2295,val
gdb_104557,N#CC1(CN)CC(=O)O1,-0.2662,val
gdb_101243,CC(CO)C1OC1(C)C,-0.2529,val
gdb_68266,C#CC1(C)C2CC1(C)O2,-0.2365,val
gdb_107089,N#CC1CC2(CO)OC12,-0.2816,val
gdb_88508,C#CC1(C2CC2O)CO1,-0.236,val
gdb_127906,CN=c1[nH]c(C#N)no1,-0.2434,val
gdb_97242,CN=C1OCCOC1=N,-0.2503,val
gdb_55280,CC1(C)CCN1C(N)=O,-0.2296,val
gdb_56402,CC(C#N)C#CC1CO1,-0.2703,val
gdb_69622,CC12OC1C1(C#N)CC12,-0.2522,val
gdb_77952,OC1C2C(O)C1C21CO1,-0.2479,val
gdb_94160,CC1(C(N)=O)CCC1O,-0.2424,val
gdb_7121,CNCC(=O)OC=N,-0.2342,val
gdb_63972,CC1(C)CC2CCC=C21,-0.2202,val
gdb_126365,CCc1nc(C)nn1C,-0.2381,val
gdb_68236,CC12CC(C1)C1CC2O1,-0.2354,val
gdb_118805,C#CC1NC1(C)COC,-0.244,val
gdb_39205,C1=CC2COC3CC23C1,-0.233,val
gdb_116164,CCC1COCC(O)C1,-0.2407,val
gdb_54359,NC(=O)C1(C=O)CCC1,-0.2478,val
gdb_37308,C1=CC2C(CC1)C1CC21,-0.2339,val
gdb_122813,CCC(=O)NCCCO,-0.2419,val
gdb_49769,O=CC1N=COC12CC2,-0.2396,val
gdb_102316,COC(C#N)CN(C)C,-0.2203,val
gdb_100935,CCC(CC)C(C)CO,-0.2615,val
gdb_121748,CCNC(=O)CCOC,-0.2424,val
gdb_47283,O=C1C=CC(=O)OCC1,-0.268,val
gdb_60186,C#CC1CC1OC(C)C,-0.2278,val
gdb_21069,Cn1ncc(C=O)n1,-0.2572,val
gdb_93398,CC1=CC(=O)CCC1O,-0.2345,val
gdb_128760,COCc1[nH]ncc1C,-0.2224,val
gdb_90895,CC1CN2C3CC1(O)C32,-0.2327,val
gdb_67395,O=C1NC2CC3C1C23O,-0.2355,val
gdb_50188,C#CC1C2CN(C=O)C12,-0.2358,val
gdb_16575,C1OCC2CC1CO2,-0.2392,val
gdb_30717,CCc1[nH]cc(C)c1C,-0.1862,val
gdb_44538,N=C1OC2C3NC3C2O1,-0.2411,val
gdb_116049,OCC1C=CC=CCC1,-0.2079,val
gdb_13965,O=CCC12CCN1C2,-0.2422,val
gdb_59122,CC(O)C1C2CN3C2C13,-0.2282,val
gdb_90181,CC1CC23CC4C2C1C43,-0.2641,val
gdb_61731,C#CC#CC(O)CC=O,-0.2499,val
gdb_103339,CCC1(O)C2CC1N2C,-0.227,val
gdb_85044,CC1C(O)CC(=O)C1O,-0.2523,val
gdb_77934,CC1C2C(C)C1C2(C)O,-0.2511,val
gdb_18637,CC1C2C(O)CCN12,-0.2185,val
gdb_43552,N#CC1OC(=O)C12CO2,-0.3014,val
gdb_100473,CCC(C)C#CC1CO1,-0.245,val
gdb_111070,OCC1N2CC1(CO)C2,-0.2338,val
gdb_98422,CNC(=O)C1(O)CC1O,-0.2305,val
gdb_13432,CC1C(O)C1CC#N,-0.2666,val
gdb_49990,O=CC1CC12CC1CN12,-0.2413,val
gdb_11127,COC1CN(C=O)C1,-0.2413,val
gdb_67168,CC12C3CN1C(=O)NC32,-0.2276,val
gdb_27693,Cc1cc(O)c(C#N)[nH]1,-0.2135,val
gdb_89902,OC1CC2(C1)CC1NC12,-0.2276,val
gdb_90527,CC1NC2C(C#N)NC12,-0.2361,val
gdb_78036,CC1OCC2(O)C(O)C12,-0.232,val
gdb_49499,O=CC1C2CC1(C=O)N2,-0.2463,val
gdb_3778,CN=c1onno1,-0.2754,val
gdb_6017,CC(C)C(C)(N)C#N,-0.2584,val
gdb_50417,C#CC1N=COC1C=O,-0.2564,val
gdb_31889,CCc1ncc(C#N)o1,-0.2612,val
gdb_119435,CCCC12CC(=O)C1O2,-0.2422,val
gdb_70977,CC12CC3(C=O)CC1N32,-0.2519,val
gdb_55435,NC(=O)N1CCNC1=O,-0.2427,val
gdb_41436,C1CC23CCC24CC3C14,-0.2205,val
gdb_96131,OC1CCCC2CC12O,-0.2423,val
gdb_27233,Cc1oc(=N)n2c1CC2,-0.1859,val
gdb_52970,CC#CC12CC1C1NC12,-0.1996,val
gdb_108186,COC12C=CC(C1)OC2,-0.2401,val
gdb_30072,Cn1cccc1CC=O,-0.2045,val
gdb_22391,CC(CC1CCC1)=NO,-0.2375,val
gdb_29396,Cc1c[nH]c(NC=O)n1,-0.2043,val
gdb_86660,CC1=CC(C)CN1C=O,-0.2069,val
gdb_114337,CCC1CC2C(C)C2O1,-0.2325,val
gdb_91840,C#CC12CC1OC(C)O2,-0.2385,val
gdb_91558,OC1CN2CC12C1CO1,-0.2441,val
gdb_15847,C#CC1C(=O)NC1C,-0.2442,val
gdb_90538,N#CC1NC2C(O)CC12,-0.2573,val
gdb_810,CC1CCC1=NO,-0.24,val
gdb_67891,OC12C=CCC3CC1C32,-0.2227,val
gdb_99597,CC1(C(C#N)CO)CN1,-0.2606,val
gdb_85527,CC1NC(=O)CN2CC12,-0.2225,val
gdb_86718,O=CC1CC(O)C2NC12,-0.2369,val
gdb_36465,C#CCC1CCC1C#C,-0.2534,val
gdb_52823,CC#CC1(C)CNC1=O,-0.2324,val
gdb_52398,O=CCOCC1CCO1,-0.2461,val
gdb_40432,C1CC2OC2(C2CC2)C1,-0.2487,val
gdb_88189,OC1CC12C=CCCC2,-0.2206,val
gdb_95438,CC1[NH2+]CC=C1C(=O)[O-],-0.1743,val
gdb_40000,C1C2CC1CC1(CC1)C2,-0.2593,val
gdb_92716,CC1=CCN(C)C1C#N,-0.2255,val
gdb_109413,COC1C(=O)C2CC21C,-0.2218,val
gdb_44137,N=C1OC2C1C2C1CO1,-0.2651,val
gdb_87098,C#CC(=O)C1(O)CC1C,-0.2543,val
gdb_16687,N=C1OC2CC1C2O,-0.2504,val
gdb_43033,N#CC12C(=O)C3CC1N32,-0.2762,val
gdb_113272,COC1CC1(C)OC=N,-0.2482,val
gdb_54461,CC(=O)C12OC1C1OC12,-0.2551,val
gdb_48103,N#CC1CC1C(=O)C=O,-0.267,val
gdb_59474,CC(C)N1CC1C1CO1,-0.2243,val
gdb_62627,CC1(O)C2C3OC1(C)C32,-0.2224,val
gdb_108230,CCC12COC1(C)C2O,-0.2168,val
gdb_58467,CC(C)C1(C)CC1(C)C,-0.2497,val
gdb_45554,N=C1OC2COCC2O1,-0.2557,val
gdb_121257,CCCC1OCC2NC21,-0.2367,val
gdb_55043,C#CCC1CC1C(C)=O,-0.2457,val
gdb_58117,C#CCC(C)(O)C(C)C,-0.2561,val
gdb_25870,CC(=O)c1c[nH]c(C)c1,-0.2144,val
gdb_19401,CC1C2OC2C12CN2,-0.2418,val
gdb_74390,CC1=CC2(C)C3OC2C13,-0.2207,val
gdb_58622,CC(C)C1(C(C)C)CC1,-0.2597,val
gdb_47735,O=C1COCCC12CN2,-0.2443,val
gdb_13375,CCCC1=NCCO1,-0.2392,val
gdb_74577,CC1=CN2C(=O)CC2C1,-0.211,val
gdb_4761,CN=c1[nH]cc(N)o1,-0.1716,val
gdb_103270,O=C1NC2C1C2(O)CO,-0.2373,val
gdb_22910,CC1CCC(=NO)C1C,-0.2367,val
gdb_3387,COC1C2CCC21,-0.2385,val
gdb_19583,O=C1C2OC1C1OC21,-0.261,val
gdb_86130,CC1OC(C)C(=O)C1=O,-0.2317,val
gdb_3116,N#CC12CC1CO2,-0.2627,val
gdb_104108,CC1(CO)COC(=O)N1,-0.2582,val
gdb_109187,C#CC1CC=C(CC)C1,-0.2323,val
gdb_62307,C#CC1(O)C2C3CN2C31,-0.2368,val
gdb_107006,CC1C(O)C2(CO)CC12,-0.2426,val
gdb_54388,CC(=O)C12CC(C1)C2=O,-0.2425,val
gdb_17546,C1C2CC3(CN3)CN12,-0.2306,val
gdb_72008,O=CC12OC3CC1(O)C32,-0.2331,val
gdb_107729,CCC12OC3(C)CC1C32,-0.2225,val
gdb_25094,N=c1ccoc(=O)cn1,-0.2623,val
gdb_11432,COC1COC(=O)C1,-0.2635,val
gdb_87117,CC(C)(O)C1(C)CC1O,-0.2481,val
gdb_5542,COc1occc1C,-0.197,val
gdb_22396,C#CCN1CC(=NO)C1,-0.2283,val
gdb_115398,CCC1CCC(=NC)O1,-0.2386,val
gdb_29795,Cn1cc(O)n(C)c1=O,-0.1754,val
gdb_91571,C#CCC12NC1CC2O,-0.2387,val
gdb_85258,CC1CC2(CN2)C(=O)N1,-0.2326,val
gdb_95689,CC1CCNC(=O)NC1,-0.2319,val
gdb_68202,N#CC1CC2(O)CN1C2,-0.2504,val
gdb_110768,N=C1OC2C(CO)C12O,-0.249,val
gdb_65361,C#CC1(C)OC1C1CO1,-0.2606,val
gdb_92313,CN1CC2OCC(=O)C21,-0.2205,val
gdb_63296,CC1(C)CC(=N)N1C=O,-0.2532,val
gdb_11568,CCC(C)OC1CC1,-0.2349,val
gdb_124741,Cc1cnoc1C(C)O,-0.2501,val
gdb_48388,C#CC1(C=O)CC2CC21,-0.243,val
gdb_7569,CC1(C(N)=O)COC1,-0.2498,val
gdb_34116,C#CC12CC3OC1C3N2,-0.2358,val
gdb_95946,CC1OCCC1(O)C=O,-0.2502,val
gdb_29687,Cc1cc(C)n(C)c1O,-0.1676,val
gdb_30564,CN=CNc1ccoc1,-0.1952,val
gdb_39497,C1COCOC2CC2C1,-0.2383,val
gdb_120095,CCOC1C2C3NC3C12,-0.1984,val
gdb_1717,CC1(CO)CCC1,-0.2629,val
gdb_112025,CCC1C=CC2COC12,-0.2412,val
gdb_53460,CC#CCC#CC1CO1,-0.248,val
gdb_21676,C#Cc1nc(N)no1,-0.2431,val
gdb_12368,CC1C=CCOC1C,-0.2406,val
gdb_24233,c1cc2c(o1)CC1NC21,-0.207,val
gdb_47127,C#CC1=CCCC(=O)N1,-0.2202,val
gdb_36218,N#CCC1=NC2CC2N1,-0.2262,val
gdb_119077,CCC1(COC)COC1,-0.2362,val
gdb_58850,CC(C)C12NC1CC2=O,-0.2331,val
gdb_26918,O=c1ccc(O)c(O)[nH]1,-0.1882,val
gdb_131263,Oc1c[nH]c2nnnn12,-0.2243,val
gdb_15446,C#CC1CC=CC1=O,-0.2388,val
gdb_67736,CC12C=CC3(C)C(C1)C23,-0.2163,val
gdb_73103,CC12CCC1NC(=O)C2,-0.2376,val
gdb_108503,CCC12CCOC1CC2,-0.2391,val
gdb_123218,C#CCCCOCCO,-0.2627,val
gdb_14614,N#CCOCCC=O,-0.2671,val
gdb_20244,C1=C2CC3C2C2C1N32,-0.211,val
gdb_74263,CC1=NC(C)(C)C(=N)N1,-0.2262,val
gdb_104793,COC1(CO)CC2NC21,-0.2351,val
gdb_18257,OCC1C=CC2OC12,-0.2445,val
gdb_57521,CC(C)(O)CC(C)(C)O,-0.2545,val
gdb_44510,O=C1CN2C3CC2C3O1,-0.2301,val
gdb_76330,CC1(C)C(O)C(O)C1O,-0.2395,val
gdb_93342,CC1COC(=N)N1C=N,-0.233,val
gdb_9980,N#CCN(C=N)C=N,-0.2539,val
gdb_107826,COC12CCC3C(C1)C32,-0.2373,val
gdb_105344,C#CC1(CO)OC2CC21,-0.2517,val
gdb_91939,CC1CC2OC2C1(C)C,-0.2524,val
gdb_133220,CCc1cnc(F)nn1,-0.2493,val
gdb_48402,O=CC1(C=O)CC2CC21,-0.2463,val
gdb_118289,CCCC(C)COC=O,-0.2763,val
gdb_91764,CC1OC2COCC1C2,-0.2391,val
gdb_90753,O=C1NCC2C(O)CC12,-0.2395,val
gdb_15075,COC(C=O)C1CO1,-0.2503,val
gdb_114884,OCC1CC2CCC=C12,-0.2225,val
gdb_61746,CN(CC=O)C(=N)C#N,-0.2461,val
gdb_114157,C#CC12CC(CO)C1C2,-0.2296,val
gdb_16783,N=C1NC(=O)N2CC12,-0.2681,val
gdb_51376,O=COC1C2C3NC3C12,-0.2246,val
gdb_58081,C#CC(O)(C#N)C(C)O,-0.2897,val
gdb_56471,C#CC(N)C(=O)NC=N,-0.2406,val
gdb_37316,C1=NC2C(CO1)C1NC21,-0.2332,val
gdb_81742,C#CC12CC1C(C)C2C,-0.2283,val
gdb_35042,C#CC1C2C=CCCC12,-0.2266,val
gdb_89472,OC1CC2(O)CCC12O,-0.2373,val
gdb_85344,C#CC1=CC(=O)CC1C,-0.2395,val
gdb_40938,C1=NCC2(CCC2)CO1,-0.2425,val
gdb_118172,CC#CCC(C)COC,-0.241,val
gdb_120791,C#CCC1OC1CCC,-0.2582,val
gdb_34676,C#CC1C2C3CC(C3)N12,-0.2245,val
gdb_43744,N#CCC12CC1C(=N)O2,-0.2767,val
gdb_118022,COCC(O)C(N)C#N,-0.2694,val
gdb_16424,OC1CCC2CC1O2,-0.241,val
gdb_91195,CC1OC2C=CCOC12,-0.2458,val
gdb_10840,CN1CCC(=O)CC1,-0.2242,val
gdb_56855,C#CC(O)C1C2CCN21,-0.2333,val
gdb_26399,CC(O)Cc1ncc[nH]1,-0.2088,val
gdb_30519,CN=c1[nH]ccoc1=O,-0.2082,val
gdb_1328,CC1(C)CC1C=O,-0.243,val
gdb_56657,CN1CC1(C)C(N)C#N,-0.2406,val
gdb_50125,N#CC12CC1C(C=O)N2,-0.2553,val
gdb_118708,COCC1(C)C2CC1C2,-0.2502,val
gdb_118361,COCC(C=O)N1CC1,-0.242,val
gdb_97688,COC1(C#CCO)CC1,-0.2404,val
gdb_59722,CC1=CCOC1C(C)C,-0.2244,val
gdb_91087,OC1CN2C1=NC1CC12,-0.2227,val
gdb_89799,CC1CC2(CO2)C2CC12,-0.2516,val
gdb_120195,CCOC1C2CC1C2O,-0.2417,val
gdb_126933,CCNc1conc1C,-0.206,val
gdb_17215,C1OC2CC3(CO3)C12,-0.2505,val
gdb_3747,Cc1ncn(C)n1,-0.2487,val
gdb_26640,Cc1c(C#N)c[nH]c1O,-0.208,val
gdb_67020,CC12NC3C(C1=O)C32O,-0.2224,val
gdb_117577,COCC(C#N)C1CO1,-0.2727,val
gdb_4014,CCCC(CO)=NO,-0.254,val
gdb_82345,N#CC1NC2CC2C1N,-0.2248,val
gdb_111464,CCC1C(=N)OC2CC21,-0.2486,val
gdb_101268,C#CC1CC1C(C)CC,-0.24,val
gdb_96866,CN=C1OC(C)C2OC12,-0.2486,val
gdb_54260,CC(=O)C1(C)OCCO1,-0.235,val
gdb_42101,C1CCC2(C1)CCOC2,-0.2373,val
gdb_91918,CC1CC(C)C2OC2C1,-0.2562,val
gdb_31640,CCc1cn(C)c(O)n1,-0.1951,val
gdb_4152,C#CC1OCC1=NO,-0.26,val
gdb_53140,CC#CC1C2OC(=O)C12,-0.25,val
gdb_19741,C1C2OC3C1OCC23,-0.2328,val
gdb_17699,CC12C3C4CN(C41)C32,-0.214,val
gdb_15151,CC#CC#CC1CO1,-0.2334,val
gdb_65609,CC1(C#N)CC2CCN21,-0.2302,val
gdb_115363,CCC1C=CC(C)OC1,-0.2407,val
gdb_99162,CCC(=O)CC1CCO1,-0.2372,val
gdb_44349,O=C1C=C2NC3C(C1)C23,-0.2287,val
gdb_109177,CCC1=NCC(C)CO1,-0.2361,val
gdb_16055,CC1C2OCC12C=O,-0.2476,val
gdb_96994,CN=C1OC2CNC12C,-0.2308,val
gdb_63934,CC1(C)CC2OCC21O,-0.242,val
gdb_45368,O=C1CC2CCC(C2)O1,-0.2555,val
gdb_132510,Cc1ccc(F)c(N)c1,-0.2011,val
gdb_35432,N#CC1CC2CC(C2)O1,-0.2675,val
gdb_98448,COC(=O)C1(C)CCN1,-0.2238,val
gdb_11565,CCC(C)CC1CC1,-0.2687,val
gdb_21029,Cc1cc(C)n(C)n1,-0.2232,val
gdb_18630,CN1C2COC(=O)C21,-0.2495,val
gdb_72467,CC12C=CCC(CO1)C2,-0.2321,val
gdb_14928,N#CC1COCCO1,-0.2615,val
gdb_50216,O=CN1CC2C3CC1C32,-0.2346,val
gdb_5890,CCCCC(C)(C)O,-0.2598,val
gdb_20554,CC(C)n1cncn1,-0.2589,val
gdb_31769,CCc1ccc(N)n1C,-0.1772,val
gdb_97054,CN=C1CCC(C)(C)O1,-0.2366,val
gdb_45586,O=C1CC2COCCC12,-0.2418,val
gdb_103437,COC1(C)C(C)C2NC21,-0.2265,val
gdb_62443,N#CC1(O)C2N=CNC21,-0.237,val
gdb_101498,CCC(C)N=C1CCO1,-0.2469,val
gdb_76710,N#CCOC1C(O)C1O,-0.2519,val
gdb_18701,CC1C=CCC2CC12,-0.2345,val
gdb_90658,CC1OC2C1C2(C)C=O,-0.2441,val
gdb_65157,O=C1CC(C2(O)CC2)O1,-0.2743,val
gdb_57888,CN(C)C(=O)C1(C)CO1,-0.2369,val
gdb_53968,CC(C)(CC#N)C(N)=O,-0.2602,val
gdb_45440,O=C1OC2CCC1CC2,-0.2526,val
gdb_56160,CC(=O)CCC1(O)CC1,-0.2371,val
gdb_104796,OCC1(CO)CC2CC21,-0.2381,val
gdb_63682,CC1(C)NC1CNC=O,-0.2423,val
gdb_50023,O=CC1NC12CCC2=O,-0.2599,val
gdb_14539,N#CC1(N)C2CNC21,-0.2305,val
gdb_60021,CC(O)CC(C)NC=O,-0.2443,val
gdb_13941,OC1CCC12CCC2,-0.2476,val
gdb_133654,CC(C)C(C)C(F)(F)F,-0.3256,val
gdb_46921,O=C1COC2CC2OC1,-0.2424,val
gdb_16607,O=C1CN2CC2C1=O,-0.2344,val
gdb_40848,C1C2C3C1C2C31COC1,-0.2406,val
gdb_27821,Cc1nc(N)nc(=N)o1,-0.2278,val
gdb_2549,CCC(CC)CO,-0.2612,val
gdb_36585,C#CCCC1(C#C)CO1,-0.2586,val
gdb_79667,C#CC12C(O)C1C1CN12,-0.2204,val
gdb_72831,N=C1OCC2(N)COC12,-0.2551,val
gdb_30156,CC1Cc2c(N)ccn21,-0.1689,val
gdb_20386,C1Cc2onnc2N1,-0.2135,val
gdb_128144,CNc1cn[nH]c1NC,-0.1863,val
gdb_17549,C1OC12CC1OC1C2,-0.2645,val
gdb_38701,C1=CC23CC(C1)CC2N3,-0.2159,val
gdb_71090,C#CC12C3CC1(C)CC32,-0.2215,val
gdb_16768,COC1CC2CC2O1,-0.2397,val
gdb_87336,C#CC1(CC=O)OC1C,-0.2493,val
gdb_87721,CC1OC12CN(C)C2C,-0.217,val
gdb_81577,NC(=O)N1C2CC1C2O,-0.2343,val
gdb_89950,C#CC12CC(O)C1CO2,-0.2557,val
gdb_109564,CCC1C(=O)N(C)C1C,-0.2366,val
gdb_16399,N=C1OCC2CC1N2,-0.2398,val
gdb_94077,C#CC1OCC(O)CO1,-0.2579,val
gdb_42757,N#CCC12CC(O1)C2=O,-0.272,val
gdb_78575,C#CC1C2C3C(C)N2C13,-0.2318,val
gdb_16136,O=CC12CC1OC=N2,-0.2535,val
gdb_48245,O=CC(C=O)N1CCC1,-0.2404,val
gdb_128138,CNc1c(N)noc1N,-0.2025,val
gdb_27960,Nc1nccc(C=O)n1,-0.2391,val
gdb_124873,CC1(c2ccn[nH]2)CN1,-0.2253,val
gdb_27990,Cc1cc(N)n(C=O)c1,-0.2011,val
gdb_67658,CC12C3OC4CC1N2C43,-0.2339,val
gdb_116593,CCN=C1COC(=O)O1,-0.2776,val
gdb_49879,[NH2+]=c1oc(=O)o[c-]1C=O,-0.2389,val
gdb_42856,N#CCC1C2NC1C2=O,-0.2707,val
gdb_121000,OCCN1CC2OCC21,-0.2089,val
gdb_40004,C1C2CC1CC1(CO1)C2,-0.2549,val
gdb_154,OCC1CN1,-0.2436,val
gdb_37756,C1=C2CCC34CN(C13)C24,-0.1928,val
gdb_66995,CC12C(=O)OC3CN1C32,-0.2614,val
gdb_80091,O=C1NC=NC2C(O)C12,-0.2443,val
gdb_114758,OCC1OC2CC2C1O,-0.2447,val
gdb_37957,C1=C2CN3C(CCC1)C23,-0.2234,val
gdb_50206,O=CC1CC2C3C1CN23,-0.2311,val
gdb_38160,C1=CC2NC23CC(C1)C3,-0.236,val
gdb_96061,O=CCC1COCC1O,-0.25,val
gdb_39752,C1CN2C3C1C1(CO1)C32,-0.2375,val
gdb_66697,CC12C3C(=O)C4C(C41)C32,-0.2167,val
gdb_116858,COCC#CC(=O)OC,-0.2673,val
gdb_27728,Cc1cc(N)[nH]c1C=O,-0.1928,val
gdb_1535,COCC(=O)OC,-0.2634,val
gdb_41363,C1OC23COC1C2OC3,-0.2472,val
gdb_58544,CC(O)C1(C)COC1=O,-0.2692,val
gdb_92749,CC1=CCC(O)C=CC1,-0.2295,val
gdb_28825,Cc1cnc(=N)ncn1,-0.2511,val
gdb_38922,C1=CC23CC2OC3CC1,-0.2149,val
gdb_115505,CCC1COC(CC)C1,-0.2367,val
gdb_15212,N#CC1C(O)C1C#N,-0.2934,val
gdb_26267,CC(C)c1cnccn1,-0.2422,val
gdb_44565,N=C1OC2C1CC1NC12,-0.2462,val
gdb_127965,CN=c1nnoc(=O)o1,-0.3,val
gdb_133585,O=CN1CC1C(F)(F)F,-0.2685,val
gdb_100940,CCC(CO)C(O)CO,-0.2545,val
gdb_2000,CC(O)CC1CO1,-0.2585,val
gdb_94565,CC1CCC1C1COC1,-0.2409,val
gdb_100581,CC(CO)C(=O)NC=N,-0.2564,val
gdb_2824,N#CC1CN1C=O,-0.2798,val
gdb_28800,Oc1cnc2n1CCN2,-0.1713,val
gdb_53601,CC#CCC1CC=CC1,-0.2321,val
gdb_61216,CC(CC#N)C1(C)CC1,-0.2808,val
gdb_44025,N=C1OC23CC4C2OC143,-0.2463,val
gdb_133518,N=CNC(=O)C(F)(F)F,-0.2664,val
gdb_58716,CC(C)C1(C=O)CCO1,-0.2398,val
gdb_48846,O=CC12CC1OCCN2,-0.2192,val
gdb_82466,CC12OC3C(O)C1OC32,-0.2357,val
gdb_16198,O=C1NC=CC12CC2,-0.2079,val
gdb_10453,N#CCC1(C=O)CN1,-0.2799,val
gdb_79865,CC12C(O)C3C1COC32,-0.2304,val
gdb_90767,CC1CCC2C(O)CC12,-0.2515,val
gdb_32687,OCC1Cn2ccnc21,-0.2244,val
gdb_61386,CN(C=O)CC(=O)C=O,-0.2475,val
gdb_58781,CC(O)C12COC1(C)C2,-0.2224,val
gdb_79813,CC12COC3C(C1O)C32,-0.2213,val
gdb_42053,C1OCC2COC2CO1,-0.2449,val
gdb_73201,O=CC1OC2CCC12O,-0.2461,val
gdb_9819,CC1(C(=O)C=O)CO1,-0.2539,val
gdb_65451,N#CC1(N)CC1OC=N,-0.2373,val
gdb_51737,O=CNC1CCC12CN2,-0.2334,val
gdb_73157,OC12CCC1CC21CN1,-0.2396,val
gdb_36573,C#CCOC(C#C)C#N,-0.2788,val
gdb_122484,N#CC1CN1CCCO,-0.2571,val
gdb_45949,O=C1COC(=O)C12CN2,-0.2643,val
gdb_105537,COC1(C2CC2)COC1,-0.2479,val
gdb_72819,CC12CNC1C(=N)OC2,-0.2362,val
gdb_102020,CCC(C=O)C(=N)OC,-0.244,val
gdb_114493,CCC1CN2CC(=O)C12,-0.232,val
gdb_79405,CC1N2C3CC2(C)C13C,-0.2207,val
gdb_258,CC(O)CC=O,-0.2437,val
gdb_95227,CC1C=CC2OC2CC1,-0.2497,val
gdb_112973,CCC1CC(C2CN2)O1,-0.2394,val
gdb_75012,CC1=CC2OCOC2C1,-0.2477,val
gdb_2798,CCC1CCC1C,-0.2795,val
gdb_60182,C#CC1OC1CC(C)C,-0.2593,val
gdb_79669,C#CC12C(O)C1C1NC12,-0.2142,val
gdb_110947,OCC1CC2C(CO)C12,-0.2472,val
gdb_26295,CC(C)c1c[nH]c(=O)o1,-0.211,val
gdb_99723,CCN(C(N)=O)C(N)=O,-0.2578,val
gdb_63101,CC1(O)C2NCC(=O)C21,-0.2137,val
gdb_9862,C#CC#CC1(C)CN1,-0.2354,val
gdb_26771,C#Cc1nc(N)c(C)[nH]1,-0.1851,val
gdb_15047,CCC(C#N)C1CN1,-0.256,val
gdb_7763,CC1CC(=O)C=CN1,-0.2133,val
gdb_31067,CNc1nc(O)oc1O,-0.1805,val
gdb_41431,C1CC23COC4C2N1C43,-0.2323,val
gdb_114875,OCC1CC2COC2C1,-0.2406,val
gdb_132468,O=c1oc(O)ccc1F,-0.2225,val
gdb_84765,CC1C=CCC1(C)C#N,-0.2558,val
gdb_98261,CC(O)C(C)C(=O)CO,-0.2591,val
gdb_61753,CC(OC=N)C(=O)C=O,-0.2573,val
gdb_101963,C#CC(C#N)(C=O)NC,-0.2507,val
gdb_82996,OC1C2OC3COC2C31,-0.2326,val
gdb_82869,CC12CC3OC1C(O)C32,-0.2309,val
gdb_86489,C#CC1(C=O)CC(O)C1,-0.2564,val
gdb_82612,CC1C2OC3C(O)C3C12,-0.2345,val
gdb_79689,CC1C2C(=O)C1C1CC12,-0.2301,val
gdb_8872,CCN(C)C(=N)C=O,-0.2278,val
gdb_77951,OC1C2C(O)C1C21CN1,-0.2412,val
gdb_95935,C#CC1(O)COCC1O,-0.247,val
gdb_86268,C#CC1(C)C(C)CC1O,-0.242,val
gdb_20139,C1OC1C1CC2CC21,-0.2501,val
gdb_101814,CC(O)CCC(O)CO,-0.2548,val
gdb_32007,CCc1cccc(=O)o1,-0.2296,val
gdb_61079,O=CC(O)C1COCO1,-0.2643,val
gdb_53676,CC#CCOC1COC1,-0.2471,val
gdb_93693,CC1CCC(C)(C)OC1,-0.239,val
gdb_64066,CC1(C)COC(=O)C1=O,-0.2514,val
gdb_117852,COCC(O)(CO)CO,-0.2455,val
gdb_77306,C#CC1CC=C(C)C1O,-0.2388,val
gdb_41011,C1NC23C1NC1C2OC13,-0.218,val
gdb_75455,CC1=CCOC1(C)C#N,-0.2565,val
gdb_61801,CC(OC=O)C(O)C=O,-0.2834,val
gdb_5486,Nc1cccn1C=O,-0.206,val
gdb_116305,COC1CCOC1OC,-0.2509,val
gdb_20501,CC#Cc1cnoc1,-0.2349,val
gdb_6027,CC(C)C(C)(C)C=O,-0.2463,val
gdb_41614,C1CCC2(C1)C1COC12,-0.2264,val
gdb_26002,CC(=O)Cc1cocn1,-0.2396,val
gdb_118487,CCC(COC)N1CC1,-0.2298,val
gdb_91869,CC1CC(=O)C2CC2C1,-0.2307,val
gdb_50087,O=CC1CC1CC1CC1,-0.2442,val
gdb_31212,COc1ocnc1C#N,-0.2399,val
gdb_36956,C1CC(=NCC2CC2)O1,-0.2448,val
gdb_96038,N#CCC1COCC1O,-0.2579,val
gdb_7068,C#CCC(C)OC=N,-0.2532,val
gdb_76339,CC1C(O)C(C)C1(C)O,-0.2444,val
gdb_23523,ON=C1C2C(O)C1C2O,-0.2552,val
gdb_125469,Cc1nc2onnc2o1,-0.2567,val
gdb_82640,CC1C2CC3C1(O)C23O,-0.2245,val
gdb_45047,O=C1CC2CC2C12CO2,-0.2428,val
gdb_833,Cc1coc(C)c1,-0.2072,val
gdb_70043,CC12CC1N=C(C#N)N2,-0.2441,val
gdb_88511,CC1CC1C1(C=O)CN1,-0.2446,val
gdb_132812,Oc1c(F)cncc1F,-0.259,val
gdb_6040,CCC(C)(C)C(N)=O,-0.2376,val
gdb_58035,C#CC(C(C)C)C(C)O,-0.2577,val
gdb_85307,CN1CC(=O)C2CC1C2,-0.2136,val
gdb_59235,CC(C)C1C(C)C2OC21,-0.2474,val
gdb_87764,CC12CC1C1(CC1O)O2,-0.2216,val
gdb_90886,CC12CC3C1N3CC2O,-0.2283,val
gdb_117291,CCCC(=O)NC(C)=O,-0.2409,val
gdb_85078,CC1C=CC(C)C(=O)O1,-0.2584,val
gdb_95325,OC1COC2COC1C2,-0.2366,val
gdb_37246,C1CC12CC1C3OC3C12,-0.2493,val
gdb_28826,Cc1ccc(=O)ncn1,-0.2505,val
gdb_34779,N#CC1NC2C(C#N)C12,-0.2624,val
gdb_49137,O=CC1=CC(=O)OCC1,-0.2705,val
gdb_10539,C#CC1(CCC)CO1,-0.2602,val
gdb_56505,CC(C#N)C(C)(C)C#N,-0.3248,val
gdb_92889,CC1C=CCC(O)C1=O,-0.2343,val
gdb_43936,O=C1OC23CC(C2)NC13,-0.2408,val
gdb_95647,CC1OCCC(=O)C1O,-0.2379,val
gdb_18827,CC1=C2CC3C(C1)C23,-0.1974,val
gdb_47323,O=C1COC(=O)CCN1,-0.2582,val
gdb_43554,C#CC1C(=N)NC1C#N,-0.2613,val
gdb_82758,CC1C2OC3C2OC13C,-0.2368,val
gdb_117381,COCC(=O)CC1CC1,-0.2414,val
gdb_18360,OC1CN=C2OCC21,-0.2571,val
gdb_92416,CC1CN2CCC12C=O,-0.2233,val
gdb_12843,CC12C=CCC1CC2,-0.2342,val
gdb_54818,NC(=O)C1C2C=CCC21,-0.2284,val
gdb_30536,Cc1cnc(N=CN)o1,-0.192,val
gdb_33961,N#CC12OC1CC1CC12,-0.2837,val
gdb_118280,COCC(O)CCC#N,-0.2776,val
gdb_27951,Cc1cncc(C=O)n1,-0.2515,val
gdb_34866,N#CC1C2CNCC1O2,-0.2322,val
gdb_17593,OC12CC1(O)C1NC12,-0.2153,val
gdb_19387,O=C1C2NC2C12CN2,-0.2397,val
gdb_96773,CN=C1C(O)C2(C)CN12,-0.2344,val
gdb_69800,O=C1C2CC2C2CC12O,-0.2352,val
gdb_127738,Cn1nnc(N)c1C#N,-0.2327,val
gdb_35670,C#CC1COC(C#C)C1,-0.2586,val
gdb_111785,CCC1C2CCC1C2C,-0.2792,val
gdb_71867,CC12OC3CC(=O)C1C32,-0.2341,val
gdb_12481,O=C1CCCCCC1,-0.2334,val
gdb_61158,C#CCN(C)C(=O)C=O,-0.2549,val
gdb_43875,O=C1CC2(CC3CC32)N1,-0.2436,val
gdb_34558,C#CC1=CC2COC1O2,-0.2373,val
gdb_24764,O=C1C=Cc2cc[nH]c21,-0.2054,val
gdb_74494,CC1=CC2(COC1)CO2,-0.238,val
gdb_56303,N#CCCOCC(N)=O,-0.2585,val
gdb_49536,C#CC1C2CN1C2C=O,-0.2442,val
gdb_120528,N#CC1CC(CCO)N1,-0.2504,val
gdb_51078,O=CNC12CC(C1)C2=O,-0.2547,val
gdb_133080,CNc1ncnc(F)n1,-0.2519,val
gdb_105122,CCC1(C#N)CC1C#N,-0.3041,val
gdb_79348,CC1C2COC3C(C2)C13,-0.2177,val
gdb_29620,N=COc1c[nH]cc1O,-0.1835,val
gdb_88165,CC1COCC12NC2C,-0.2417,val
gdb_22970,C#CC(=NO)C1COC1,-0.2455,val
gdb_111830,O=C1C(CO)C2OCC12,-0.2536,val
gdb_69363,CC1(C=O)CC2(C)CN12,-0.24,val
gdb_56242,NC(=O)CCCC(N)=O,-0.2407,val
gdb_74079,CC1=CC(=O)C2(O)CC12,-0.2446,val
gdb_83036,CC1C2CC=CC(=O)C12,-0.2325,val
gdb_49415,O=CC1C2C3N=CN1C32,-0.2352,val
gdb_113092,CCC1C=CC(OC)O1,-0.2504,val
gdb_10647,N#CC1(CO)CC1N,-0.2379,val
gdb_62544,CC1(O)C(=O)OC1C#N,-0.2856,val
gdb_46102,C#CCC1CCC(=N)O1,-0.2554,val
gdb_28539,Nc1ncc(O)c(O)n1,-0.2024,val
gdb_42287,C#CC(=N)N1CCC1=O,-0.2586,val
gdb_76296,N=C1NC(=O)C(O)C1O,-0.2689,val
gdb_117225,CCNC(=O)C1CN1C,-0.2216,val
gdb_22890,CC1CN=C(N)C1=NO,-0.2199,val
gdb_54850,CC(=O)N1C2COCC21,-0.2424,val
gdb_25425,C#Cc1cc(C=O)co1,-0.2358,val
gdb_71144,CC12CC3C1N3C(=O)O2,-0.2742,val
gdb_100538,CCN(C)C(=O)N(C)C,-0.2245,val
gdb_133110,CNc1cccnc1F,-0.2053,val
gdb_113928,CCC1CC1CC(C)O,-0.2549,val
gdb_81068,CC1C2CC1(C1CN1)O2,-0.2371,val
gdb_4592,Oc1ccc(O)nc1,-0.2119,val
gdb_18662,O=C1NC=CC2CN12,-0.2186,val
gdb_101634,C#CC(C)OC(C)CC,-0.2572,val
gdb_105174,CC#CC1(CO)OC1C,-0.246,val
gdb_28773,Oc1cnc2n1CC=C2,-0.1862,val
gdb_11458,NC1=NC(CO)CO1,-0.2278,val
gdb_27074,Nc1[nH]cnc1NC=O,-0.1878,val
gdb_93122,N#CC1CC=CCC1O,-0.2586,val
gdb_44227,O=C1CC2C1OC21CC1,-0.2307,val
gdb_105440,N#CC1(CO)CC=CC1,-0.2591,val
gdb_125678,Cc1n[nH]cc1OC=N,-0.2334,val
gdb_118985,CCOC1(C)C=CCO1,-0.2486,val
gdb_34612,N#CC1=CCC2CCC12,-0.2576,val
gdb_13893,CC(C)C1C(C)C1C,-0.2569,val
gdb_117453,CCCC(=O)OCC=O,-0.264,val
gdb_88925,C#CC(=O)CC1CC1O,-0.2573,val
gdb_42574,O=C1C2OC3C2C2C1C32,-0.2265,val
gdb_10031,CC#CC(C=O)NC,-0.2227,val
gdb_126419,CCc1n[nH]c(C)c1O,-0.2029,val
gdb_103631,CCC1(C)CC(C)C1C,-0.2668,val
gdb_63009,CC1(O)C2CC2C2OC21,-0.2508,val
gdb_113505,CCC1OC12CCC2=O,-0.2409,val
gdb_54489,CC(=O)C12CC1NC2=O,-0.2506,val
gdb_66259,CC1(C#N)CCOC1=N,-0.2774,val
gdb_129785,Nc1[nH]nc2ocnc12,-0.2066,val
gdb_39636,C1CC(C2=NCCO2)C1,-0.2381,val
gdb_120697,CCCC1CN1C(N)=O,-0.243,val
gdb_73765,CC1=C(C)C2OC2C1=O,-0.2396,val
gdb_56688,N#CC(N)C1(O)COC1,-0.2616,val
gdb_19418,C1=CC2(CC2)C2OC12,-0.2353,val
gdb_15999,OCC1OCC12CN2,-0.2471,val
gdb_130349,NC1COc2conc21,-0.2315,val
gdb_20246,C1=C2CC3C2N2C1C32,-0.2074,val
gdb_101391,OCC(O)C1CC=CC1,-0.2426,val
gdb_73882,CC1=C(C=O)C2CC1C2,-0.2356,val
gdb_20932,CCNc1ccno1,-0.2053,val
gdb_34984,C#CC1C2CC3CC3C12,-0.2351,val
gdb_48059,C#CC(C#N)C(=O)C=O,-0.278,val
gdb_1534,COCC(=O)CO,-0.2453,val
gdb_55567,C#CCC(=O)NC(C)=O,-0.2481,val
gdb_46592,O=C1COC23CNC12C3,-0.2264,val
gdb_22481,CC#CCC(CC)=NO,-0.2427,val
gdb_28418,Cc1cc(O)cnc1C,-0.2194,val
gdb_65061,C#CC1(C2(O)CC2)CC1,-0.2362,val
gdb_49318,N=CN1C(=N)C=CC1=N,-0.2424,val
gdb_8814,C#CC(C)C(=O)CO,-0.2607,val
gdb_104372,CCC1(O)COCC1=O,-0.2525,val
gdb_46958,N=C1OCC2CC=CC12,-0.2506,val
gdb_27686,C#Cc1oc(C)cc1C,-0.2026,val
gdb_99508,C#CC(OC)C(=O)CO,-0.2573,val
gdb_133414,O=c1cc(F)c(F)no1,-0.2861,val
gdb_103691,C#CC1(C)CC1(C)CO,-0.2386,val
gdb_118106,COCC(O)C1(O)CC1,-0.253,val
gdb_132876,N=c1occ(N)nc1F,-0.2052,val
gdb_34497,N#CC1=CC2(CC2)OC1,-0.2343,val
gdb_63828,CC1(C)OC2C=CCC21,-0.2364,val
gdb_24396,C1=NCc2ocnc2O1,-0.2288,val
gdb_33667,C#CC12C3CN1C2CO3,-0.2355,val
gdb_98421,CNC(=O)C1(O)CC1C,-0.2373,val
gdb_2126,O=C1OCOC1=O,-0.2903,val
gdb_113252,COC1CC1(N)CC#N,-0.2354,val
gdb_105018,N#CC(N)C1(CO)CO1,-0.2573,val
gdb_39463,C1=NCC2NC2CCO1,-0.2473,val
gdb_1077,CCn1cccc1,-0.1997,val
gdb_132639,Nc1cnc(O)nc1F,-0.2171,val
gdb_1788,CCC1(C)CC1C,-0.2552,val
gdb_65010,C#CC(C=O)C1(C)CC1,-0.2479,val
gdb_124068,c1cc(C2COC2)on1,-0.2552,val
gdb_68567,O=CC1C2C=CC1(O)C2,-0.2289,val
gdb_66583,CC12C3OCC4C3C1C42,-0.2309,val
gdb_45895,O=C1OC=NCC2OC12,-0.2711,val
gdb_123582,C1c2nonc2C2CC12,-0.2745,val
gdb_126911,CCNc1nnoc1N,-0.2176,val
gdb_43630,O=C1CC(C2COC2)N1,-0.2534,val
gdb_86844,C#CC1CC(=O)N(C)C1,-0.2405,val
gdb_64318,CC1(C)CCN=COC1,-0.2399,val
gdb_41608,C1=CC2(OC1)C1COC12,-0.2061,val
gdb_84591,O=C1OC2C=CC(O)C12,-0.2788,val
gdb_87634,CC1C(=O)CC12CN2C,-0.2319,val
gdb_45838,N=C1CN=CNC(=O)O1,-0.2736,val
gdb_17113,COC1OC2CC1C2,-0.2465,val
gdb_95243,CC1CCN2CC2CO1,-0.2168,val
gdb_120337,OCCN1C2CCCC21,-0.2304,val
gdb_83143,CN1C2CNC(=O)C21C,-0.2309,val
gdb_18718,CC1COCC2CC12,-0.2431,val
gdb_45176,O=C1CC2CC3C1CC23,-0.2321,val
gdb_114583,C#CC12CN1CC2OC,-0.2384,val
gdb_66852,CC12C3CN1C1C(O3)C12,-0.203,val
gdb_44048,N=C1OC23CCC12OC3,-0.2631,val
gdb_111642,COC1C2CC=CCC21,-0.2234,val
gdb_52811,CC#CC1(C)CC2CN21,-0.2269,val
gdb_22296,O=C1CC(=NO)CCO1,-0.2605,val
gdb_123368,C#CCNc1ccno1,-0.2149,val
gdb_111407,CCC1C(OC)C2CN12,-0.2291,val
gdb_50723,N=C1OCCCN1C=O,-0.2452,val
gdb_90999,CC1OC2C3CC2C1O3,-0.2263,val
gdb_29405,Cc1coc(NC=O)c1,-0.2019,val
gdb_34191,N#CC12CC3C=CC1N32,-0.2403,val
gdb_96287,CC1COCCC(=O)N1,-0.237,val
gdb_44413,N=C1OC2C3CCC12C3,-0.264,val
gdb_11861,OCC1CC2(CC2)C1,-0.2594,val
gdb_39357,C1CC2CC23COC3=N1,-0.2385,val
gdb_113576,CCC1CC12CCCC2,-0.2527,val
gdb_104794,COC1(CO)CC2OC21,-0.2503,val
gdb_78485,CN1C2C3CCOC3C21,-0.2117,val
gdb_51843,O=CCC1OCCC1=O,-0.2496,val
gdb_95249,OC1CCC2CC2CC1,-0.2518,val
gdb_80994,CC1C2CC1(C)OC2=N,-0.2489,val
gdb_88229,CC1NC1C#CC1CC1,-0.2315,val
gdb_11090,C#CC1CC(C#N)O1,-0.2812,val
gdb_130954,O=CCCn1cnnc1,-0.2566,val
gdb_83285,CC1COC2C(O)C2C1,-0.2321,val
gdb_102571,CCC(CO)N1CC1C,-0.2348,val
gdb_109268,CCC1=CCC=CC=C1,-0.2123,val
gdb_32213,CCc1cncnc1C,-0.2431,val
gdb_103033,COC1(C#N)C2CC1N2,-0.2577,val
gdb_79464,CC1C2C3CC1(C)C2O3,-0.2324,val
gdb_105615,CC1CCC1(C#N)CO,-0.2789,val
gdb_3371,OC1C2CCCC12,-0.244,val
gdb_5776,c1ncc(C2CO2)o1,-0.2448,val
gdb_13654,CC1CC1C#CC=O,-0.2582,val
gdb_43563,N#CC1CC(=O)C1C#N,-0.2907,val
gdb_73503,OC12CCC3COC1C32,-0.2234,val
gdb_78019,CN1CC2(C=O)C(O)C12,-0.216,val
gdb_36970,C1CC1COCC1CN1,-0.2436,val
gdb_44081,N=C1OC23COC2CC13,-0.263,val
gdb_107032,CC1C=CC2(CO)CN12,-0.2177,val
gdb_28554,Cc1cnc(O)n1C=O,-0.221,val
gdb_71637,OC12CC3C1OCOC32,-0.2376,val
gdb_110868,COC1C2CC(O)C21O,-0.2327,val
gdb_76719,CC1C(O)C1CCC=O,-0.2405,val
gdb_103345,COC1(C)C2CC1C2C,-0.2455,val
gdb_19810,O=C1CN2C3CC3C12,-0.2373,val
gdb_84103,CC1=CC(O)C2(C)CC12,-0.2236,val
gdb_6217,CC1(C)CCC(O)C1,-0.2573,val
gdb_92911,CC1C=CCC(O)C=C1,-0.241,val
gdb_112039,CCC1C=CCC1(C)C,-0.2326,val
gdb_61172,C#CCC(O)C(C)C#C,-0.2531,val
gdb_92466,CC1OC2C=CC1CO2,-0.2367,val
gdb_93732,CC1CC(C)(C=O)CO1,-0.2436,val
gdb_66699,CC12C3C4C(=O)N1C2C43,-0.2351,val
gdb_105079,CCC1(C2OC2C)CC1,-0.2556,val
gdb_53515,CC#CCN(C)CC#N,-0.2389,val
gdb_21102,Cn1nnc(N)c1O,-0.2231,val
gdb_84231,CC1C=C2CN3C1C23C,-0.206,val
gdb_69468,CC12CC(OC=N)C1N2,-0.2532,val
gdb_113624,CCC1CN1C(=O)C#N,-0.2807,val
gdb_16507,CC12C=CC3CC1N32,-0.2108,val
gdb_125598,Cc1n[nH]c(=O)nc1N,-0.2383,val
gdb_68577,O=C1C2C=CCC1(O)C2,-0.2296,val
gdb_123664,c1nc2n(n1)C1CC1N2,-0.2169,val
gdb_126221,CCc1onc(C)c1N,-0.2068,val
gdb_70805,CC12CC3(O)C(=O)C1C32,-0.2339,val
gdb_89989,CC1OC2(CCC2)C1C,-0.2342,val
gdb_91959,OC1CC2CC2C12CN2,-0.242,val
gdb_112608,O=CC1(O)CC(CO)C1,-0.2646,val
gdb_65737,CC1(CC=O)CC=CC1,-0.2449,val
gdb_91817,CC12C=CC(O)CN1C2,-0.2169,val
gdb_52723,CC#CC(O)CCC#N,-0.2642,val
gdb_94452,CC1OCC12C=CCO2,-0.2357,val
gdb_18669,N=C1OCCC2OC12,-0.267,val
gdb_90411,CC1OC2C(C)(O)C12O,-0.227,val
gdb_17076,C1CC(CC2CO2)O1,-0.2451,val
gdb_99818,C#CC(O)(CC)C(C)=O,-0.2443,val
gdb_79915,CC1=CC2C(C1O)N2C,-0.2168,val
gdb_109874,COC1C(C)C2CC21O,-0.2406,val
gdb_92219,OC1CC2CC3CC2C13,-0.2545,val
gdb_44787,O=C1NC2CC13COC23,-0.248,val
gdb_113475,OCC1CC12CC1OC12,-0.25,val
gdb_6599,O=CC12CC(O)(C1)C2,-0.2512,val
gdb_124198,CC#CCn1cncn1,-0.2603,val
gdb_96534,O=C1CNCCCC1O,-0.2245,val
gdb_81011,CC1CC2(O)CC1C2O,-0.2515,val
gdb_14055,C1OCC2(COC2)O1,-0.2531,val
gdb_25550,O=COc1coc(=O)o1,-0.2643,val
gdb_69176,CC12NC1C(=O)C21CN1,-0.2315,val
gdb_99446,C#CC(C#CC#N)CO,-0.2808,val
gdb_101862,CC(CO)COCC#N,-0.2745,val
gdb_119150,COCC1(C(C)O)CC1,-0.2465,val
gdb_80050,OC1C2C=CC3(CO3)C12,-0.2299,val
gdb_97354,C#CC(C#N)NC=NC,-0.2456,val
gdb_93017,CC12CC1C=CCC2O,-0.2239,val
gdb_15994,OCC1CCC12CC2,-0.2602,val
gdb_51829,N=C1OCCN1CC=O,-0.2272,val
gdb_127353,Cn1cnc2cn[nH]c21,-0.215,val
gdb_38547,C1=C2CC3CC4C1C4C23,-0.2052,val
gdb_69416,CC12CC(CC#N)C1O2,-0.2634,val
gdb_67921,CC12NC(=O)C1C2C#N,-0.2653,val
gdb_117435,C#CCNC(=O)COC,-0.2489,val
gdb_107023,COC12CC1C(C)C2C,-0.2392,val
gdb_32115,CNc1cncc(C)c1,-0.2001,val
gdb_17277,CC1OC1CC1CO1,-0.2615,val
gdb_18573,OC1CC2=CCCC21,-0.2309,val
gdb_86829,C#CC1CC(=O)C(C)C1,-0.239,val
gdb_8791,N#CC(=O)C(=O)CO,-0.2843,val
gdb_101888,CC(CO)CCNC=O,-0.2519,val
gdb_84825,O=CCC1CC=CC1O,-0.2484,val
gdb_90402,CC1(O)C2CC(O)C21C,-0.2355,val
gdb_8393,CC(=O)C12CC(C1)O2,-0.2483,val
gdb_73919,CC1=C(C=O)CC2NC12,-0.2416,val
gdb_77350,CC1C(=O)CCC1C=O,-0.2457,val
gdb_8574,CC1=CC2CC(C1)C2,-0.2208,val
gdb_71248,CC12CC3CC1(C)C3O2,-0.2347,val
gdb_109286,O=C1CCC=C(CO)C1,-0.2332,val
gdb_103162,COC1(C)C(=N)OC1C,-0.2503,val
gdb_52318,O=CCCC1CCCC1,-0.2467,val
gdb_5868,C#CCOC(C)(C)C,-0.2494,val
gdb_52025,N#CC(C=O)COC=N,-0.2751,val
gdb_60030,C#CC(C=O)CC(C)O,-0.2401,val
gdb_60815,CC(C(O)C=O)C1CN1,-0.2441,val
gdb_117693,C#CCC(C)(C)OCC,-0.2477,val
gdb_21155,CNc1nn[nH]c1C,-0.1958,val
gdb_4649,C#Cc1c[nH]c(N)c1,-0.1902,val
gdb_87965,CC1CC2(CO1)CC2C,-0.2424,val
gdb_104765,CCC1(CC)NC1C=O,-0.2445,val
gdb_104054,CCC1(C)CC2OCC21,-0.2376,val
gdb_68762,CC12CC1(O)COC2=O,-0.2599,val
gdb_38474,C1C2CC34CC(O3)C4C12,-0.2298,val
gdb_79708,CC1C2C3OC3C1N2C,-0.2131,val
gdb_33385,N#CC#CCOC1CC1,-0.2693,val
gdb_13292,OCCOC1COC1,-0.253,val
gdb_86621,CC1OC(C2CN2)C1O,-0.2521,val
gdb_45923,N=C1NC(=O)CCC1=O,-0.2654,val
gdb_61622,C#CC(O)CC1NC1C,-0.2426,val
gdb_61608,CC(C#N)CN1CC1C,-0.241,val
gdb_78176,CC1NC(=O)C2C1N2C,-0.2323,val
gdb_6438,CC1CC(C)(C#N)C1,-0.3004,val
gdb_116764,COC=NCC(N)C#N,-0.2514,val
gdb_37570,C1CC23C(O1)C1C2OC13,-0.235,val
gdb_67931,CC12NC(=O)C1C2C=O,-0.2453,val
gdb_17628,CC(O)C(C)N1CC1,-0.2443,val
gdb_18101,C1=NC2CCN=C2N1,-0.2335,val
gdb_99229,CNC(=O)CNC(N)=O,-0.2303,val
gdb_123033,COCCCC1CC1O,-0.2475,val
gdb_103810,CCC1(C)NC1C(N)=O,-0.2382,val
gdb_61741,CC(NC=O)C(=O)C#N,-0.271,val
gdb_67857,CC12C=CCN1C2C=O,-0.2286,val
gdb_130832,O=CC(=O)n1ccnn1,-0.2818,val
gdb_102167,CCC(CC#N)C(C)C,-0.3019,val
gdb_23091,C#CC1NC=CC1=NO,-0.1965,val
gdb_107051,CC1OCC2(CO)CC12,-0.247,val
gdb_49641,O=CC1C2OC3CN1C32,-0.2277,val
gdb_110061,COC1C(C)COC1C,-0.2331,val
gdb_110110,C#CC1C(CC)C1CC,-0.2373,val
gdb_77371,CC12C(O)C3(O)CN1C32,-0.2329,val
gdb_116351,CC1=CCCCC1CO,-0.2223,val
gdb_2823,C#CC1CN1C=O,-0.2592,val
gdb_77233,CC1C(C=O)NC1C=O,-0.2405,val
gdb_37586,C1=CC2C3CN4C(C13)C24,-0.2148,val
gdb_53967,C#CCC(C)(C)C(N)=O,-0.2457,val
gdb_41942,C1=CC2COCC2OC1,-0.2446,val
gdb_36540,N#CCN=C1CN=CN1,-0.2422,val
gdb_119,CC#CCC,-0.2401,val
gdb_36945,C1CC(OC2CC2)CO1,-0.2387,val
gdb_93106,CC1OC=NCC12CC2,-0.2426,val
gdb_14420,CC1C2CC3C1C23C,-0.2326,val
gdb_14956,O=CN1CCCCC1,-0.2367,val
gdb_88977,CC1CC1CN1CC1C,-0.2191,val
gdb_115395,OCC1CCC(O)CC1,-0.2548,val
gdb_110857,CCC1C2CC(C)C12C,-0.2374,val
gdb_26493,OC1(c2ncc[nH]2)CC1,-0.2096,val
gdb_107215,OCC12CC1C1CN1C2,-0.218,val
gdb_130868,O=Cc1ccn[nH]c1=O,-0.2507,val
gdb_14009,O=CC1CC12CCO2,-0.2371,val
gdb_21697,Nc1nonc1CO,-0.245,val
gdb_108825,COC1=NC(C)C(C)N1,-0.2134,val
gdb_33738,N#CC12CC(C1)N1CC12,-0.2512,val
gdb_54224,CC(=O)C1(O)CNC1=N,-0.2391,val
gdb_46009,N#CC1=CCC(=O)NC1,-0.2603,val
gdb_85174,CC1NC(=O)C1N1CC1,-0.2202,val
gdb_36636,N#CCOC1=NCCN1,-0.2328,val
gdb_117153,CCC(C)C(=O)COC,-0.2388,val
gdb_32031,CNc1nccc(=O)o1,-0.2268,val
gdb_117108,C#CC(N)C(=N)OCC,-0.241,val
gdb_114339,CCC1CC2C(O)C2O1,-0.2354,val
gdb_63509,CC1(C)OC1(C=O)C=O,-0.2573,val
gdb_91678,CN1CC2CC1C2C#N,-0.2234,val
gdb_85579,CC1OC(=N)CNC1=O,-0.2513,val
gdb_37146,C1C2C3C4C5CC4(C12)N53,-0.225,val
gdb_97815,CCC#CC1CC2NC12,-0.2247,val
gdb_21264,COc1cnnnn1,-0.2591,val
gdb_71963,OC12CC3OC(C1)C2O3,-0.2607,val
gdb_120672,OCCC1NC12COC2,-0.2437,val
gdb_25977,NC(=O)Cc1cnc[nH]1,-0.2118,val
gdb_50950,C#CCC(C#N)CC=O,-0.2669,val
gdb_55560,CC(=N)NC(=O)CC#N,-0.2644,val
gdb_35383,N#CC1CC2C3CC2C13,-0.304,val
gdb_32847,CCNc1cc(N)c[nH]1,-0.1552,val
gdb_16846,O=C1C=CC2CC2C1,-0.2343,val
gdb_97925,CCC#CCC1(C)CC1,-0.2403,val
gdb_25040,O=c1occ(N2CC2)o1,-0.2376,val
gdb_19659,CC1C2CC3OC2C31,-0.2364,val
gdb_133106,CCc1ncccc1F,-0.2482,val
gdb_97762,CC1CC(C#CCO)C1,-0.2434,val
gdb_115535,CCC1COC1(C)C#N,-0.2737,val
gdb_122914,COCCCC(N)C#N,-0.2627,val
gdb_10369,C#CC1(C#N)CNC1,-0.2503,val
gdb_71737,OC12CC3C4N3C1C42O,-0.2153,val
gdb_11366,COC1=NCC(=N)N1,-0.2265,val
gdb_45734,O=C1CC=CC12CCO2,-0.2283,val
gdb_126689,CCN(C)c1cc[nH]n1,-0.1801,val
gdb_108781,O=C1C=C(CO)CNC1,-0.2115,val
gdb_115835,OCC1CCC2(CO2)C1,-0.2545,val
gdb_3054,O=COCC1CO1,-0.2756,val
gdb_76912,CC1(O)C(O)C1C1CN1,-0.2265,val
gdb_52663,CC#CC(O)C(N)C#N,-0.2655,val
gdb_53025,CC#CC12CN3C1CC32,-0.2379,val
gdb_89185,CN1CC2(O)C1C2(C)O,-0.1944,val
gdb_78595,CN1C2C(O)C3C1C32O,-0.2025,val
gdb_90032,CC1CCC12CC(O)C2,-0.2541,val
gdb_27666,N#Cc1nc(N)[nH]c1N,-0.2011,val
gdb_108830,CC1C=C(CO)C2OC12,-0.2322,val
gdb_52891,CC#CC1(C#N)CN1C,-0.2463,val
gdb_71465,CC12CC3C1C3(C#N)C2,-0.2661,val
gdb_88969,CN1CC1CC1(C)CC1,-0.2204,val
gdb_129066,N=c1cn[nH]c(=N)nc1,-0.2451,val
gdb_126321,CCc1cnc(N)nn1,-0.2224,val
gdb_111593,CCC1C2OC3CC2C31,-0.2382,val
gdb_51627,N=COC1CC2CC1O2,-0.2465,val
gdb_112723,CC1CC(CO)C1(C)O,-0.2452,val
gdb_17507,C#CC12CC3C(O1)C32,-0.2378,val
gdb_112541,CC1(O)CC(CO)C1=O,-0.239,val
gdb_84782,CC1N=COC1(C)C=O,-0.2522,val
gdb_14284,CC1C2NC(=O)OC12,-0.2494,val
gdb_102613,CCC(CC)NC(C)=O,-0.2393,val
gdb_82244,OC1C2CCC2C2CC12,-0.25,val
gdb_108266,CNC12CCN=C1OC2,-0.2207,val
gdb_38537,C1=C2CC3NC23COC1,-0.2303,val
gdb_104520,C#CCC1(CO)CC1O,-0.256,val
gdb_104686,CCC1(CO)C2CCC21,-0.2475,val
gdb_105693,COC1(CCC=O)CC1,-0.2458,val
gdb_35788,N#CC1CCC2CC2N1,-0.2333,val
gdb_46131,C#CCC1COC(=O)O1,-0.2787,val
gdb_112763,C#CC1C(C)OC1CO,-0.2493,val
gdb_46484,N=C1C=CC2(CC2)CO1,-0.2385,val
gdb_106409,COC12CC(C1)C2(C)O,-0.2455,val
gdb_89838,O=C1OC2(CC2)CC1O,-0.2719,val
gdb_61759,CC(C)(O)C(O)CC=O,-0.2376,val
gdb_82405,CC1C(=O)CCC2NC21,-0.2338,val
gdb_49191,O=CC1=CC2COC1C2,-0.2455,val
gdb_120498,CC1C=CC(CCO)C1,-0.2366,val
gdb_85090,CC1(C#N)C(=O)CC1O,-0.2619,val
gdb_26257,CC(C)c1cncn1C,-0.2106,val
gdb_104751,CCC1(CO)NC1C#N,-0.2656,val
gdb_43694,C#CCCC1CC(=O)C1,-0.2441,val
gdb_118580,CCCC(COC)OC,-0.2404,val
gdb_21335,N#CCc1ncn[nH]1,-0.2772,val
gdb_72291,OC12CC3OCOC1C32,-0.2303,val
gdb_41862,C1=NC2C3OCC(O1)C23,-0.239,val
gdb_88028,CC1CC12NCC2C#N,-0.2305,val
gdb_132899,Cc1cc(=O)[nH]cc1F,-0.213,val
gdb_73402,CC12OCC3C1CCC32,-0.2256,val
gdb_123883,c1nc(N2CCC2)no1,-0.2217,val
gdb_44407,O=C1NC2C3C=CC12N3,-0.2302,val
gdb_132641,Nc1cnc(F)nc1F,-0.2339,val
gdb_95724,N=C1OCCC(O)CO1,-0.2579,val
gdb_97796,O=CC1OC1C#CCO,-0.2637,val
gdb_20964,CCOc1nnon1,-0.2853,val
gdb_124318,CC(=O)Cn1nccn1,-0.2504,val
gdb_109707,CCN1C(C)C12COC2,-0.2266,val
gdb_4547,Cn1cc(N)nc1O,-0.1709,val
gdb_9974,C#CCC(C#N)C#N,-0.2963,val
gdb_108421,CCC12CC=CC1OC2,-0.2387,val
gdb_128316,CNc1n[nH]c(C)c1N,-0.1773,val
gdb_36321,N#CCC1C=CC2OC12,-0.2633,val
gdb_133132,OCc1ncncc1F,-0.2663,val
gdb_43598,N#CC1OC(=O)N2CC12,-0.3009,val
gdb_95513,CC1OCC=CC1(C)C,-0.2414,val
gdb_121334,O=C1CCCC1CCO,-0.2375,val
gdb_124007,C1=Cc2n[nH]cc2NC1,-0.1959,val
gdb_91231,CC1CC2CC(=O)C2C1,-0.2347,val
gdb_55938,NC(=O)NC1CC2OC12,-0.2402,val
gdb_89150,CC1CC2(C)C(O)CC12,-0.2465,val
gdb_4029,CC(C)C(CO)=NO,-0.2491,val
gdb_57426,CC(C)(O)C1OC1(C)C,-0.2578,val
gdb_21232,COc1[nH]ncc1C,-0.2193,val
gdb_126531,CCCc1cncnn1,-0.2345,val
gdb_25625,CC#Cc1ocnc1N,-0.1914,val
gdb_56654,CC1OC1(C)C(N)C#N,-0.2593,val
gdb_59107,CN(C)C1C(=O)CC1O,-0.2348,val
gdb_58767,CC(C)C12COC(C1)C2,-0.2339,val
gdb_23317,ON=C1C=CC2CN2C1,-0.2182,val
gdb_39932,C1=CC=CC2(C=C1)CN2,-0.2088,val
gdb_39159,C1=C2CCC3CC23OC1,-0.2046,val
gdb_24983,O=c1[nH]c2c(o1)CCC2,-0.2029,val
gdb_131463,OC1C2c3ccnn3C12,-0.2356,val
gdb_132185,Cc1cc(=N)nc(F)[nH]1,-0.2162,val
gdb_107591,CNC12CC1NCC2=O,-0.1984,val
gdb_119645,OCCC12CC3C(C1)C32,-0.2437,val
gdb_1606,CN(C)C(=N)C#N,-0.2403,val
gdb_75929,O=C1CCC2(CO2)C1O,-0.2563,val
gdb_76957,CC(=O)C1C(O)C1C=O,-0.2479,val
gdb_45,CN1CC1,-0.2304,val
gdb_39661,C1=CCC(C2CCC2)C1,-0.2333,val
gdb_105404,O=COC1(CO)CC1O,-0.265,val
gdb_37745,C1CC2C3N4CC3(O1)C24,-0.2375,val
gdb_132771,Cc1ccnc(C)c1F,-0.2441,val
gdb_69752,CC12NC1C1NC(=O)C12,-0.2258,val
gdb_103362,COC1(C)C2C=CC1N2,-0.2172,val
gdb_70899,CC12CC3C(C1)C3(C)O2,-0.2249,val
gdb_104120,CCC1(C)COC(=N)C1,-0.253,val
gdb_83915,N#CC12OCCC1C2O,-0.2662,val
gdb_57014,N#CC(O)C1CN=CO1,-0.268,val
gdb_67188,O=C1NC2C3OC1C23O,-0.2334,val
gdb_23209,CC1CC(=NO)C12CO2,-0.245,val
gdb_107079,CCC12CC1C(C#N)N2,-0.2495,val
gdb_89666,CC1NC2(C#N)CC12N,-0.2254,val
gdb_61102,C#CCC(N)(C#C)C#N,-0.2676,val
gdb_46197,O=C1NCC12C1CC2C1,-0.2411,val
gdb_115334,CC1OCC(CO)C1C,-0.2396,val
gdb_94944,CC1CCC2C(=O)CC12,-0.2361,val
gdb_121593,CCCOC(=O)C(C)=O,-0.25,val
gdb_31281,COc1ncoc1OC,-0.2024,val
gdb_105136,C#CC1(OC)CC1C#N,-0.2666,val
gdb_46179,C#CC1(C#N)OCC1=O,-0.2821,val
gdb_87856,CC1CC12CC1CN1C2,-0.225,val
gdb_56411,N#CC(O)C#CC1CO1,-0.2808,val
gdb_73505,OC12COC3CCC1C32,-0.2402,val
gdb_127410,CN1CCc2n[nH]cc21,-0.1815,val
gdb_87867,OC1CC12CC1OC1C2,-0.2466,val
gdb_83768,CC1C2C3CN2CCN13,-0.1901,val
gdb_61373,CC(C#N)NC(=N)C=O,-0.2612,val
gdb_40106,C1=C2COC2C2(C1)CC2,-0.236,val
gdb_65412,C#CCC1NC1(C)C#C,-0.2398,val
gdb_113752,N#CC(O)C1OC1CO,-0.2824,val
gdb_123884,c1nonc1N1CCC1,-0.2279,val
gdb_30722,CCc1[nH]cc(C)c1N,-0.1683,val
gdb_65356,CC1(C#N)NC1C1CO1,-0.2695,val
gdb_68155,CC12CC(O1)C(=O)C2=O,-0.2265,val
gdb_89592,C#CCC12CC(C)C1N2,-0.2262,val
gdb_129655,Nc1cn[nH]c(=O)c1N,-0.1988,val
gdb_49746,O=CN1C=C2CC3C2C31,-0.1998,val
gdb_8707,CC(CO)(CO)CO,-0.2514,val
gdb_21257,COc1cc(O)no1,-0.229,val
gdb_132325,N=c1nc(F)cc(F)[nH]1,-0.2275,val
gdb_69684,N#CC1C2C3CC3(O)C12,-0.2275,val
gdb_30620,CNC(=N)c1cocn1,-0.215,val
gdb_20363,c1cc(C2CC2)n[nH]1,-0.2258,val
gdb_63000,CC1(C)C2CC2C2OC21,-0.2535,val
gdb_97234,CN=C1NC=NCCO1,-0.2238,val
gdb_122056,COCCN(C=O)C=O,-0.2464,val
gdb_122693,N#CC(N)=NCCCO,-0.2444,val
gdb_117425,CCOC(=O)CCC#N,-0.2868,val
gdb_45197,O=C1CC2CC3CC12O3,-0.2494,val
gdb_17909,O=C1C2COC1CO2,-0.234,val
gdb_125215,Cc1cc(=N)c(O)n[nH]1,-0.1955,val
gdb_184,FC(F)(F)F,-0.4286,val
gdb_13283,CCOCC1CCO1,-0.2445,val
gdb_33454,C#CC1(C2CCO2)CC1,-0.2425,val
gdb_128357,CNc1noc(C)c1C,-0.2126,val
gdb_59291,CC(O)C1N=CNC1=N,-0.2386,val
gdb_6532,CC1(O)CC1(O)CO,-0.2364,val
gdb_99940,CC(O)(C#CC=O)CO,-0.2733,val
gdb_130717,O=c1cn[nH]c(=O)cn1,-0.2731,val
gdb_7681,CC1(C)C2OC(=N)C21,-0.2548,val
gdb_106637,CC12CC1(CO)OC2=N,-0.261,val
gdb_18539,O=C1CC2C=CCN12,-0.2442,val
gdb_83230,CC1C2COC(C)(C)C12,-0.2407,val
gdb_98309,COC(=O)C(O)C1CO1,-0.2626,val
gdb_98567,CNC(=O)C1=CCOC1,-0.241,val
gdb_31145,CNc1c(C)coc1N,-0.1763,val
gdb_93977,CC1CN=C(C=O)NC1,-0.2264,val
gdb_84709,CC1C=CC2CCCC12,-0.2336,val
gdb_1630,CC(=O)C(O)C=O,-0.2586,val
gdb_77911,OC1C(O)C2(O)C(O)C12,-0.2475,val
gdb_10101,C#CC(CC)OC=N,-0.2658,val
gdb_117674,CCCC(C)(O)C1CN1,-0.234,val
gdb_72007,O=CC12NC3CC1(O)C32,-0.2246,val
gdb_68484,CC12CCCCC(C1)O2,-0.2364,val
gdb_57284,CC(O)(C#N)C1CCC1,-0.293,val
gdb_12799,CC12CC1CN=CO2,-0.2413,val
gdb_122638,CCOCC1COC1C,-0.2406,val
gdb_50646,O=CC1CCNC(=O)N1,-0.2431,val
gdb_123860,C1CCc2onnc2C1,-0.2519,val
gdb_68436,C#CC1CN2CC1(O)C2,-0.228,val
gdb_23648,Cc1ccnc(F)c1,-0.2554,val
gdb_88789,CC1CN1C1CCC1=O,-0.2149,val
gdb_57820,CC(O)C#CCOC=O,-0.2742,val
gdb_126041,CC1NC1c1cnn[nH]1,-0.243,val
gdb_18137,CC1C2NC(C#N)C12,-0.2368,val
gdb_31873,OCc1cnc(O)cn1,-0.2362,val
gdb_41230,C1CC23CC4C(O2)C4C13,-0.228,val
gdb_6450,C#CC1(O)CC(O)C1,-0.2529,val
gdb_78938,CC1C2C3C4C2C4(C)N13,-0.214,val
gdb_113493,OCC1NC12CC=CC2,-0.2394,val
gdb_13362,CC#CC1COC=N1,-0.2501,val
gdb_81758,N#CC12NC1C(O)C2N,-0.2454,val
gdb_120170,COCC1N2CC1(O)C2,-0.2447,val
gdb_82579,OC1C2OC3(CCC3)C12,-0.2311,val
gdb_56786,N#CC(O)C12CCC1O2,-0.2742,val
gdb_84740,O=C1CC=CC(O)C1=O,-0.2361,val
gdb_33964,N#CC12OC1CN1CC12,-0.2503,val
gdb_133502,NC(=O)C(N)C(F)(F)F,-0.2536,val
gdb_58980,CN(C)C1=CC(=O)CC1,-0.207,val
gdb_33020,COCc1ncccn1,-0.2477,val
gdb_18028,C1=C2CCC2OCC1,-0.2332,val
gdb_18712,OC1CC=CC2CC12,-0.2262,val
gdb_80936,OC1C2CC1(O)C21CO1,-0.2505,val
gdb_92136,CC1OC2CC3C1N3C2,-0.2219,val
gdb_51324,N=COC1C2CC3C2C31,-0.255,val
gdb_31992,NCc1ncc(CO)o1,-0.2377,val
gdb_120178,CCOC1C2NC1C2=O,-0.2475,val
gdb_58498,CC(C)C1(C)OC1C=O,-0.256,val
gdb_100470,CC(C#CC1CO1)CO,-0.2481,val
gdb_728,Cc1cnn[nH]1,-0.251,val
gdb_45461,O=C1NC2COC2C1=O,-0.2385,val
gdb_62502,CC1(C)C(C#N)C1C#N,-0.3028,val
gdb_31467,COc1cc(C#N)co1,-0.2239,val
gdb_125244,Cc1cc(CC#N)n[nH]1,-0.2477,val
gdb_74417,CC1=CC2(O)CC2(O)C1,-0.2216,val
gdb_83707,CC1C(=O)OC2CCC21,-0.262,val
gdb_109600,CC1C(CO)C1(C)C#N,-0.276,val
gdb_125711,Cc1cc(O)c(=N)on1,-0.2338,val
gdb_49071,O=CC12CCCC1OC2,-0.2562,val
gdb_74892,CC1=CN2CC2CC1=O,-0.226,val
gdb_19718,C1CC2CC1C1CC21,-0.2535,val
gdb_71096,CC12CC3N(C1)C32C#N,-0.2601,val
gdb_11729,CCC12CC(=O)C1O2,-0.2427,val
gdb_121957,CC(CC#N)CCCO,-0.2718,val
gdb_803,CN1CC(=NO)C1,-0.2202,val
gdb_118512,OCCC(CO)C1CC1,-0.2566,val
gdb_33721,C#CC12CC(C#N)(C1)O2,-0.2688,val
gdb_24085,C#CCCc1ccoc1,-0.2246,val
gdb_65419,CC1(C#N)OC1CC#N,-0.3159,val
gdb_81745,CC1C(O)C2(C#N)CC12,-0.2689,val
gdb_78207,CC1C2C(=O)C(C)(C)C12,-0.2317,val
gdb_120358,CCCN1C=CCC1=O,-0.2071,val
gdb_94467,OC1CCC12CCCC2,-0.2492,val
gdb_46271,O=C1NCC12CC1NC12,-0.2232,val
gdb_87807,CC1C2N1CC21NC1C,-0.217,val
gdb_99922,N#CC(O)(CN)C1CO1,-0.2507,val
gdb_44036,O=C1CC23OC4C2OC143,-0.2408,val
gdb_17500,CC12NC1C1NC12C,-0.1936,val
gdb_6005,CC(C)(C#N)C(N)=O,-0.265,val
gdb_40801,C1=CCC(C2CN2)OC1,-0.2402,val
gdb_94433,CC1CCC12CCC2C,-0.2601,val
gdb_115746,CCC1CCC1CC#N,-0.3001,val
gdb_64697,C#CCC1(C)CN1C=O,-0.2519,val
gdb_92234,OC1CC2CC3OC3C12,-0.2484,val
gdb_39342,C1CC23NC2CCC3O1,-0.2384,val
gdb_31497,Cc1oc(CO)cc1O,-0.1949,val
gdb_634,CC(C)C1CC1,-0.2725,val
gdb_87137,CC1CC1(C)C1(O)CC1,-0.2439,val
gdb_115488,COC1=NC(CO)CC1,-0.2459,val
gdb_46123,N#CCC1CC(=O)CO1,-0.2623,val
gdb_49893,O=CC1CC(=O)OC=N1,-0.2696,val
gdb_39128,C1CC2(C1)OCC1CC12,-0.24,val
gdb_45813,O=C1NC=NC2CC2O1,-0.2523,val
gdb_71879,OC12CN=C3OC(C1)C32,-0.2403,val
gdb_95480,OC1CCN=C2OCC21,-0.25,val
gdb_58945,CC(C)C12CCC1C2O,-0.2389,val
gdb_63369,CC1(C)CC(C)(O)C1=O,-0.2252,val
gdb_66899,CC12C3N=CN1C(=N)C32,-0.2451,val
gdb_45591,O=C1CC2OCCOC12,-0.2322,val
gdb_85269,O=C1CC(O)CC12CN2,-0.2473,val
gdb_57492,CC(C)(O)C1OCCO1,-0.2466,val
gdb_110345,N=C1C(O)C2C(CO)N12,-0.2547,val
gdb_112006,CC12CN1C=NC2CO,-0.2456,val
gdb_91912,CC1CC(O)CN2CC12,-0.2172,val
gdb_127318,Cn1ccc2oncc21,-0.217,val
gdb_20654,Cc1ccnoc1=N,-0.2381,val
gdb_118915,CCCC1(C)CNC1=O,-0.2406,val
gdb_51339,O=COC1C2CC3C2C31,-0.2655,val
gdb_71293,CC12CC3C(OCO1)C32,-0.2357,val
gdb_37008,C1CC2(CC23CCO3)O1,-0.211,val
gdb_126455,C#Cc1nc(CC)no1,-0.2721,val
gdb_118795,C#CC1NC1(C)CCC,-0.2399,val
gdb_51151,O=CCC12CN1CC2=O,-0.2565,val
gdb_56793,CC(C#N)C1=NCCO1,-0.2612,val
gdb_5243,OCCc1ccc[nH]1,-0.1969,val
gdb_102714,CN=C(CN1CC1)OC,-0.2404,val
gdb_58227,CC(C)C(C)C1(C)CO1,-0.2588,val
gdb_30759,Nc1c[nH]c(CO)c1O,-0.1863,val
gdb_65541,N#CC1(N)CC2CC1O2,-0.2624,val
gdb_62192,C#CC(C)OCCC#N,-0.2706,val
gdb_127643,Cn1nccc1C1CN1,-0.2335,val
gdb_69149,CC12OC1C(=O)C1CC12,-0.2378,val
gdb_33664,C#CC12C3CCC1N2C3,-0.2259,val
gdb_26237,Cc1ncc(C(C)O)o1,-0.2335,val
gdb_105599,CNC1(C=O)CCC1=O,-0.226,val
gdb_39238,C1CC2CN2CC2OC12,-0.2283,val
gdb_39650,C1OCC1C1C2CC1C2,-0.242,val
gdb_118237,CCCC(C)CC1CO1,-0.2616,val
gdb_8565,O=C1CC2CC(C1)C2,-0.234,val
gdb_119983,CCN1C(C)C1COC,-0.2141,val
gdb_53403,CC#CC1OCC1C#N,-0.2623,val
gdb_98500,COC(=O)C1(C#N)CC1,-0.2903,val
gdb_112286,O=C1OC(CO)C1CO,-0.2808,val
gdb_4054,ON=C1C=CC(O)C1,-0.2298,val
gdb_119482,CCCC12CC1C1CN12,-0.216,val
gdb_39214,C1CC2CC2C2CC1C2,-0.2524,val
gdb_86279,C#CC1(O)C(C)OC1C,-0.2489,val
gdb_101828,CC(CO)CCC1CO1,-0.2628,val
gdb_83949,CC1C2COCC1C2C,-0.2396,val
gdb_87958,CC1=CC2(CC1)OC2C,-0.2281,val
gdb_110289,CC1C(CO)C2C(C)N12,-0.2189,val
gdb_115265,C#CC1=CC(CO)OC1,-0.2354,val
gdb_8375,CN1CC12CC(=O)C2,-0.2355,val
gdb_26944,Cc1[nH]cnc1C1CC1,-0.1982,val
gdb_122428,COCCC1CC(O)C1,-0.2502,val
gdb_37035,C1=NCC23CCC2(C3)O1,-0.2361,val
gdb_109711,COC1C(C)C12CCO2,-0.2109,val
gdb_72196,CC12CC3CC4C3C1N42,-0.2162,val
gdb_213,Cn1ccnc1,-0.2216,val
gdb_75831,CC1C(=O)CC2NC21C,-0.2368,val
gdb_117815,CCCC(C)(C=O)CC,-0.2444,val
gdb_109570,CNC1C(=O)C(O)C1O,-0.2329,val
gdb_64632,CC1(C#N)C=CNC1=O,-0.2429,val
gdb_92522,CN1CC2CCN2C1=O,-0.2286,val
gdb_48108,C#CC1CN1C(=O)C=O,-0.2526,val
gdb_3087,N#CC1C(N)C1N,-0.2312,val
gdb_28924,Nc1nccc(O)c1O,-0.2143,val
gdb_78841,O=CC1C2C(O)C3C2N13,-0.2474,val
gdb_17883,CC1C2C=CCC1O2,-0.2321,val
gdb_85182,CC1OC(=O)C1N1CC1,-0.2384,val
gdb_84357,CC1C=CC(C)(C)C1=O,-0.2348,val
gdb_19970,CC1COC1C1CO1,-0.2455,val
gdb_48084,N=C(C=O)N1C2CC1C2,-0.2367,val
gdb_129938,Nc1coc2[nH]ncc12,-0.1949,val
gdb_38184,C1CC(C2OC3CC32)O1,-0.2325,val
gdb_76134,CC1(C)C(O)C1C(N)=O,-0.2311,val
gdb_8610,C#CC(N)(C#N)C#N,-0.3054,val
gdb_92072,O=C1CC2CC2CC1O,-0.2566,val
gdb_105530,CCC1(C2CO2)CCO1,-0.246,val
gdb_119801,OCCC1=CC2CC2C1,-0.2182,val
gdb_99942,CCC(C)(O)C#CC=O,-0.2685,val
gdb_43100,O=C1C2NC3CC2OC13,-0.2195,val
gdb_3963,OCc1nnon1,-0.3046,val
gdb_68959,CC12CC=CC1(C=O)N2,-0.2403,val
gdb_94809,CC1OCC2(CC2)C1C,-0.2393,val
gdb_46057,O=C1CCC(C2CO2)N1,-0.2414,val
gdb_67614,OC12C3CC4C3OC1C42,-0.2259,val
gdb_70441,CC12CC1OC2C1CC1,-0.2276,val
gdb_54174,CC(=O)C1(C)CN1C=O,-0.2501,val
gdb_46042,N=C1OCC(C2CC2)O1,-0.2509,val
gdb_73758,CC1=C(C#N)C2OC2C1,-0.2575,val
gdb_43836,O=C1NC2(CC2)C2CN12,-0.2375,val
gdb_37158,C1C2N1C1C3C4CC32C41,-0.2269,val
gdb_124811,CC(O)c1nocc1N,-0.2115,val
gdb_46546,O=C1CCC2(CCO2)C1,-0.2349,val
gdb_80218,N#CC12C(=O)OC1C2O,-0.292,val
gdb_77193,CC1C(C#N)CC1C#N,-0.3179,val
gdb_64686,CC1(CC#N)CC1C#N,-0.3023,val
gdb_44057,O=C1NC23CCC12OC3,-0.2417,val
gdb_16013,C1=CC2(CN2)COC1,-0.228,val
gdb_99146,CNC(=O)NC1CC1O,-0.2214,val
gdb_69111,N#CC12CC1(O)CCO2,-0.254,val
gdb_14127,CC(O)C12CC1CO2,-0.2332,val
gdb_37665,O1C2C3C1C1C2C2C3N12,-0.2345,val
gdb_15347,C#CCC1OC1CC,-0.2585,val
gdb_86294,CC1CC(O)C1(C)C=O,-0.2429,val
gdb_100605,COC(C)C(=O)OC=N,-0.2579,val
gdb_22058,CC(CCC(N)=O)=NO,-0.2377,val
gdb_108439,CCC12OCC1OC2=N,-0.2583,val
gdb_20702,Cc1ncnn1C=O,-0.2816,val
gdb_109870,CCC1C(O)C2OC12C,-0.2454,val
gdb_20847,CCc1n[nH]cc1C,-0.2274,val
gdb_7531,CC1CC1(C)NC=O,-0.2436,val
gdb_80886,CC1C2CC1(O)C1CC21,-0.2417,val
gdb_11589,CC(=O)CCC1CO1,-0.2457,val
gdb_73406,OC12CCN3C1CCC32,-0.2227,val
gdb_132114,Nc1[nH]c(=O)cnc1F,-0.2075,val
gdb_63416,CC1(O)C=CC(C=O)C1,-0.2442,val
gdb_85906,CC1CC(C)(O)C2CN12,-0.2277,val
gdb_70031,CC12OC1C1OCOC12,-0.2325,val
gdb_63882,CC1(C)CC2NC1C2=O,-0.2408,val
gdb_16250,OC1CCCC12CC2,-0.2513,val
gdb_41613,C1CC2(CO1)C1CCN12,-0.2312,val
gdb_116466,COC1COCOC1C,-0.2429,val
gdb_66282,C#CC1(O)CCOC1=N,-0.267,val
gdb_43507,C#CC1=CC(=O)C(=O)N1,-0.2457,val
gdb_2269,CC1OC2CC12O,-0.2286,val
gdb_46455,N#CC12CNC(=O)N1C2,-0.2786,val
gdb_47914,N=C1OCCCCCO1,-0.2489,val
gdb_117099,CCNC(=N)C(O)C#N,-0.2367,val
gdb_21006,Cn1cc(N)c(O)n1,-0.1839,val
gdb_107999,CCC12CC3C1C1C2N31,-0.2224,val
gdb_81857,CC12CC(=O)C(O)C1O2,-0.2604,val
gdb_84804,CC1C=CCC1C1CO1,-0.2371,val
gdb_27936,Nc1[nH]c(O)nc1C=O,-0.2048,val
gdb_68881,CC12CC1(O)C1COC12,-0.2394,val
gdb_43056,O=C1C2C3C4C(CN13)N24,-0.2387,val
gdb_131870,OCCOc1c[nH]nn1,-0.2321,val
gdb_53720,NC(=O)C#CC#CC=O,-0.2717,val
gdb_98659,CCC(=O)C1CC(C)O1,-0.2325,val
gdb_129184,N=C1NCc2cnoc21,-0.2405,val
gdb_74721,C#CC12CC(C=C1C)C2,-0.2191,val
gdb_30341,CC1COc2cccn21,-0.18,val
gdb_24431,c1nc2c(o1)CCCN2,-0.1936,val
gdb_40536,C1=C(C2CN2)CC2NC12,-0.2177,val
gdb_115423,COC1CC(C#N)CO1,-0.2772,val
gdb_19843,C1OC2CC2C2NC12,-0.2337,val
gdb_39193,C1=NC2COC3CN1C23,-0.2298,val
gdb_88103,CC1=CCCC12OC2C,-0.2283,val
gdb_13782,CC(O)C1NC1C=O,-0.2463,val
gdb_58417,CC(C)C1(C)C(O)C1O,-0.2275,val
gdb_42405,O=C(NC1CC1)C1CC1,-0.2395,val
gdb_46200,O=C1OCC12C1CC2C1,-0.2665,val
gdb_61477,C#CC(O)CC(C)C#N,-0.2766,val
gdb_6730,CCC#CCC(C)=O,-0.239,val
gdb_27003,N#CCc1occc1N,-0.2031,val
gdb_102528,CC(C=O)C(CO)CO,-0.2478,val
gdb_14145,OC1CC12C=CCO2,-0.2165,val
gdb_8469,CC12CC1(N)C(=O)O2,-0.2418,val
gdb_23237,CC1C(=NO)C2CCN12,-0.2166,val
gdb_22984,CC(=NO)C1COC1=N,-0.2493,val
gdb_129544,C#CC(N)c1cnno1,-0.2653,val
gdb_62645,CC1(O)C2C3CC2(O)C31,-0.2405,val
gdb_86309,CC1OC(C)C12CCO2,-0.2434,val
gdb_125565,Cc1nnc2ocnn12,-0.2546,val
gdb_69641,CC12OC1C1(C=O)CC12,-0.2405,val
gdb_106457,O=CC1N2CC1(CO)C2,-0.238,val
gdb_5553,Nc1cc[nH]c1CO,-0.1722,val
gdb_56627,C#CC(C)C1(C)CC1C,-0.256,val
gdb_97061,CN=C1NCC(C)C1=O,-0.2304,val
gdb_100830,CCC(C)C(C)CC=O,-0.2462,val
gdb_62856,CC1(O)C2CC(=O)C1C2,-0.2278,val
gdb_41285,C1OC23CC4CC12CC43,-0.2375,val
gdb_85017,CC1NC(=N)N(C)C1=O,-0.2389,val
gdb_70325,OC12CC3CC3OC1C2,-0.22,val
gdb_126991,CCOc1nn[nH]c1N,-0.2051,val
gdb_96242,OC1C=CCCCC1O,-0.2505,val
gdb_58185,CC(C)C(O)C(C)(C)C,-0.2562,val
gdb_87874,CC1NC12CC1OCC12,-0.2409,val
gdb_33130,CCNc1cocc1C,-0.1873,val
gdb_66247,CC1(C2CN2)OCCO1,-0.2397,val
gdb_28400,Nc1ncc(N)c(=O)o1,-0.1957,val
gdb_87700,CN1CC2(CN2C)C1=O,-0.2311,val
gdb_42146,C#CC(=O)C#CC1CC1,-0.2626,val
gdb_55850,CC(=O)CC1CC1(C)O,-0.2358,val
gdb_69732,CC12OC1C1C3OC1C32,-0.2368,val
gdb_93014,OC1CC=CC2(CC2)C1,-0.2247,val
gdb_64790,CC1(CC#CC=O)CN1,-0.2556,val
gdb_75057,CC1=CNC(=O)C1(C)C,-0.2067,val
gdb_81542,CC1C2CC1C21COC1,-0.241,val
gdb_17484,CC12CCN3C(C1)C32,-0.2322,val
gdb_67926,C#CC1C2C(=O)CC12O,-0.2468,val
gdb_57495,CC(C)(C)N=COC=O,-0.2627,val
gdb_54714,CC(=O)N1C2C3OC2C31,-0.2378,val
gdb_65119,CC1(C2=NCCN2)CO1,-0.2112,val
gdb_132077,N=c1ocnc(O)c1F,-0.2241,val
gdb_29073,N=c1ccccnc1O,-0.2175,val
gdb_8781,CN=C(C)N(C)C=O,-0.242,val
gdb_89803,CC1OC2(CC2)C2CC12,-0.2268,val
gdb_58399,CC(O)C(C#N)NC=O,-0.2719,val
gdb_15816,COCC(=O)C1CC1,-0.2436,val
gdb_22417,CC(=NO)C12CC(C1)C2,-0.238,val
gdb_1737,CC1(CC#N)CN1,-0.2608,val
gdb_75974,CN1C(=O)COCC1=O,-0.2636,val
gdb_86437,CC1C=CC=CC(O)C1,-0.216,val
gdb_97625,CCC#CC(C#N)NC,-0.2477,val
gdb_62049,CC(C#N)OCC1CO1,-0.2788,val
gdb_58878,CC(O)C12OC1CC2O,-0.2547,val
gdb_119032,N#CCC1(CCO)CN1,-0.2497,val
gdb_88786,CC1CC1C1NCC1=O,-0.2392,val
gdb_104136,COC1(C)CNC(=O)O1,-0.2594,val
gdb_122315,OCCCC12CC1CO2,-0.2295,val
gdb_30649,CCC(C)c1cnc[nH]1,-0.2135,val
gdb_24737,C#CC(=O)c1ccco1,-0.2465,val
gdb_77004,C#CCC1C(O)C1(C)O,-0.2437,val
gdb_68934,CC12CC(=O)C1(C=O)N2,-0.2446,val
gdb_15142,O=CCOCC1CO1,-0.2592,val
gdb_87881,OC1CC12CC1CCC12,-0.2287,val
gdb_29375,C#CCc1cc(C)co1,-0.2157,val
gdb_35509,C#CC1CC2COC1O2,-0.2505,val
gdb_1144,CN1CC(C)(O)C1,-0.2066,val
gdb_81027,CC12CCCC(O1)C2O,-0.2438,val
gdb_83171,CC1C2COC(=O)OC12,-0.2712,val
gdb_23526,ON=C1C2C=CC1C2O,-0.2427,val
gdb_75444,CC1=CCCC(C=O)C1,-0.2373,val
gdb_81508,C#CC1(O)C2OC1C2C,-0.2461,val
gdb_54393,NC(=O)C12CC(O1)C2=O,-0.257,val
gdb_34477,N#CC1=C(C#N)CNC1,-0.2688,val
gdb_7694,CC1(C)CC2CC1C2,-0.2879,val
gdb_123833,C1=Cc2[nH]ncc2CC1,-0.2038,val
gdb_69968,CC12COC1C1CC12O,-0.2424,val
gdb_24491,C1=Cc2ncncc2C1,-0.2448,val
gdb_118630,CCCN(C=O)CC=O,-0.2475,val
gdb_70180,O=C1C=CC2(O)CC2N1,-0.2373,val
gdb_65372,N#CC1(O)CC1C1CO1,-0.2816,val
gdb_106217,CCC12C=CC3CC1C32,-0.2164,val
gdb_11585,CC(=N)OCC1CC1,-0.2569,val
gdb_133503,NC(=O)C(O)C(F)(F)F,-0.2871,val
gdb_127160,CN(C=N)c1cnno1,-0.2343,val
gdb_110243,O=C1CC2(O)C(CO)C12,-0.2418,val
gdb_7486,O=CCC1(O)COC1,-0.2499,val
gdb_123865,C1CCc2n[nH]nc2C1,-0.2453,val
gdb_13474,NC(=O)C1CNC1=O,-0.2499,val
gdb_114197,O=C1C(CO)OC12CC2,-0.2517,val
gdb_101704,CC(CO)CC1CC1C,-0.2612,val
gdb_89758,OC1CC2(CN2)C12CO2,-0.2417,val
gdb_5692,c1nc2c(o1)CCN2,-0.1926,val
gdb_95130,O=CC12OC1CCC2O,-0.2555,val
gdb_104383,O=C1NCCC1(O)CO,-0.2399,val
gdb_129558,N#CC(N)c1cnno1,-0.2926,val
gdb_48335,N#CCC1(C=O)COC1,-0.2716,val
gdb_37338,C1C2C3OC3C1C1OC21,-0.2613,val
gdb_98923,C#CC(=N)NC(=O)CC,-0.2452,val
gdb_94829,OC1C=CC2(CC2)OC1,-0.228,val
gdb_20572,CC(O)c1cc[nH]n1,-0.2419,val
gdb_124964,C#CCc1nn[nH]c1C,-0.2448,val
gdb_128690,C#Cc1c[nH]nc1OC,-0.2128,val
gdb_100988,CC(CO)C1(C)CCO1,-0.243,val
gdb_133809,CCCOCC(F)(F)F,-0.2736,val
gdb_30307,CC1CCc2ncoc21,-0.2237,val
gdb_18527,COCC1CC2CN12,-0.231,val
gdb_81281,CN1C2C=CC(=O)C1C2,-0.2156,val
gdb_88989,OC1CC1CC1CC1O,-0.2479,val
gdb_51597,N#CCC1CC1OC=O,-0.2915,val
gdb_61376,CC(C#N)OC(=N)C=O,-0.2875,val
gdb_122423,CCOCC1CC(C)O1,-0.2432,val
gdb_75963,CN1C(=N)CNCC1=O,-0.2322,val
gdb_86523,N#CC(=O)C1CC(O)C1,-0.2772,val
gdb_18987,C1CC2C1C1COC21,-0.2399,val
gdb_83267,CN1C2CCC(O)C21C,-0.2123,val
gdb_10843,O=C1CCC(O)CN1,-0.2386,val
gdb_68441,CC12CC(CC1C=O)O2,-0.2466,val
gdb_9749,COC1(C)CC=CC1,-0.2374,val
gdb_10087,O=CNC(CO)CO,-0.2562,val
gdb_79513,CN1C(=O)C2C3NC2C31,-0.2291,val
gdb_87568,CC1N2CC2C12CC2O,-0.2217,val
gdb_127387,CN1CC1c1cn[nH]n1,-0.2266,val
gdb_8202,OC12C=CCC1(O)C2,-0.2295,val
gdb_106886,CC1C(=O)C2CC12CO,-0.2386,val
gdb_20399,c1[nH]nc2c1CCC2,-0.2274,val
gdb_8838,CCC(=O)C(O)C=O,-0.2567,val
gdb_4520,Nc1cc(N)c(O)[nH]1,-0.1582,val
gdb_102124,O=CC(CO)C1CCC1,-0.2406,val
gdb_1880,O=C1CCC(O)C1,-0.2381,val
gdb_133441,N=c1onc(F)nc1F,-0.2764,val
gdb_39608,C1#CCC=CCC=CC1,-0.2316,val
gdb_108225,CCC12CCC1(C)C2C,-0.2312,val
gdb_14414,CC12C3OC1C2C3=O,-0.228,val
gdb_6701,C#CCCCC(C)C,-0.2576,val
gdb_87796,CC1C2CC3(CC3O)N12,-0.2226,val
gdb_78730,N#CC12OC3C(O)C1C32,-0.2556,val
gdb_85886,CN1CC(C)(O)C1C#N,-0.2467,val
gdb_103861,CCC1(O)CC1N1CC1,-0.2316,val
gdb_68020,CC12CC(C)(C1)C1NC12,-0.2222,val
gdb_87359,N=COC1(C=O)CC1O,-0.2579,val
gdb_34054,N#CC12CNCCC1O2,-0.2418,val
gdb_52111,O=CCCC12CCN1C2,-0.2377,val
gdb_76800,CC1N(C)C(C)C12CO2,-0.2012,val
gdb_124886,CC1(c2ccon2)CN1,-0.2516,val
gdb_34522,N#CC1=CC2CC(C1)C2,-0.254,val
gdb_48918,O=CC12NC3C1COC32,-0.2463,val
gdb_23065,CC(=NO)C12CCC1O2,-0.2325,val
gdb_122127,CCC(CC)CCCO,-0.2614,val
gdb_12371,CC1=CCCCC1O,-0.2377,val
gdb_16431,CC1C2C3OC2C13C,-0.2274,val
gdb_76536,CC1N(C)C12COC2=O,-0.2425,val
gdb_132838,N#Cc1cncnc1F,-0.2959,val
gdb_44607,O=C1CN2C3CCC1C32,-0.2308,val
gdb_55129,NC(=O)C1NC2CC21O,-0.2154,val
gdb_4507,Cc1nc(O)c(C)o1,-0.2017,val
gdb_29596,N#CCc1cocc1N,-0.209,val
gdb_8970,C#CCOC(=O)C#C,-0.28,val
gdb_82261,CC1C(C#N)=CC2CN21,-0.2423,val
gdb_7302,N#CCC(N)C(N)=O,-0.2547,val
gdb_37952,C1=C2CC3C(OCC1)C23,-0.2194,val
gdb_120953,COCC1CC2CC1O2,-0.2432,val
gdb_86868,CC1OC(C=O)CC1=O,-0.2505,val
gdb_71306,OC12CCCC3C1N3C2,-0.2195,val
gdb_106408,COC12CC(C1)C2(C)C,-0.2456,val
gdb_71934,OC12C=CC3CN(C1)C32,-0.2077,val
gdb_67396,N=C1OC2CC3C1C23O,-0.2423,val
gdb_76450,O=CCC1(O)C(O)C1O,-0.2457,val
gdb_79444,O=C1C2OC3C1C(O)C23,-0.2331,val
gdb_113337,COC1(C#N)CC1CO,-0.2736,val
gdb_78502,CC1C2CC3(O)C1C23C,-0.2295,val
gdb_35897,C#CC1COCC2CC12,-0.2461,val
gdb_76240,CC1C(C#N)C(=O)N1C,-0.2642,val
gdb_41820,C1COC2CC(C1)CO2,-0.2483,val
gdb_16493,CC1C2OC3C2C13O,-0.2192,val
gdb_128703,COc1cc(C#N)on1,-0.2752,val
gdb_19537,C#CC12C3CC1C2C3,-0.2231,val
gdb_29733,C#Cc1ncc(N)n1C,-0.193,val
gdb_70764,C#CC12CC3(C)C1CN32,-0.2315,val
gdb_121832,CCC(C)(C)OCCO,-0.2569,val
gdb_34619,C#CC1=CCC=CCC1,-0.2228,val
gdb_12996,O=C1NCC2CC12O,-0.2459,val
gdb_42102,C1CCC2(C1)COCO2,-0.2453,val
gdb_94772,CC1CCC2(C=O)NC12,-0.2529,val
gdb_48900,O=CC12CC3C1C(=O)C32,-0.2572,val
gdb_18205,N#CC1NCC2CC21,-0.249,val
gdb_110582,CCC1C2C3OC2C13O,-0.2268,val
gdb_108098,OCC12CC3OC1C32O,-0.2303,val
gdb_34430,C#CC12COC3C1OC32,-0.2429,val
gdb_61960,C#CCCC(C)OC=O,-0.2659,val
gdb_113084,COC1CC(OC)C1O,-0.2418,val
gdb_92063,CC1OC2CC2OC1=N,-0.2483,val
gdb_93335,CC1CCC(=O)N1C=N,-0.2339,val
gdb_61539,CC(C=O)OC1(C)CC1,-0.2454,val
gdb_77528,CC1C2(O)CCC1(O)C2,-0.2417,val
gdb_8197,CC12CC1(C)OC=N2,-0.2399,val
gdb_62315,C#CC1(C)C2C3CN3C21,-0.2251,val
gdb_110047,O=C1NCC(O)C1CO,-0.2472,val
gdb_32518,O=Cc1cocc1CO,-0.2395,val
gdb_8703,CCC(O)(C=O)CC,-0.2493,val
gdb_32678,OCC1Cc2nccn21,-0.2206,val
gdb_61853,CC(OC=O)C1COC1,-0.2578,val
gdb_39013,C1=C2COC2C2CN2C1,-0.2298,val
gdb_75893,CC1C(=N)OCC1(C)O,-0.2523,val
gdb_73999,CC1=C2CN3C2C2C1C23,-0.1908,val
gdb_132200,N=c1cc(N)oc(F)n1,-0.2223,val
gdb_49265,O=CC1=CNCC(=O)N1,-0.2043,val
gdb_76047,C#CC1C(C)C12COC2,-0.242,val
gdb_133769,CCC1(C(F)(F)F)CN1,-0.2632,val
gdb_59173,CC(O)C1C2CC(C)N21,-0.2271,val
gdb_101981,COC(C=O)(C=O)C=O,-0.2564,val
gdb_65501,O=CC1(O)CC2(CN2)C1,-0.2511,val
gdb_127879,CN=c1ncnncn1,-0.2423,val
gdb_118310,CCN=C(C=O)OCC,-0.2396,val
gdb_67553,N=C1NC2C3OC3C12O,-0.2423,val
gdb_3657,Cc1oncc1N,-0.2104,val
gdb_132138,N=c1cnc(F)c(F)[nH]1,-0.2122,val
gdb_40116,C1=CC2(CN2)C2(C1)CC2,-0.2243,val
gdb_99051,C#CC(C)CC(=O)CC,-0.245,val
gdb_73738,CC1=C(C#N)C(=O)NC1,-0.2641,val
gdb_34381,C#CC12C=CCC1OC2,-0.25,val
gdb_106866,N#CC12CC1(CO)CN2,-0.2374,val
gdb_40083,C1=C2C(CC1)OC21CC1,-0.2217,val
gdb_133406,O=c1oncc(F)c1F,-0.281,val
gdb_76093,C#CC1C(C2CC2)N1C,-0.2191,val
gdb_107086,C#CC1CC2(CO)NC12,-0.2533,val
gdb_117831,CCC(C)(CO)CCO,-0.2565,val
gdb_118239,CCCC(C)OC1CC1,-0.2347,val
gdb_127438,Cc1nn(C)c(=O)n1C,-0.2083,val
gdb_76451,C#CC1(C=O)C(C)C1C,-0.248,val
gdb_20819,CCc1cnnn1C,-0.2447,val
gdb_113156,CC(=O)C1(O)CC1CO,-0.2403,val
gdb_108469,CC1OC2CNC12CO,-0.2249,val
gdb_105876,CCC12C(C)CC1C2C,-0.238,val
gdb_11540,CCC(=O)NC1CC1,-0.2314,val
gdb_116840,C#CC(=O)C#CCCO,-0.2674,val
gdb_102638,CCC(CC(C)C)OC,-0.2427,val
gdb_121223,O=CC1CCN1CCO,-0.2235,val
gdb_57504,CC(C)(C)NC(=N)C#N,-0.248,val
gdb_7788,CC1CCNC(=O)O1,-0.2489,val
gdb_23105,C#CC1COCC1=NO,-0.2496,val
gdb_25509,O=CNc1ccccn1,-0.2354,val
gdb_88481,C#CC1(C2CC2C)CN1,-0.2409,val
gdb_66055,N#CC1OCC1(O)C#N,-0.3061,val
gdb_64534,CC1(C=O)C2C3CC3N21,-0.2311,val
gdb_128061,CNC(=N)c1ccon1,-0.2235,val
gdb_13304,C#CCC1C=CCC1,-0.2379,val
gdb_20214,C1=CC2C3C4C1C4C23,-0.2144,val
gdb_78011,CC1OC2(C=O)C(C)C12,-0.2426,val
gdb_82176,CC1C2NC2(C)C2CN12,-0.2336,val
gdb_84263,CC1N=C2OCC2C1=O,-0.2475,val
gdb_76499,CC1C(C)C12CN1CC12,-0.2209,val
gdb_127084,CN(C)c1[nH]ncc1O,-0.207,val
gdb_11060,CC12CCC(CC1)C2,-0.2809,val
gdb_94405,CC1COC12CNC2=O,-0.2327,val
gdb_59530,CC(O)C1CC2(CC2)C1,-0.2526,val
gdb_65971,CC1(C=O)OCC12CO2,-0.2481,val
gdb_75387,CC1=CCC=C(C)CC1,-0.2242,val
gdb_103661,C#CC1CC(C)(CO)C1,-0.2508,val
gdb_112209,O=C1NC(CO)C12CC2,-0.245,val
gdb_105163,COC1(C=O)CC1C#N,-0.2643,val
gdb_89660,CC1CC2(C#N)CC12O,-0.2478,val
gdb_101778,CCC(C)CNC(C)=O,-0.2402,val
gdb_62215,CC(C=O)COCC#N,-0.2628,val
gdb_120927,CC12OC1CC2CCO,-0.2448,val
gdb_53912,N#CC(C(N)=O)C1CC1,-0.2619,val
gdb_34145,C#CC12OC3C1COC32,-0.2402,val
gdb_46794,O=C1CNC2CC(C1)C2,-0.211,val
gdb_85549,O=C1CC(O)C2CN2C1,-0.2297,val
gdb_28653,N#Cc1ncc(N)cn1,-0.2463,val
gdb_76825,CC1C2=CCCC2C1O,-0.2299,val
gdb_27529,Cc1cc(C2CO2)co1,-0.2137,val
gdb_47739,O=C1NCCCC12CN2,-0.2456,val
gdb_22872,O=C1NCC(=NO)C1O,-0.2546,val
gdb_73078,CC12COC1C=CC2=O,-0.2449,val
gdb_1051,COc1cnco1,-0.2212,val
gdb_97030,CN=C1NC=CC2OC12,-0.2108,val
gdb_16789,O=C1CC(=O)C2NC12,-0.2508,val
gdb_26784,Cc1[nH]c(C#N)cc1O,-0.2076,val
gdb_103385,CC1(CO)C(=O)C2OC21,-0.2516,val
gdb_123445,c1cn(CC2CN2)nn1,-0.258,val
gdb_23637,O=c1cc(F)nco1,-0.2729,val
gdb_54679,CC(=O)C1=CCCCC1,-0.2366,val
gdb_90640,C#CC1(C)C2OC(C)C21,-0.2285,val
gdb_63183,CC1(C)C2COCOC21,-0.2425,val
gdb_125651,Cc1n[nH]c2nc[nH]c12,-0.2165,val
gdb_57816,CC(C)C#CCOC=O,-0.265,val
gdb_52941,CC#CC12CCC(C1)C2,-0.2354,val
gdb_75571,CC1=CCOCC2NC12,-0.2336,val
gdb_100947,CCC(OC)C(C)OC,-0.241,val
gdb_59914,CC(C)OC(=O)NC=N,-0.2523,val
gdb_104912,C#CC1(CC)NC1(C)C,-0.232,val
gdb_94312,CC1(C)NC12CCC2O,-0.2338,val
gdb_98651,O=C1CC(C(=O)CO)C1,-0.257,val
gdb_127867,CN=c1cnoc(C)n1,-0.2446,val
gdb_57226,C#CC#CC(C)(C)C#N,-0.2598,val
gdb_38113,C1=CC2OC=NC23CC13,-0.226,val
gdb_46,OC1CC1,-0.239,val
gdb_90394,CC1OC2C(C#N)C12O,-0.2559,val
gdb_50867,O=CCC(=O)OC1CC1,-0.2582,val
gdb_16559,C1=NC2CCC(C2)O1,-0.2436,val
gdb_94128,C#CC1(C#N)NCC1C,-0.2578,val
gdb_62561,CC1(O)C2(C)COC12C,-0.2149,val
gdb_60593,OC(C1CCC1)C1CC1,-0.2576,val
gdb_66354,C#CC1(C)CCOCO1,-0.2574,val
gdb_3786,CNc1conn1,-0.2206,val
gdb_54855,NC(=O)C1C2OCOC21,-0.2401,val
gdb_101915,CCC(C(N)=O)C1CC1,-0.2383,val
gdb_82278,O=CC1=CN2CC2C1O,-0.2488,val
gdb_77118,CC1N(C=O)CC12CN2,-0.2434,val
gdb_21388,c1n[nH]c2[nH]nnc12,-0.25,val
gdb_56852,N#CC(N)C1C2CCN21,-0.2438,val
gdb_103971,CCC1(O)CN2C(C)C21,-0.222,val
gdb_14504,N#CC1(O)C2CC1O2,-0.2684,val
gdb_41165,C1=CC2CC3(C1)OCC23,-0.2294,val
gdb_10891,CC12NC1C(=O)C2O,-0.228,val
gdb_130454,[NH3+]CCc1cc([O-])on1,-0.1196,val
gdb_89486,CC1CC2(O)COC1C2,-0.2424,val
gdb_7389,CC(O)C(O)CCO,-0.2508,val
gdb_85093,C#CC1(O)C(=O)CC1C,-0.2394,val
gdb_43460,O=C1CC(=O)C2(CC2)N1,-0.2469,val
gdb_73113,CC12COC1CC(=O)C2,-0.2401,val
gdb_81737,CC1C(O)C2CC12C#N,-0.2687,val
gdb_87362,CC1CC(=O)C12CN2C,-0.2264,val
gdb_115258,C#CC1=CC(OC)OC1,-0.2452,val
gdb_29301,Oc1c[nH]c(C2CO2)n1,-0.1987,val
gdb_50971,N#CC(CC=O)OC=N,-0.2729,val
gdb_128206,CNc1cc(NC)[nH]n1,-0.1764,val
gdb_33850,C#CC12CC3CC3C1O2,-0.2494,val
gdb_20397,c1noc2c1CCO2,-0.2207,val
gdb_98318,CN=CN(C)C(=O)OC,-0.2374,val
gdb_116226,OCC1COCC12CC2,-0.2442,val
gdb_73405,OC12CCC3C1COC32,-0.2312,val
gdb_34520,C#CC1=NC2CC(C2)O1,-0.2459,val
gdb_75061,CC1=CCC(=O)C12CO2,-0.2417,val
gdb_132059,N=c1occc(N)c1F,-0.1964,val
gdb_114481,CCC1CC2N=COC12,-0.2417,val
gdb_2402,CC1C2CC1C2=O,-0.2386,val
gdb_101120,CCC(C)C12CCC1O2,-0.2436,val
gdb_117094,CC(C#N)C(=O)CCO,-0.2697,val
gdb_39624,C1CC(=C2COC2)CO1,-0.2319,val
gdb_4138,CN1C2CC1C2=NO,-0.2288,val
gdb_26913,N=c1ncc(N)c(O)o1,-0.2086,val
gdb_130725,O=c1cncn[nH]c1=O,-0.2656,val
gdb_122486,C#CC1CC1OCCO,-0.2451,val
gdb_34772,C#CC1CC2C(C#N)N12,-0.2569,val
gdb_95246,CC1OCC2CC2CO1,-0.251,val
gdb_53687,CC#CCOCC(C)=O,-0.2319,val
gdb_18325,O=C1CCC2COC12,-0.2323,val
gdb_41545,C1OC2C1C1C3OC1C23,-0.2309,val
gdb_63910,CC1(O)C=CC2CC2C1,-0.2375,val
gdb_53917,CC(=O)C(C)(C#N)C#N,-0.2922,val
gdb_81721,C#CC12CN1C(C)C2=O,-0.2423,val
gdb_35900,C#CC1COCC2OC12,-0.2527,val
gdb_124029,c1nncc(C2CO2)n1,-0.2417,val
gdb_129215,N#Cc1ncn[nH]c1=N,-0.2521,val
gdb_112014,COC1C=CC2CC21O,-0.231,val
gdb_45767,C#CCC1C=CCC1=O,-0.2451,val
gdb_82229,OC1C2CC(C2)N2CC12,-0.2224,val
gdb_15198,OCCCOC1CC1,-0.2436,val
gdb_79633,CC1C2CC2C2C(O)C12,-0.2342,val
gdb_89106,CC1CC1CCCC=O,-0.2466,val
gdb_33086,CCNc1coc(C)c1,-0.1828,val
gdb_111497,CCC1C(O)CC2CC21,-0.2551,val
gdb_8372,CC1CC12CC(=O)O2,-0.2698,val
gdb_64890,C#CC1(C)CC1(N)C#N,-0.2395,val
gdb_99893,CCC(C)(C#N)C1CN1,-0.2542,val
gdb_122063,CCC(C#N)CCCO,-0.2701,val
gdb_70421,CC12CC1OC21CCC1,-0.2259,val
gdb_103540,CC1OC=NC1(C)CO,-0.2502,val
gdb_39966,C1=C2CC3(CC3)C2CC1,-0.2212,val
gdb_17867,O=C1C2C=CCC1C2,-0.2239,val
gdb_70288,CC12C=C(C=O)CN1C2,-0.232,val
gdb_13371,CCN=C1CCCO1,-0.2406,val
gdb_16589,CN1C2C(=O)C(O)C21,-0.2342,val
gdb_57410,CC(C)(O)C1C2COC21,-0.231,val
gdb_102723,C#CC(CC)OC1CC1,-0.2518,val
gdb_115494,OCC1=NC(CO)CO1,-0.2583,val
gdb_88740,CC1OC1C1OC1C=O,-0.2631,val
gdb_41470,C1CC23CCC2CC3O1,-0.2388,val
gdb_25893,Nc1[nH]cc(C(=O)[O-])[nH+]1,-0.19,val
gdb_75214,CC1=CCC2(C)OCC12,-0.2317,val
gdb_12170,N#CC1OC(=N)C1O,-0.2947,val
gdb_82509,CC1C2C3CC3(C)CN12,-0.2176,val
gdb_110359,COC1C2C(C)C(O)C12,-0.2361,val
gdb_99263,CC(O)COC(=O)CN,-0.2505,val
gdb_131925,[NH2+]=c1[n-]c([N+](=O)[O-])c[nH]1,-0.2302,val
gdb_96756,CN=C(C=O)NCC=O,-0.2335,val
gdb_118136,COCC(O)C1CC1C,-0.2528,val
gdb_101948,COC(C1CC1)C1CO1,-0.2511,val
gdb_77465,CC1CC2(C)C(C)C12O,-0.2298,val
gdb_131247,Oc1cn2nnoc2n1,-0.2333,val
gdb_77801,CC1C2C(=O)OC12C=O,-0.2728,val
gdb_57722,C#CC(C)(O)COC=N,-0.2573,val
gdb_35554,N#CC1CC2OCC2O1,-0.2683,val
gdb_111686,CCC1C2COC(C)C12,-0.2429,val
gdb_96716,CC#CC(=NC)OC=O,-0.265,val
gdb_78338,CC1C2N1C(=O)C21CO1,-0.2492,val
gdb_130645,O=C1Cc2ccnn2C1,-0.2452,val
gdb_129935,Nc1c[nH]nc1NC=O,-0.1905,val
gdb_22621,ON=C1C2C=CC1(O)C2,-0.2378,val
gdb_73514,CC12OCC=C1C1NC12,-0.2166,val
gdb_45370,O=C1CC2COC(C1)O2,-0.2459,val
gdb_72865,C#CC1CC2(O)COC12,-0.2438,val
gdb_18024,OCC1OC2CCC12,-0.2444,val
gdb_29309,Cc1c(N)c[nH]c1C#N,-0.2005,val
gdb_65806,CC1(CCC#N)CCO1,-0.2591,val
gdb_81236,CC1C2CC13CCOC23,-0.246,val
gdb_44147,O=C1CN2C1C2C1CO1,-0.2427,val
gdb_75165,CC1=NCC(C2CO2)O1,-0.2433,val
gdb_62173,O=CCC(O)CNC=O,-0.2558,val
gdb_99494,C#CC(NC)C(=N)OC,-0.2212,val
gdb_98454,COC(=O)C1(O)COC1,-0.2519,val
gdb_49966,N#CC1(C=O)CN1C=O,-0.2877,val
gdb_132116,N=c1cnc(N)c(F)[nH]1,-0.1834,val
gdb_91460,CC1OC2C=CC1(C)C2,-0.2345,val
gdb_77534,CC12CC(C#N)(N1)C2O,-0.2702,val
gdb_112787,CC1CC(CO)C1C=O,-0.2436,val
gdb_113561,OCC1NC12CCC2O,-0.2454,val
gdb_69868,C#CC12CC1C1NC12C,-0.2044,val
gdb_76946,CN1C(C=O)C1(C)C=O,-0.2439,val
gdb_7571,NC(=O)C1(O)CCC1,-0.24,val
gdb_79364,OC1C2CNC3C(O2)C13,-0.1917,val
gdb_85813,C#CC1(O)CC(O)C1C,-0.2511,val
gdb_95327,CC1CCC2COC2=N1,-0.2406,val
gdb_73536,CC12CCCC13CC2O3,-0.2301,val
gdb_85774,CC1CN(C(N)=O)C1=O,-0.2593,val
gdb_121321,CCOC1CCOC1=O,-0.2464,val
gdb_42976,O=C1C2CC2CC12CN2,-0.2466,val
gdb_103235,CCC1(C)C2C3NC3C21,-0.2027,val
gdb_108110,OCC12CC3CC1C2O3,-0.2248,val
gdb_105593,CCC1(C=O)CCC1=O,-0.2451,val
gdb_6481,COC1(C)CN(C)C1,-0.2056,val
gdb_16457,OC12C=CC3C1CC32,-0.223,val
gdb_118035,CCCC(C)C(C)C=O,-0.2434,val
gdb_8531,CC12OC3C1C(O)C32,-0.2267,val
gdb_22290,O=C1CC(=NO)C=CN1,-0.2158,val
gdb_60420,CC(=O)CCCC(C)C,-0.2411,val
gdb_104743,CCC1(CC)NC1C#N,-0.268,val
gdb_65511,CC1(C2CO2)CC2OC21,-0.2523,val
gdb_80788,N#CC12NC(C1=O)C2O,-0.2724,val
gdb_118667,CCCC(C=O)OCC,-0.2414,val
gdb_51774,O=CCC1CCC1C=O,-0.2468,val
gdb_48496,O=CC12C3CC4C3C1C42,-0.2403,val
gdb_69382,CC12CC1C(C=O)=CN2,-0.2019,val
gdb_28116,Cc1nc2ocnc2[nH]1,-0.2102,val
gdb_63936,CC1(C)OC2CCC21O,-0.2361,val
gdb_100492,N#CCC#CC(O)CO,-0.268,val
gdb_133108,CCc1ncncc1F,-0.2538,val
gdb_65868,CC1(C=O)CNC(=O)N1,-0.2506,val
gdb_94874,CC1CCC23CCC12N3,-0.2118,val
gdb_132576,Cc1ncc(F)c(C)n1,-0.2468,val
gdb_8888,CCC(=O)N(C)CC,-0.2311,val
gdb_97452,CN=COCC1CCO1,-0.2383,val
gdb_7542,CC1OC1(C)CCO,-0.2568,val
gdb_89526,CC1OC2(C)COCC12,-0.2432,val
gdb_75500,CC1=CCCC2CC1O2,-0.2264,val
gdb_95211,CC1COC2CC2C1C,-0.2396,val
gdb_33546,N#CC1(C2CO2)CNC1,-0.2439,val
gdb_23254,O=C1CC2OC2C1=NO,-0.2448,val
gdb_57453,CC(C)(C)C1OC2CC21,-0.2333,val
gdb_1319,CC1OCC1(C)O,-0.2427,val
gdb_16582,CC1C2C(O)C(=O)N12,-0.2399,val
gdb_58443,CC(O)C1(C)C2COC21,-0.2374,val
gdb_101691,CC1(CC(O)CO)CN1,-0.2424,val
gdb_51452,O=COC1C(=O)N2CC12,-0.2669,val
gdb_79544,CC1C2C3NC3(C#N)C12,-0.2801,val
gdb_81640,O=COC1C2OC1C2O,-0.2759,val
gdb_60491,CC(C)OCCCC=O,-0.2504,val
gdb_80154,CC1C2CC(=O)C(=O)C12,-0.2298,val
gdb_107316,CCC12OC1C=CC2=O,-0.2417,val
gdb_68558,CC12C=CC(C1)C2C#N,-0.2451,val
gdb_109145,O=C1CN=C(CO)OC1,-0.2512,val
gdb_131246,Oc1cn2nnnc2[nH]1,-0.2325,val
gdb_46266,O=C1COC12CC1NC12,-0.2327,val
gdb_45395,C#CC12COC1CC2=O,-0.2476,val
gdb_7494,CCCC1(O)COC1,-0.2511,val
gdb_83372,OC1C2CCC1(O)CO2,-0.2434,val
gdb_87762,O=CN1CC2(CC2O)C1,-0.2379,val
gdb_62862,CC1(C)C2OC1C1CC12,-0.2379,val
gdb_34888,N#CC1C2OC2C12CC2,-0.2735,val
gdb_72262,CC12CC3COC1CN32,-0.214,val
gdb_51280,O=CNC1=NCC(=O)C1,-0.238,val
gdb_60591,CC(C1COC1)C1CO1,-0.2451,val
gdb_73163,C#CC1CC2CCC12C,-0.25,val
gdb_27491,Cc1nc(=O)[nH]c(=N)o1,-0.2698,val
gdb_68903,CC12CC(=N)OC1(C)C2,-0.2416,val
gdb_104410,CCC1(O)COCC1C,-0.2409,val
gdb_117306,CCOC(=O)CC(C)=O,-0.2498,val
gdb_72167,CC12CC3OC1OCC32,-0.2421,val
gdb_34947,C#CC1C2OC3C1OC23,-0.2422,val
gdb_74195,CC1=CC(=O)OC=NC1,-0.2646,val
gdb_53195,CC#CC1C=CC2CC12,-0.2256,val
gdb_90285,CC1NC2=CC(=O)NC21,-0.2254,val
gdb_8162,CC12CC(C1)NC2=O,-0.2364,val
gdb_78349,CC1C2C(O)C2C12CC2,-0.2373,val
gdb_107030,OCC12OC1C(O)C2O,-0.2565,val
gdb_130757,N#Cc1cnc(=O)on1,-0.3073,val
gdb_85313,CC1CC(=O)N2CCC12,-0.2353,val
gdb_8399,CC(C)C12CC(C1)C2,-0.2819,val
gdb_12083,OCC1(O)CN2CC21,-0.2268,val
gdb_62519,C#CC1C(C=O)C1(C)O,-0.2418,val
gdb_16791,O=C1CC(=O)N2CC12,-0.255,val
gdb_65378,CC1(C=O)CN1C1CC1,-0.2395,val
gdb_23072,CC1CC2C(=NO)CN12,-0.2167,val
gdb_112222,CCC1OC(=N)C1C#N,-0.285,val
gdb_38191,C1C2CC3(C2)C2CC13C2,-0.2557,val
gdb_46535,N=C1OCC2(CCC2)O1,-0.2508,val
gdb_29393,Cc1c[nH]c(CC=O)c1,-0.2028,val
gdb_108974,CCC1=CC2C3OC2C13,-0.2228,val
gdb_102978,O=CCNC(C=O)CO,-0.2603,val
gdb_57699,CC(C)(C=O)CCC#N,-0.2617,val
gdb_61200,N#CCC(O)C(O)C#N,-0.3164,val
gdb_45406,C#CC12OCC1OC2=O,-0.2667,val
gdb_127026,CCOc1cnn(C)n1,-0.2221,val
gdb_80904,CC1(O)C2OC1(C)C2O,-0.2411,val
gdb_27897,Cc1nc(N)cc(O)n1,-0.2288,val
gdb_33240,CCOCc1cc[nH]c1,-0.1981,val
gdb_46334,O=C1OCC12CCCO2,-0.2528,val
gdb_17134,CC1CC(C2CN2)O1,-0.2393,val
gdb_117165,CCNC(=O)C(C)CO,-0.24,val
gdb_93890,CC1CCC(C)C2CC12,-0.2602,val
gdb_105998,COC12C3C4N3C1C42O,-0.208,val
gdb_94884,OC1CCC23CC12CO3,-0.2273,val
gdb_106631,OCC12CCC(C1)C2O,-0.2511,val
gdb_14775,CCOCCOC=N,-0.2534,val
gdb_40971,C1COCC2(COC2)N1,-0.2196,val
gdb_112456,CCC1C=CCC(=O)C1,-0.2354,val
gdb_51417,O=CNC1C2C=CC1N2,-0.2413,val
gdb_28820,Cc1ccc(=O)ccn1,-0.2464,val
gdb_47250,N=C1NC=NCCC1=O,-0.2505,val
gdb_98348,CC(NC=O)C(=O)CO,-0.2599,val
gdb_90059,O=C1C2NC13CC(O)C23,-0.2501,val
gdb_51181,O=CNC12CCCC1C2,-0.2422,val
gdb_126050,CC1NC1c1nc[nH]n1,-0.2392,val
gdb_39171,C1CC2C3CC24C1CC34,-0.2284,val
gdb_85062,CC1OC(=O)C(C)C1O,-0.26,val
gdb_49941,N#CCC1CN(C=O)C1,-0.2539,val
gdb_131764,N#Cc1nonc1CO,-0.3116,val
gdb_22155,CN=COCC(C)=NO,-0.2498,val
gdb_54576,NC(=O)C12CC3CC1C32,-0.2394,val
gdb_22855,CC1=CCC(=O)C1=NO,-0.2331,val
gdb_70908,CC12COC3C1C3(O)C2,-0.2201,val
gdb_133868,C1C2CC3C4CC3(C2)C14,-0.2465,val
gdb_83604,CN1C(=O)C2(O)CCC12,-0.2366,val
gdb_44023,N=C1OC23CC4C2CC143,-0.2495,val
gdb_53685,CC#CCCOC(N)=O,-0.2483,val
gdb_5471,N#Cc1ocnc1O,-0.2514,val
gdb_70272,CC12CC(C=O)CC1N2,-0.2483,val
gdb_103734,CCC1(C)CC1(O)C=O,-0.2447,val
gdb_108537,COC12CCN3C1CC32,-0.2256,val
gdb_119179,OCCC1(C2CO2)CN1,-0.245,val
gdb_130464,c1ccc2nocc2c1,-0.2228,val
gdb_57116,N#CC(O)C1COCO1,-0.2739,val
gdb_104329,CC1=CCOC1(C)CO,-0.2298,val
gdb_41412,C1CC23CCC2N2C1C23,-0.216,val
gdb_84427,O=CC1C=CC(O)C1O,-0.2594,val
gdb_99505,C#CC(CO)C(=O)OC,-0.264,val
gdb_9175,CN=CNC(=O)NC,-0.2356,val
gdb_30826,CCc1oc(C)cc1O,-0.1877,val
gdb_5123,Cn1ccc(O)c1N,-0.1757,val
gdb_67417,N#CC12CC3CC1C32O,-0.2611,val
gdb_56270,NC(=O)COCC1CO1,-0.2409,val
gdb_43908,C#CC12COC1C(=O)N2,-0.245,val
gdb_104670,COC1(CO)C(O)C1O,-0.2277,val
gdb_115537,CCC1NCC1(O)C#N,-0.2428,val
gdb_49095,O=CC12OCC3CC1C32,-0.2398,val
gdb_95937,CC1(C=O)CCCC1O,-0.2451,val
gdb_125274,Cc1cc2onnc2[nH]1,-0.2248,val
gdb_70962,CC12CC3(C#N)CC1N32,-0.2643,val
gdb_87664,CC1CC12C=CC(=N)O2,-0.2254,val
gdb_12269,CCN1CC(O)C1=O,-0.2423,val
gdb_88397,CN1CC1C(C)(O)C=O,-0.2323,val
gdb_119016,C#CCC1(CCC)CO1,-0.2585,val
gdb_97605,CC(C#CCO)CC=O,-0.2455,val
gdb_73793,CC1=C(N)CCOC1=N,-0.1996,val
gdb_80435,CC1C2CC(O)(C=O)C12,-0.2419,val
gdb_132039,O=c1ccoc(F)c1F,-0.2569,val
gdb_121064,COCC1COC(=N)C1,-0.2539,val
gdb_47625,C#CC1=CCOCC1=O,-0.2431,val
gdb_126389,CCc1nc(C)n(C)n1,-0.2385,val
gdb_115060,OCC1C=CCC1CO,-0.2308,val
gdb_43666,N=C1CC(CN2CC2)O1,-0.2472,val
gdb_56872,N#CC(N)C1CC(=O)O1,-0.2766,val
gdb_87184,CC1CC1(C)NC(N)=O,-0.2386,val
gdb_34726,N#CC1C2CC3C1N3C2,-0.2574,val
gdb_68626,N#CC1C2CCC1(O)C2,-0.2712,val
gdb_116192,CCC1COCC1(C)O,-0.2403,val
gdb_96486,CC1CCCOC=NC1,-0.2482,val
gdb_65632,C#CC1(O)CC2COC21,-0.2406,val
gdb_31425,COc1ccoc(=O)c1,-0.2311,val
gdb_79370,CC1C2C3NC2(C#N)C13,-0.2504,val
gdb_6539,COC1(C)CC1(C)O,-0.2393,val
gdb_131817,OCCCn1cccn1,-0.2387,val
gdb_101260,C#CC1CC1C(C)CO,-0.2417,val
gdb_7975,CC1=CC(C)C(C)C1,-0.2247,val
gdb_8661,COC(C)(C#N)C=O,-0.2802,val
gdb_114098,CCC1CC2(C)OCC12,-0.2351,val
gdb_70608,CC1(C)OCC2OC21C,-0.2486,val
gdb_78545,CN1C2C3(C)OC3C21C,-0.2085,val
gdb_105489,CCC1(C(C)=O)COC1,-0.2459,val
gdb_44300,O=C1NC2C3C1C1C2C31,-0.2277,val
gdb_6502,CC(O)CC1(C)CC1,-0.2555,val
gdb_55949,CC(=N)OC1CN=CO1,-0.2569,val
gdb_50497,N#CC1CCC(C=O)O1,-0.2641,val
gdb_98978,CCC(=O)CC(=O)NC,-0.2411,val
gdb_71277,O=C1OC2C3CC1(O)C32,-0.2668,val
gdb_56865,CC(C#N)C1CC(=N)O1,-0.2746,val
gdb_93948,CC1CCC(C2CO2)C1,-0.2598,val
gdb_46783,N=C1OCC2CC(C2)O1,-0.2537,val
gdb_76630,CC1C(C2(O)CC2)N1C,-0.2208,val
gdb_22079,CC(=NO)C1CC1(C)O,-0.2305,val
gdb_65842,CC1(C#N)COC(=O)C1,-0.2861,val
gdb_122078,CCCNC(C#N)CO,-0.2403,val
gdb_67758,CC12N=CN3C(C1=O)C32,-0.234,val
gdb_93349,O=CC1C(=O)CCC1O,-0.2451,val
gdb_88475,CN1CC1C1(O)CCC1,-0.2131,val
gdb_28220,Cc1nc2c([nH]1)OCC2,-0.178,val
gdb_110912,CCC1C2CC(C=O)N12,-0.2334,val
gdb_114547,CCC1CC2CC1(C)C2,-0.2806,val
gdb_28606,Oc1cnc(C2CO2)[nH]1,-0.1998,val
gdb_35654,C#CC1=NC(C#C)CO1,-0.2569,val
gdb_59519,CC(C)N1CC2(O)CC12,-0.2031,val
gdb_94653,CC1COC1COC=O,-0.2586,val
gdb_28331,Oc1cn2c(n1)CCC2,-0.1886,val
gdb_78371,CN1C2C3=CCOC3C21,-0.2209,val
gdb_73700,CC12COCC3C1CN32,-0.2263,val
gdb_99992,C#CC(C)C(C)(C)OC,-0.2513,val
gdb_52022,C#CC(C#C)COC=O,-0.2766,val
gdb_82420,CN1C(=O)CNC2CC21,-0.2065,val
gdb_57303,CC(C)(O)C(=O)C1CC1,-0.2331,val
gdb_28255,Oc1cc2c([nH]1)NCC2,-0.1559,val
gdb_118425,CCCC(CC)C(C)=O,-0.2373,val
gdb_54211,CC(=O)C1(O)CC=CC1,-0.2401,val
gdb_20777,Cc1nonc1CO,-0.291,val
gdb_62538,C#CC1NC(=N)C1(C)O,-0.2452,val
gdb_12780,CCC1CC2CC12O,-0.2429,val
gdb_71649,CC12CN3C4C(O1)C2C43,-0.2219,val
gdb_15020,C#CC(C#C)N1CC1,-0.2468,val
gdb_117068,CNC(=O)C(=O)CCO,-0.2409,val
gdb_44836,O=C1CC2CC(=O)C1N2,-0.2328,val
gdb_38170,C1=CC2NC23CCC3C1,-0.2232,val
gdb_100493,CC(C#CCC=O)CO,-0.2475,val
gdb_57806,CC(O)C#CCC1CN1,-0.2485,val
gdb_43339,O=C1C=CC2OC3C1C23,-0.2349,val
gdb_15043,C#CC(CC)C1CC1,-0.257,val
gdb_83898,C#CC12OCOC1C2C,-0.2382,val
gdb_76685,CC1C(O)C1CN1CC1,-0.2223,val
gdb_109462,O=C1CC2(CO2)C1CO,-0.2561,val
gdb_44634,O=C1CC2C3CCC3N12,-0.2364,val
gdb_2682,OCC#CCCO,-0.2452,val
gdb_45714,N=C1NC=CC(=O)C1=O,-0.2444,val
gdb_12681,NC1C(=O)OCC1O,-0.2711,val
gdb_120054,COCC1C2CC3C1C23,-0.245,val
gdb_52722,C#CCCC(O)C#CC,-0.2492,val
gdb_51063,O=COC12C3C4C3C1C42,-0.2434,val
gdb_105447,COC1(C=O)CC=CC1,-0.2423,val
gdb_108541,OCC12CCC3C1CC32,-0.2626,val
gdb_89456,CC12CCC1(O)C(O)C2,-0.2264,val
gdb_98788,CNC(=O)N1CC=CC1,-0.224,val
gdb_112009,CCC1C=CC2CC12C,-0.2225,val
gdb_133698,CC1CC(C(F)(F)F)C1,-0.308,val
gdb_87835,CC1OC12CC1OC12C,-0.2455,val
gdb_125416,Cc1nc(=N)c(C)no1,-0.2567,val
gdb_90286,CN1CC2=CC(=O)CC21,-0.2319,val
gdb_40343,C1NC1C12C3CN1CC32,-0.2211,val
gdb_90775,OC1CC2C(O)CCC12,-0.2531,val
gdb_11125,CCC1CN(C=O)C1,-0.2381,val
gdb_128079,CNC(=O)n1cccn1,-0.2516,val
gdb_13617,CC(CO)C1OC1C,-0.255,val
gdb_102060,C#CC(C)C(C=O)CC,-0.245,val
gdb_94202,CC1OCC1(C)C1CO1,-0.2466,val
gdb_77508,OC1C2(O)CC1(O)C2O,-0.2398,val
gdb_37558,C1=C2C3C4OC3C24OC1,-0.233,val
gdb_35634,N#CC1CC=CC2CN12,-0.2391,val
gdb_90883,OC1CC2C3CC(O3)C12,-0.2452,val
gdb_121165,OCCC1CCC12CO2,-0.2558,val
gdb_46623,O=C1CCC2=CCCN12,-0.2012,val
gdb_110554,OCC1C2CC3C(C2)N13,-0.2479,val
gdb_129006,c1n[nH]c2cncc-2n1,-0.2123,val
gdb_50574,O=CC1CC2NC2CO1,-0.2511,val
gdb_107558,CCC12NC1CC=C2C,-0.2226,val
gdb_41649,C1CC2C3C(O1)C1C2C31,-0.2369,val
gdb_81837,CC12NC1C(O)C2C=O,-0.2304,val
gdb_77619,CC12OCC1(C#N)C2O,-0.2575,val
gdb_23998,N#Cc1ccc(C#N)o1,-0.2745,val
gdb_20976,CN(C)c1nc[nH]n1,-0.1939,val
gdb_6879,CC1C(C#N)C1(C)O,-0.2618,val
gdb_43943,O=C1NC23C=CC(C2)C13,-0.2386,val
gdb_55838,CC(=O)OC1CC(=O)C1,-0.2492,val
gdb_49876,N=C1NC(=O)NC1C=O,-0.2641,val
gdb_122808,CCC(=N)OCCCO,-0.2628,val
gdb_2219,CC12OCC1C2O,-0.233,val
gdb_118046,COCC(O)C(O)C=O,-0.2678,val
gdb_122012,CCCCC(O)COC,-0.2566,val
gdb_54592,NC(=O)C12CCC1CC2,-0.2364,val
gdb_97798,CCC#CC1CC1CO,-0.2284,val
gdb_6987,CC1COCC1(C)C,-0.2388,val
gdb_117515,CCNC(C#N)C(N)=O,-0.2432,val
gdb_63457,CC1(C)CC1(C)C1CC1,-0.2439,val
gdb_82279,O=CC1=CC2NC2C1O,-0.25,val
gdb_102328,C#CC(C#N)(CC)CC,-0.2818,val
gdb_13059,O=CNC1COC1=O,-0.2738,val
gdb_3603,CN1CC1C1CO1,-0.2285,val
gdb_3431,O=C1OCC2NC12,-0.2532,val
gdb_102641,CCC(CC)CC(C)O,-0.2617,val
gdb_73797,CC1=C(C)C(C)(C)CC1,-0.2155,val
gdb_84406,CC1C=CC(C=O)C1=O,-0.2472,val
gdb_63146,CC1(O)C2COC1CO2,-0.2395,val
gdb_87215,CC1OC1(C)CN1CC1,-0.2374,val
gdb_57126,C#CC#CC(N)C(N)=O,-0.2408,val
gdb_118011,C#CC(O)C(C)OCC,-0.2562,val
gdb_18305,O=C1C=CC2CCN12,-0.2415,val
gdb_7160,CC(CC#N)CCO,-0.275,val
gdb_108282,CCC12COC1C(=N)N2,-0.2336,val
gdb_116520,OCC1OCCCCO1,-0.2492,val
gdb_69072,CC12C=CCC1(C#N)O2,-0.2679,val
gdb_105716,C#CC1(CC)C=CCO1,-0.2437,val
gdb_56369,CC(C#N)(C#N)C1CO1,-0.3043,val
gdb_72747,OC12CCC13CCC3C2,-0.2379,val
gdb_11639,C#CC12CC(O1)C2C,-0.2391,val
gdb_126915,CCNc1cn[nH]c1O,-0.2099,val
gdb_77607,OC1C2(O)C=CCC12O,-0.2207,val
gdb_74279,CC1=CC(C)(C)CCC1,-0.2264,val
gdb_129435,NC(=O)c1cc(O)no1,-0.267,val
gdb_124905,CC1(O)Cn2nccc21,-0.2432,val
gdb_90498,CC12C(O)CC1N2C=O,-0.2381,val
gdb_120874,CCCC1OC2(C)CC12,-0.2273,val
gdb_87214,CC1OC1(C)CC1CO1,-0.2577,val
gdb_18930,CC1C2OC3C1OC23,-0.2414,val
gdb_31949,CCc1ccc(CC)o1,-0.2018,val
gdb_63536,CC1(C)NC12CC1OC12,-0.2357,val
gdb_86425,CC1OC(C)C2CCC12,-0.2454,val
gdb_68657,O=CNC12CC(O)(C1)C2,-0.2493,val
gdb_66153,CC1(COC2CC2)CN1,-0.2406,val
gdb_111922,CCC1N=C(C)OC1C,-0.2366,val
gdb_97945,OCC#CCC1CCC1,-0.2397,val
gdb_92285,OC1CC2N=COC2C1,-0.2466,val
gdb_14657,CCC#CC#CC#N,-0.2644,val
gdb_126245,CCc1nn[nH]c1NC,-0.2016,val
gdb_123043,CCCCCC1CCO1,-0.2403,val
gdb_65752,CC1(OC=N)CNC1=O,-0.2493,val
gdb_133269,CN=c1cnoc(F)c1,-0.2371,val
gdb_36626,C#CCCC1=CCOC1,-0.2301,val
gdb_66772,CC12C3COC1C1C3N12,-0.245,val
gdb_88557,CN1CC1C12CCC1C2,-0.2179,val
gdb_35768,N#CC1OCC2CC1N2,-0.2456,val
gdb_119979,CCCC1C(O)C1CO,-0.2471,val
gdb_34494,C#CC1=CC2(CC1)CO2,-0.2303,val
gdb_42560,O=C1C2C3C(N13)C21CC1,-0.2468,val
gdb_130641,O=C1CCc2ncnn21,-0.2799,val
gdb_38278,C1C2OC1C13CC(C1)C23,-0.2417,val
gdb_68569,CC12C=CC(C1)N=CO2,-0.2416,val
gdb_110121,C#CC1C(CO)C1OC,-0.2377,val
gdb_74505,C#CC12CC1OC(C)=N2,-0.2396,val
gdb_96040,CC1CCCC1NC=O,-0.2449,val
gdb_109942,CCC1C(C)CC12CO2,-0.2534,val
gdb_63663,CC1(C)CC1CCC#N,-0.2735,val
gdb_7597,CC(O)C1(C)OC1C,-0.2516,val
gdb_21441,N=c1onnc(=O)o1,-0.3061,val
gdb_35022,N#CC1C2COC12C#N,-0.2872,val
gdb_9531,COC1(C)CCC1=O,-0.2236,val
gdb_68311,OC12CN(C1)C2C1CN1,-0.2396,val
gdb_114338,CCC1CC2C(O)C2C1,-0.2463,val
gdb_58541,CC(O)C1(C)CCC1=O,-0.2383,val
gdb_60115,CC(C)CC1=NCCO1,-0.2382,val
gdb_89438,CC1CC2(O)CC3C2N13,-0.2324,val
gdb_58028,CC(O)C(C#N)C(N)=O,-0.2614,val
gdb_100344,CC(CO)(CO)NC=O,-0.2563,val
gdb_6579,CC1(O)CC2(C)CC12,-0.2438,val
gdb_133570,FC(F)(F)C1C2COC21,-0.2532,val
gdb_50668,O=CC1OCCC12CC2,-0.236,val
gdb_49856,O=CC1CC(=O)C2OC12,-0.2517,val
gdb_101355,OCC(O)C1NC1CO,-0.2514,val
gdb_10494,N#CCC1(CO)CO1,-0.2796,val
gdb_33745,N#CC12CN(C1)C1CC12,-0.2457,val
gdb_57113,N#CC(O)C1CCCC1,-0.296,val
gdb_58958,CN(C)C12COC1C2O,-0.211,val
gdb_76853,CC1C(C)C2C3CC3C12,-0.2273,val
gdb_14517,COC1(C)C2CC1C2,-0.2478,val
gdb_115092,O=C1NC=CCC1CO,-0.226,val
gdb_25267,O=C1CCc2cncn21,-0.237,val
gdb_23767,N=c1[nH]cncc1F,-0.2217,val
gdb_4936,Nc1cc(CO)c[nH]1,-0.1853,val
gdb_99640,CCC(C#N)C1NC1C,-0.2625,val
gdb_115927,COC1CCC2CN2C1,-0.2161,val
gdb_105037,O=CC(O)C1(CO)CC1,-0.2533,val
gdb_49505,O=CC1C2CC(=O)C1O2,-0.2422,val
gdb_126854,CCn1nnccc1=N,-0.2295,val
gdb_24853,N=c1cccnc(=O)[nH]1,-0.2591,val
gdb_74802,CC1=CC2CC2(O)C1=O,-0.2439,val
gdb_117236,CCOC(=O)C1CN1C,-0.2311,val
gdb_31336,CCc1ccn2c1CC2,-0.1923,val
gdb_112154,CC1=CC(CO)OC1=N,-0.2458,val
gdb_83473,N=COC12CNC1C2O,-0.2394,val
gdb_94640,N#CCCC1CCC1O,-0.2672,val
gdb_123537,c1cc2ncnn2nn1,-0.2766,val
gdb_128660,COc1nn(C)nc1C,-0.2148,val
gdb_47367,C#CC1CCCC(=O)O1,-0.2606,val
gdb_77325,CC1C(=O)COC1C#N,-0.2626,val
gdb_118230,COCC(O)CC(C)C,-0.2566,val
gdb_69366,CC12CC(N3CC3)C1O2,-0.2374,val
gdb_30503,CN=c1[nH]ccn1C=O,-0.1963,val
gdb_76144,CC(=O)N1C(C)C1(C)C,-0.2355,val
gdb_94081,CC1CCC(C=O)OC1,-0.2524,val
gdb_67299,OC12C3CC1C3C21CN1,-0.234,val
gdb_53846,C#CCNC(=N)C(C)=O,-0.2437,val
gdb_85691,CC1NC(C#N)C12CO2,-0.2617,val
gdb_11668,CC1C2CC1(CO)O2,-0.2416,val
gdb_19134,N#CC1(C2CO2)CN1,-0.2735,val
gdb_61144,CC(CC#N)C(=O)C#N,-0.3132,val
gdb_33047,CCOc1c[nH]c(=O)[nH]1,-0.1892,val
gdb_132578,Cc1ncc(F)c(N)n1,-0.2328,val
gdb_80692,O=CC1=NC2C(O)C2N1,-0.2275,val
gdb_19787,CC1C2CC2C2OC12,-0.2537,val
gdb_97418,CN=COC1COC1=O,-0.2588,val
gdb_126369,CCc1nc(CO)n[nH]1,-0.2511,val
gdb_100597,CCN(C)C(=O)NC=N,-0.2399,val
gdb_74647,CC1=CC2C3OC2C13O,-0.2241,val
gdb_29651,Cn1c(N)c(N)[nH]c1=O,-0.1688,val
gdb_119934,CCOC1C(N)C1C#N,-0.2403,val
gdb_38645,C1=CC2CC3OC2CC13,-0.2237,val
gdb_126432,C#Cc1c[nH]nc1CC,-0.2234,val
gdb_36376,N#CCC1OC1C1CN1,-0.2616,val
gdb_76327,CC1N(C)C(=O)C1(C)C,-0.2349,val
gdb_75782,CC1(C=O)CC(=O)C1O,-0.2584,val
gdb_47678,N=C1CCCNC(=O)O1,-0.2638,val
gdb_19978,OC1COC1C1CN1,-0.2528,val
gdb_83053,C#CC12N=CNC1C2C,-0.2274,val
gdb_26159,CC(O)c1cc[nH]c1N,-0.1786,val
gdb_13735,C#CC1NC1C(C)=O,-0.2422,val
gdb_33349,N#CC#CC1CC=CC1,-0.2612,val
gdb_67286,OC12C3OC1C1NC3C12,-0.2221,val
gdb_42779,O=C1C2CC3CCC13N2,-0.2362,val
gdb_104517,C#CCC1(OC)CC1O,-0.231,val
gdb_95131,O=CC12CN1CCC2O,-0.2396,val
gdb_64576,O=CC1(O)C(=O)N2CC21,-0.2583,val
gdb_69196,CC12CC1C(=O)N2C=N,-0.2402,val
gdb_122164,CCCCC1(O)CC1O,-0.2434,val
gdb_95976,CC(=O)N1CCCC1C,-0.2296,val
gdb_115923,COC1CC2NC2CO1,-0.2432,val
gdb_101486,COC(C)C1COCO1,-0.251,val
gdb_26216,CN(C)c1cn(C)cn1,-0.1716,val
gdb_94142,C#CC1(C#N)NCC1N,-0.2504,val
gdb_103695,CC1(CO)CC1(O)C#N,-0.2766,val
gdb_119396,OCCC12C=CC(C1)O2,-0.2364,val
gdb_75370,NC1=NCC2COC1O2,-0.2274,val
gdb_23836,O=c1oncnc1F,-0.2916,val
gdb_67154,CC12C3CN1C(=O)C2O3,-0.2341,val
gdb_32331,COc1c[nH]c(=O)n1C,-0.1865,val
gdb_18887,C1C2OC3CN1CC23,-0.2095,val
gdb_999,Cn1ccnc1O,-0.2013,val
gdb_109811,CCC1C(C)C1CC#N,-0.278,val
gdb_86919,CC1CC(OC=O)C1=O,-0.2552,val
gdb_66730,CC12C3C4C1C2(C=O)N43,-0.2283,val
gdb_42717,O=C1C2C=CC1C1OC21,-0.2476,val
gdb_30338,CC1CCc2cncn21,-0.2098,val
gdb_94477,C#CCN=C1OCC1C,-0.2471,val
gdb_70144,CC12C=CCC=CC1N2,-0.215,val
gdb_23364,NC(=[NH2+])C(=N[O-])C1CN1,-0.1808,val
gdb_71838,CC12CC3N=CN1C32C,-0.2387,val
gdb_129983,N=CNc1noc(N)n1,-0.2257,val
gdb_17375,CC(C)C1CC2OC21,-0.2496,val
gdb_51144,N=COC12CC1NC2=N,-0.2464,val
gdb_75246,CC1=NCC2(CO1)CO2,-0.2436,val
gdb_105799,CCC12C(C)C1C1CN12,-0.2141,val
gdb_102327,C#CC(C#C)(CC)CC,-0.2608,val
gdb_45904,O=C1C=CNCC=CC1,-0.2106,val
gdb_39426,C1OCC2NC2C2NC12,-0.2399,val
gdb_104141,O=C1CCC(O)(CO)C1,-0.2338,val
gdb_669,C1=CC2CC2C1,-0.2245,val
gdb_62236,CC(C#N)NCCC=O,-0.2542,val
gdb_44584,O=C1OC2C1CN1CC21,-0.2462,val
gdb_5681,C1=Cn2ccnc2C1,-0.2137,val
gdb_61587,CC(OC1CC1)C1CN1,-0.2356,val
gdb_129698,Nc1nn[nH]c1N1CC1,-0.2006,val
gdb_125326,Cc1cn(C2CC2)nn1,-0.2401,val
gdb_74608,CC1=NC2C3N=CN1C32,-0.2263,val
gdb_16392,CC1C2CC(O2)C1C,-0.2418,val
gdb_51368,O=CCN1C2C3NC3C21,-0.2129,val
gdb_91985,C#CC1C2OC2CN1C,-0.217,val
gdb_123638,C1c2nnoc2C2NC12,-0.2465,val
gdb_75816,O=C1NC2(COC2)C1O,-0.2537,val
gdb_72399,OC12C=CC(O)(CC1)C2,-0.2439,val
gdb_88533,CC1OC1C12CC(C1)O2,-0.2411,val
gdb_88990,OC1CC1OC1CC1O,-0.2382,val
gdb_87929,CC1OC12COC(=N)C2,-0.2569,val
gdb_22978,OCC(=NO)C1CCC1,-0.2512,val
gdb_125311,CC1=CCn2nncc21,-0.2296,val
gdb_57732,CC(O)(C=O)CCC=O,-0.2516,val
gdb_73784,N=C1OC(=O)C(N)=C1N,-0.2108,val
gdb_133188,Cc1nc(=O)onc1F,-0.2876,val
gdb_3789,CNc1cc[nH]n1,-0.19,val
gdb_15336,CC#CC1OC1CO,-0.2504,val
gdb_114012,COC1CC1CCC=O,-0.2447,val
gdb_75275,CC1=CCC2C1C2(C)O,-0.2111,val
gdb_56122,CC(=N)OCC(=O)C=O,-0.264,val
gdb_46445,N#CC12CCC(=O)C1N2,-0.2553,val
gdb_25126,O=c1cnc(=O)ocn1,-0.2809,val
gdb_16102,N#CC12C=CCN1C2,-0.2493,val
gdb_23890,CCC(O)C(F)(F)F,-0.2903,val
gdb_48800,O=CC12OC1CC21CO1,-0.2569,val
gdb_66728,OC12C3C4C3C1(O)C42O,-0.2078,val
gdb_43827,O=C1CC2(CN2)C2CC12,-0.2352,val
gdb_30165,CC1Cc2occc2N1,-0.1795,val
gdb_43752,N#CCC12CC(=O)C1O2,-0.2622,val
gdb_11618,CC(C)CCN1CC1,-0.2294,val
gdb_13281,CCCOC1COC1,-0.2456,val
gdb_129680,Nc1[nH]nnc1NC=O,-0.2061,val
gdb_124994,Cc1c(O)noc1CN,-0.2389,val
gdb_38962,C1OCC2C1OC1CC12,-0.2336,val
gdb_96279,CC1CCCOC(=O)O1,-0.2679,val
gdb_42604,N=C1OC2C3C(=N)N1C23,-0.2644,val
gdb_96915,CN=C1CC2(CCC2)O1,-0.2431,val
gdb_2258,O=C1NC2CC12O,-0.2401,val
gdb_73935,CC1=C(C2CO2)COC1,-0.2255,val
gdb_120788,C#CCN1CC1CCC,-0.2261,val
gdb_28641,Cc1ccc(C#N)cn1,-0.27,val
gdb_77910,CN1C2C(O)C(O)C21C,-0.2294,val
gdb_94509,C#CC(=O)C1CCC1C,-0.2582,val
gdb_6901,COC1C(O)C1(C)C,-0.2272,val
gdb_71582,CC12CC3C1C=CCN32,-0.2106,val
gdb_2903,O=CC1CC=CC1,-0.2471,val
gdb_39397,C1OC2CC3(C2)CC3O1,-0.2373,val
gdb_50766,O=CC1CCOCOC1,-0.2571,val
gdb_8847,CNC(=O)N(C)C=N,-0.2393,val
gdb_83650,CC1N2CCC2C12CO2,-0.2144,val
gdb_41931,C1=CC2=CCOC2OC1,-0.2276,val
gdb_125826,Cc1nonc(N)c1=N,-0.2401,val
gdb_73172,C#CC1OC2CNC12C,-0.2255,val
gdb_99590,COC(C#N)C(C)C=O,-0.2647,val
gdb_55431,NC(=O)C1OCOC1=O,-0.2618,val
gdb_116490,OCC1COCOC=N1,-0.2521,val
gdb_114106,COC1CC2(C)OCC12,-0.2358,val
gdb_121134,CC1(O)COC1CCO,-0.2451,val
gdb_34488,N#CC1=C2CCC2CC1,-0.2447,val
gdb_96110,CC12CN1CCCC2O,-0.2166,val
gdb_1237,CC(C)C#CC=O,-0.2626,val
gdb_82483,CC1C2CC3(C)CN1C23,-0.1992,val
gdb_89229,OC1CC2(O)C3OC1C32,-0.23,val
gdb_44156,N#CCC1C2OC(=N)C12,-0.2803,val
gdb_116030,CC1C=CCCC1CO,-0.2354,val
gdb_24481,c1nc2cncc-2co1,-0.2157,val
gdb_99666,CCC(C#N)C1CCO1,-0.2597,val
gdb_5911,C#CCC(C)(O)C#N,-0.2802,val
gdb_88078,CC1NC12CCC1OC12,-0.2429,val
gdb_106980,NC1=NCC2(CO)OC12,-0.2331,val
gdb_24999,O=c1oc2c(o1)OCO2,-0.2166,val
gdb_79271,CN1C2C3CC1(C=O)C32,-0.223,val
gdb_126729,CCn1cc(OC)nn1,-0.2181,val
gdb_37935,C1CC2C3OC4C1C4C23,-0.2257,val
gdb_36112,N#CCC12NC1C1CC12,-0.222,val
gdb_54115,CC(=O)C1(O)C2CCC21,-0.2285,val
gdb_72494,CC12CCOC(C1)OC2,-0.2491,val
gdb_22531,CC1(C(CO)=NO)CC1,-0.2495,val
gdb_116228,OCC1COCC12CO2,-0.2545,val
gdb_65552,CC1(C=O)CC2CN1C2,-0.2391,val
gdb_98783,CCC(=O)C1CC=CC1,-0.2374,val
gdb_65025,CC1(C2(C)CCO2)CC1,-0.2429,val
gdb_61836,CC(OC=O)C1OC1C,-0.2766,val
gdb_11570,CCC(O)CC1CO1,-0.26,val
gdb_106319,CCC12CC(O)C1C2C,-0.2417,val
gdb_17817,CC1CC1C1COC1,-0.2409,val
gdb_90143,OC1CC23C=CCC12C3,-0.2164,val
gdb_7498,COCC1(C)CCO1,-0.243,val
gdb_43238,O=C1C=C2C3C1C1C2N31,-0.2314,val
gdb_110585,CCN1C2C3CC2C31C,-0.2069,val
gdb_9357,CCOCC(=O)OC,-0.2608,val
gdb_13622,CCC(C)C1CC1C,-0.2616,val
gdb_57829,CN(C)C(=O)C#CC=O,-0.2585,val
gdb_79598,O=CC12CN1C1C(O)C12,-0.2379,val
gdb_124832,CC(O)Cc1nnon1,-0.2841,val
gdb_65844,C#CC1(C)COC(=O)O1,-0.291,val
gdb_57315,CC(C)(C)C(=O)OC=N,-0.272,val
gdb_110741,CCC1C2OC(=N)C12N,-0.2402,val
gdb_71496,OC12CC3C=CC1C3C2,-0.2277,val
gdb_40494,C1CC1C12CC3OC1C32,-0.2258,val
gdb_35835,C#CC1OCC=C1C#N,-0.2707,val
gdb_66692,OC12C3OC4C3C1C42O,-0.2253,val
gdb_130534,c1cc2cnnoc-2c1,-0.2142,val
gdb_120083,OCCN1C2C3NC2C31,-0.211,val
gdb_110586,CCN1C2C3NC2C31C,-0.2113,val
gdb_29490,Nc1c[nH]c2c1CC=C2,-0.1643,val
gdb_32654,CCn1ccnc1C=O,-0.2398,val
gdb_76237,CC1=CCC2(CO2)C1C,-0.234,val
gdb_124753,CC(O)c1nn[nH]c1N,-0.213,val
gdb_107216,OCC12CC3NC3C1C2,-0.2359,val
gdb_102391,COC(C#N)(CN)CN,-0.2331,val
gdb_5031,O=c1cc[nH]cc1O,-0.203,val
gdb_109960,CCC1C(=NC)OC1C,-0.2439,val
gdb_92878,CC1C=CC(=O)C=CN1,-0.2133,val
gdb_35563,N#CC1OC2CCC=C12,-0.2611,val
gdb_16759,OCC1=CC2NC2C1,-0.2278,val
gdb_19993,N#CC1CC1N1CC1,-0.2522,val
gdb_124461,CC(C)(C)n1ncnn1,-0.2837,val
gdb_114682,OCC1OC2C=CC1C2,-0.2368,val
gdb_39935,C1=CC2(CC2)C2OC2C1,-0.2272,val
gdb_49757,O=CC1C=CC2CCC12,-0.2399,val
gdb_6767,CCCCCC(C)=O,-0.2411,val
gdb_87301,C#CC1(CC#N)NC1C,-0.2551,val
gdb_131885,Cc1ncoc1[N+](=O)[O-],-0.2814,val
gdb_13900,CC(O)C1C(O)C1O,-0.233,val
gdb_37111,C1=CC23OC2(C1)C1CC13,-0.2104,val
gdb_15616,CN=C1OCCC1O,-0.2551,val
gdb_35828,C#CC1=CCCC1C#N,-0.2456,val
gdb_131881,OCCOc1nnon1,-0.2898,val
gdb_60078,CC(O)CC1(C#N)CC1,-0.2697,val
gdb_8380,CC1CC2(C1)CC2C,-0.2504,val
gdb_55200,CC1=NCC(C(N)=O)O1,-0.2427,val
gdb_48067,O=CC(=O)C1(C=O)CN1,-0.2586,val
gdb_16881,O=C1COC2CC2O1,-0.2535,val
gdb_49084,O=CC12OCC3C1CC32,-0.2493,val
gdb_30541,NC=Nc1ncc(N)o1,-0.1729,val
gdb_120642,CCOC1CC1(O)CC,-0.2233,val
gdb_11908,CC1CC2(CC2)CO1,-0.2396,val
gdb_19782,O=C1C2NC2C2OC12,-0.2371,val
gdb_82455,CC1N2CC3(O)C2C13C,-0.2132,val
gdb_17578,CC12CC1(C)C1CC12,-0.2432,val
gdb_47860,O=C1OC=NCCCO1,-0.2711,val
gdb_33607,C#CC12C3C4CC3N1C42,-0.2269,val
gdb_4838,CCc1ncc(N)o1,-0.1958,val
gdb_8722,N#CC(=O)C(=O)C=O,-0.2829,val
gdb_27273,Oc1[nH]cc2c1COC2,-0.1864,val
gdb_82801,CC1C2C3CC(CN12)O3,-0.213,val
gdb_50111,N#CCCC1NC1C=O,-0.2619,val
gdb_27889,Cc1cc(O)nc(C)n1,-0.2486,val
gdb_16015,C1=CC2(COC1)CO2,-0.2438,val
gdb_16489,CC1C2CC3C2C13O,-0.2367,val
gdb_96199,CC1=CCOCC(C)C1,-0.2304,val
gdb_1342,COC1CC1(C)O,-0.2352,val
gdb_10390,CCC1(CC)CCO1,-0.2398,val
gdb_24028,C#CCc1cncnc1,-0.2511,val
gdb_110578,CCC1C2C3CC2C13C,-0.2743,val
gdb_93592,CC1CC=C(C#N)CC1,-0.2586,val
gdb_100960,CC1(C(O)CO)CC1O,-0.2509,val
gdb_133040,CNc1ccc(F)cc1,-0.1915,val
gdb_51097,O=COC12CCN(C1)C2,-0.2432,val
gdb_9190,CNC(=O)OCC#N,-0.2707,val
gdb_71034,CC12OC34COC(C13)C24,-0.2324,val
gdb_24705,c1cnc2c(c1)OCO2,-0.2154,val
gdb_60877,C#CC1(C(O)C=O)CN1,-0.253,val
gdb_9778,OCC1(O)CCOC1,-0.2436,val
gdb_67694,CC12C3COC1C2C3=O,-0.2391,val
gdb_44188,N#CC1CC2C(=O)NC12,-0.2658,val
gdb_127680,Cn1nc[nH]c(=O)c1=N,-0.2164,val
gdb_52829,CC#CC1(N)COC1=N,-0.2472,val
gdb_50754,O=CC1C=CCCOC1,-0.2332,val
gdb_125741,Cc1noc(=O)oc1=N,-0.3013,val
gdb_22711,C#CC12CC(=NO)C1C2,-0.2323,val
gdb_50071,O=CC(=O)C1OC1C=O,-0.2686,val
gdb_58510,CC(C)C1(O)CC2CC21,-0.2417,val
gdb_69070,CC12C=CCC1(C#N)N2,-0.252,val
gdb_499,C#CCOC=O,-0.2819,val
gdb_50533,O=CC1COC1C1CN1,-0.2514,val
gdb_63309,CC1(C)NC(=O)C2CC21,-0.2349,val
gdb_3207,CC1C(=O)C2CN12,-0.242,val
gdb_9661,CC1(C=O)OC1CO,-0.2606,val
gdb_125134,Cc1[nH]nnc1OC=O,-0.2519,val
gdb_11307,CC1OCC(C=O)O1,-0.2514,val
gdb_58452,CC(O)C1(C)CC(=O)C1,-0.2393,val
gdb_114296,C#CC1C2C(OC)CN12,-0.2341,val
gdb_9316,C#CC(=O)COCC,-0.2653,val
gdb_67885,OC12C=CCC3C1CC32,-0.2311,val
gdb_44348,O=C1C=C2CN3C(C1)C23,-0.2356,val
gdb_76478,CC1C(O)C12CC(=O)N2,-0.2358,val
gdb_91836,C#CC12CC(C)CC1O2,-0.2514,val
gdb_69346,CC1(C#N)OC2(C)CC12,-0.2571,val
gdb_109747,CN1C(CO)C1C(N)=O,-0.2265,val
gdb_38854,C1OC2OC1CC1OC12,-0.2538,val
gdb_44242,N=C1NC2C(=O)COC12,-0.2386,val
gdb_121797,C#CC(C)(O)CCCO,-0.2631,val
gdb_57604,C#CCC(C)(C)C1CO1,-0.2611,val
gdb_54268,CC1(C(N)=O)COCO1,-0.2402,val
gdb_33055,COCc1c[nH]c(=O)o1,-0.2119,val
gdb_4766,Cc1c[nH]c(CO)c1,-0.1986,val
gdb_109820,C#CCC1C(CO)N1C,-0.223,val
gdb_79252,CC12CC3C(C1)C3C2O,-0.249,val
gdb_107657,CCC12CC1CCCO2,-0.2211,val
gdb_60623,CC(=O)C(O)C1NC1C,-0.2504,val
gdb_100585,CCC(C)C(=O)CC=O,-0.2478,val
gdb_22880,CC1C(=NO)C=CC1O,-0.2315,val
gdb_115493,OCC1=NC(CO)CN1,-0.233,val
gdb_70857,CC12C=CC3C1C3(C)C2,-0.2142,val
gdb_24164,c1nc(OC2CC2)c[nH]1,-0.1954,val
gdb_85047,CC1CC(=O)C(C)C1O,-0.2336,val
gdb_123710,C1C2Oc3n[nH]nc3C12,-0.2275,val
gdb_32697,CCN=c1[nH]cc(C)o1,-0.1818,val
gdb_127690,Cn1nnc(=N)cc1O,-0.2122,val
gdb_115705,CC(C)C1COC1CO,-0.2442,val
gdb_108880,C#CC1C=C(CC)CC1,-0.2339,val
gdb_60369,CC(C)COC(C)C=O,-0.2534,val
gdb_121955,CC(CC#N)OCCO,-0.2684,val
gdb_588,CCCC1CC1,-0.2707,val
gdb_13111,CCCC1OCC1=O,-0.2554,val
gdb_130194,Nc1n[nH]c2ncnn12,-0.2189,val
gdb_38057,C1=CC23CCCC2C1O3,-0.2312,val
gdb_15950,OCC12COC1CO2,-0.253,val
gdb_91404,CC1CC2C=CC(O1)O2,-0.2509,val
gdb_129828,Nc1cc(=O)c(O)n[nH]1,-0.2148,val
gdb_131605,OCC(O)c1ccno1,-0.2611,val
gdb_54053,CC(=O)N(C=N)CC#N,-0.2753,val
gdb_86057,CC1=C(C)C(=O)N(C)C1,-0.2305,val
gdb_107211,COC12CC3OC3C1C2,-0.249,val
gdb_131920,O=[N+]([O-])c1ccccn1,-0.2821,val
gdb_26109,CC(N)=Nc1ncco1,-0.1983,val
gdb_12654,CC1OCC(=O)C1=O,-0.2373,val
gdb_56179,CC1(COC(N)=O)CN1,-0.2478,val
gdb_33471,N#CC1(C2CCO2)CO1,-0.269,val
gdb_94422,O=C1CNC12CCC2O,-0.2333,val
gdb_19434,C1CC2(CN2)C2CN12,-0.2296,val
gdb_44626,O=C1OC2C3CCC2C13,-0.2617,val
gdb_119384,COCC12CC(N1)C2O,-0.2457,val
gdb_106940,O=C1CNC2(CO)CC12,-0.2392,val
gdb_19102,O=C1C2C3C1C1C2C31,-0.225,val
gdb_5994,CCOC(C)(C)CC,-0.244,val
gdb_7861,CC(=O)CC1CN1C,-0.2215,val
gdb_110919,COC1C2OC(C=O)C12,-0.2417,val
gdb_62433,CC1(C#N)C2C=CCC21,-0.2466,val
gdb_98231,CN(C(N)=O)C(=O)CN,-0.2507,val
gdb_74573,CC1=CC2C(=N)OC2C1,-0.2431,val
gdb_14224,CC12CC3C(O)C1N32,-0.2427,val
gdb_90215,OC1CC23CC4N2CC143,-0.2016,val
gdb_102587,CCC(CO)C1CCC1,-0.2611,val
gdb_102746,C#CC(CO)OC1CC1,-0.2518,val
gdb_54192,CC(=O)C1(O)CC2OC21,-0.2555,val
gdb_125554,Cc1nc2[nH]cnn2n1,-0.2422,val
gdb_39537,C1=CC23CN=CN2C3C1,-0.2337,val
gdb_124252,CC(=O)c1onnc1O,-0.264,val
gdb_36537,N#CCN=C1CC2CN12,-0.2523,val
gdb_34132,C#CC12CC3C1C=CC32,-0.2243,val
gdb_30259,Oc1ccn2c1C(O)C2,-0.1933,val
gdb_13620,CC1NC1C(O)CO,-0.2412,val
gdb_52604,CC#CC(C)(C)C(C)=O,-0.235,val
gdb_34045,N#CC12COCOC1C2,-0.2764,val
gdb_56878,N#CC(O)C1CC(=O)C1,-0.2581,val
gdb_21522,Nc1[nH]ncc1CO,-0.2007,val
gdb_86415,CC1CC(O)C2CC1O2,-0.241,val
gdb_84597,OC1C=CC2CC1(O)C2,-0.2462,val
gdb_14489,C#CC1(C)C2CC1C2,-0.2515,val
gdb_111923,CCC1N=C(N)OC1C,-0.2187,val
gdb_119929,CCCN1C(C)C1C#N,-0.2452,val
gdb_25844,NC(=O)c1ccncc1,-0.2569,val
gdb_46133,C#CC1CCC(=N)OC1,-0.2595,val
gdb_120790,CCCC1NC1CC#N,-0.2624,val
gdb_41954,C1CC2COCC(O1)O2,-0.2328,val
gdb_77876,CC1C2C(O)C(=O)C12O,-0.2266,val
gdb_75900,CC1C(=O)OCC1(C)O,-0.2601,val
gdb_126611,CCCn1ccc(N)n1,-0.194,val
gdb_45164,O=C1CC2OC3C(O2)C13,-0.2454,val
gdb_1775,N#CC1(O)CC1O,-0.2695,val
gdb_89569,OC1CC2(CN=CO2)C1,-0.2457,val
gdb_78402,CC1C2C3CC(=O)N3C12,-0.2369,val
gdb_46113,C#CCC1CCC(=O)N1,-0.2393,val
gdb_21128,CN=c1nn[nH]nn1,-0.2448,val
gdb_69913,CC12OC1C1CC2C1=O,-0.2485,val
gdb_65661,CC1(CC=O)C2CC1C2,-0.2459,val
gdb_87305,C#CC1(CC#N)OC1C,-0.2758,val
gdb_93992,CN1CCN(C=O)C1=O,-0.2462,val
gdb_88713,CC1OC1C1OC1C#N,-0.2827,val
gdb_133884,C1C2C3C2C2N4CC12C34,-0.2122,val
gdb_30981,COc1[nH]c(=O)oc1N,-0.1992,val
gdb_15154,CC#CCCN1CC1,-0.2337,val
gdb_53040,CC#CC12CCN1C2C,-0.217,val
gdb_111525,CCN1C2CC3(CN3)C21,-0.2238,val
gdb_57775,CC(C)C#CC1(O)CC1,-0.2276,val
gdb_7106,CCCC(=N)OC=O,-0.2872,val
gdb_20068,C1OCC(C2CC2)O1,-0.2492,val
gdb_73796,CC1=C(N)COCC1=O,-0.2155,val
gdb_58682,CC(O)C1(C=O)NC1C,-0.2546,val
gdb_113730,CCC1OC1C(C)C#N,-0.2747,val
gdb_235,C#CCC(C)=O,-0.246,val
gdb_88594,CC1CC1C1C(C)N1C,-0.2066,val
gdb_63835,CC1(C)CC2OC(=O)C21,-0.2689,val
gdb_118889,COCC1(O)CC2CC21,-0.2399,val
gdb_90110,CC1CC23C=CC(O2)C13,-0.2259,val
gdb_55331,N#CC1CNC1C(N)=O,-0.243,val
gdb_62466,N#CC1(O)C2OCOC21,-0.2592,val
gdb_31784,CNc1cnc(O)n1C,-0.1887,val
gdb_28031,N#CCc1c[nH]c(O)c1,-0.199,val
gdb_29769,Cc1cn(C)c(N)c1C,-0.182,val
gdb_20636,C#Cc1cc(C)[nH]n1,-0.2271,val
gdb_126814,CCn1ncccc1=N,-0.2041,val
gdb_51237,O=CCC12CNC1CO2,-0.2311,val
gdb_115287,COC1CCC(C)(O)C1,-0.2434,val
gdb_124770,CC(O)c1cnncn1,-0.2494,val
gdb_101791,CCC(O)COC(C)=O,-0.2695,val
gdb_94789,CC1OCC2(CN2)C1=O,-0.236,val
gdb_63247,CC1(O)C=CCOC1=O,-0.2624,val
gdb_6534,CCC1(C)CC1(C)O,-0.2446,val
gdb_14530,OC1(C2CCO2)CC1,-0.2383,val
gdb_117242,COCC(=O)C1CC1O,-0.2427,val
gdb_111499,CCC1C(O)CN2CC12,-0.2203,val
gdb_124070,c1nnoc1C1COC1,-0.2643,val
gdb_24654,c1ccc(C2CN2)cc1,-0.2293,val
gdb_74094,CC1=CC(=O)C2NC12C,-0.2276,val
gdb_93009,CC1CC2(CC2)N=CO1,-0.2303,val
gdb_27288,Oc1ccn2c1CCC2,-0.1765,val
gdb_117121,C#CC(O)C(=O)COC,-0.2613,val
gdb_108780,O=C1C=C(CO)NCC1,-0.2116,val
gdb_114585,C#CC12CC1CC2CO,-0.2302,val
gdb_64298,C#CC1=CCOC1(C)C,-0.2285,val
gdb_20029,OCC1CC1C1CC1,-0.2483,val
gdb_103755,CCC1(O)CC1(C)OC,-0.2293,val
gdb_20658,Cc1cnc(N)nn1,-0.2229,val
gdb_70757,OC12CCOCCC1C2,-0.2352,val
gdb_21331,N#CCc1cn[nH]c1,-0.255,val
gdb_64088,CC1(C)CCC(=O)OC1,-0.2568,val
gdb_8341,C#CCC12CN(C1)C2,-0.2283,val
gdb_9461,C#CC1(O)COC1=O,-0.2664,val
gdb_5068,Cc1c(N)c[nH]c1N,-0.1692,val
gdb_27305,Cc1c[nH]c(O)nc1=O,-0.2327,val
gdb_48045,C#CCOCC#CC=O,-0.2707,val
gdb_25482,N=CNc1ccncn1,-0.2396,val
gdb_2944,CCC1CCOC1,-0.2377,val
gdb_77861,C#CC1C2C(C)C(C)N12,-0.2257,val
gdb_102882,C#CCCC(C#N)CC,-0.2678,val
gdb_62415,C#CC1(N)C(=O)N2CC21,-0.2459,val
gdb_126331,CCc1c[nH]nc1CC,-0.2282,val
gdb_122176,COCCC1(C)CC1O,-0.247,val
gdb_105837,CCC12C(=O)CN1C2C,-0.2368,val
gdb_56348,N#CC(N)=NC1CCC1,-0.2557,val
gdb_132109,N=c1ncc(F)c(N)o1,-0.2083,val
gdb_110738,CCC1C2NC(=O)C12C,-0.2389,val
gdb_34395,C#CC12CCC1OCO2,-0.2526,val
gdb_105595,CCC1(C=O)COC1=N,-0.2612,val
gdb_54204,NC(=O)C1(O)CN2CC21,-0.2358,val
gdb_92344,CC1CC2CCC(C2)O1,-0.2365,val
gdb_82887,CC1C2CC3CC2C31C,-0.2585,val
gdb_57824,CC(O)C(=O)C#CC#N,-0.2893,val
gdb_82762,CC1C2CC3C1CCC23,-0.2752,val
gdb_83671,CN1C(C#N)C2NCC21,-0.2295,val
gdb_129128,N=c1ncnn[nH]c1=O,-0.2694,val
gdb_47511,O=C1NC2(CCO1)CC2,-0.2376,val
gdb_43824,O=C1CC2(CC2)C2NC12,-0.2291,val
gdb_73769,CC1=C(N)C2NC2C1=O,-0.2115,val
gdb_11468,CCC1CCC(C)O1,-0.2459,val
gdb_41302,C1OC2C3C4CC12C3O4,-0.2399,val
gdb_42890,O=C1C2CCOCC1O2,-0.2534,val
gdb_8160,OC1CC2CC2(O)C1,-0.2372,val
gdb_57150,CC(C#CC=O)C1CN1,-0.25,val
gdb_38601,C1C2OC2C2C3CC2C13,-0.2581,val
gdb_94206,CC1OCC1(O)C1CO1,-0.2544,val
gdb_124299,CC(=O)Cc1cnno1,-0.2695,val
gdb_52211,N#CC1CC1COC=O,-0.2874,val
gdb_79130,CC1=C2C(O)C3C(C1)C23,-0.2032,val
gdb_1315,CC1CCC1(C)C,-0.2775,val
gdb_38531,C1=C2CC3NC3C2OC1,-0.2277,val
gdb_4935,COc1coc(N)n1,-0.1888,val
gdb_63758,C#CC1C2CC(C)(C)C12,-0.2423,val
gdb_19732,C1OC2CN3CC2C13,-0.222,val
gdb_3722,CCc1cc[nH]n1,-0.2393,val
gdb_99156,COC(=O)NC1CC1O,-0.2315,val
gdb_105637,C#CC1(CC)OCC1O,-0.2488,val
gdb_82814,CC12CN3CC(C1O)C32,-0.2013,val
gdb_97162,CN=C1COC2CC2O1,-0.2399,val
gdb_39711,C1=CC2C3C1C3C21CC1,-0.2175,val
gdb_62886,CC1(C)C2OC1C21CO1,-0.2437,val
gdb_6084,CC(C)C#CC(C)C,-0.2397,val
gdb_37350,C1=CC2OC(C1)C1NC21,-0.2351,val
gdb_40268,C1=NCC2(CCO1)CO2,-0.2412,val
gdb_128028,CN=CNc1nc[nH]n1,-0.2102,val
gdb_636,CC(C)N1CC1,-0.2299,val
gdb_125375,Cc1c[nH]nc1C1CC1,-0.2185,val
gdb_104212,CCC1(C)CCC12CO2,-0.2522,val
gdb_126487,CCc1nonc1C=O,-0.2808,val
gdb_72836,O=C1OCC2(O)CCC12,-0.2622,val
gdb_22042,CC(C)(C)C(CO)=NO,-0.2492,val
gdb_13700,CCC#CC1CC1C,-0.2241,val
gdb_55977,CC(=O)NC1COC1=N,-0.2557,val
gdb_29553,Cc1c[nH]cc(C)c1=O,-0.2071,val
gdb_17058,CCC1C2OC1C2C,-0.2337,val
gdb_77287,O=CNC1C(O)C1C=O,-0.2462,val
gdb_40949,C1=CC2(CCC1)CCO2,-0.2345,val
gdb_127748,C#Cc1c(O)nnn1C,-0.2241,val
gdb_20821,CCc1c[nH]nc1C,-0.2273,val
gdb_1481,CC(CO)OC=N,-0.2637,val
gdb_20457,c1nonc1C1CN1,-0.2735,val
gdb_113863,OCC1CN1C1CCC1,-0.216,val
gdb_77981,CN1C2C(O)C=CC21C,-0.2185,val
gdb_34005,C#CC12CC1COC=N2,-0.2312,val
gdb_34465,N#CC12COC3CN1C32,-0.2627,val
gdb_132486,Cc1cc(N)ccc1F,-0.1957,val
gdb_101675,CCC(C)CC(O)CO,-0.2554,val
gdb_116786,COC=NCC1CN1C,-0.2291,val
gdb_14035,C1=NCC2(CCC2)O1,-0.2435,val
gdb_92604,CN1CC2OCCC21C,-0.2069,val
gdb_121761,COCC(=O)NCCO,-0.241,val
gdb_90845,OC1CN2C3C4CC13C42,-0.2144,val
gdb_89217,CC12CC(O)C3CC1C32,-0.2453,val
gdb_1825,N=C1CCC(=O)O1,-0.2786,val
gdb_63035,CC1(O)C2CC3(CC3)C21,-0.2386,val
gdb_19078,CC1C2C1N1C(C)C21,-0.2109,val
gdb_126187,CCc1onc(N)c1C,-0.224,val
gdb_33633,N#CC12C3=CCC1C2C3,-0.2345,val
gdb_46224,N#CC1NC12COC2=N,-0.2796,val
gdb_2321,CC1CC1OC=O,-0.2743,val
gdb_11047,CC12C=CC(C=C1)C2,-0.218,val
gdb_73415,CC12COC3C4C(C31)C42,-0.2342,val
gdb_7937,CN1CC(=N)NC1=O,-0.2414,val
gdb_47729,O=C1CCOCC12CN2,-0.256,val
gdb_15751,N=COC(=O)C1CO1,-0.2798,val
gdb_74945,CC1=CC2OC=NC2C1,-0.2439,val
gdb_8873,CCN(C)C(=O)C=O,-0.2487,val
gdb_46894,O=C1C=CC2OC2CO1,-0.2642,val
gdb_31621,COc1cc(O)cn1C,-0.1677,val
gdb_58696,CC(C)C1(C#N)CCC1,-0.2994,val
gdb_110419,CCN1C2CC3(C)C2C13,-0.2004,val
gdb_117829,CCC(C)(CC)COC,-0.2512,val
gdb_38309,C1C2CC1C1OCC2O1,-0.2517,val
gdb_77126,CC(=O)C1CC(=O)C1O,-0.24,val
gdb_3586,C1C2CC2C2CC12,-0.2409,val
gdb_97831,CCC#CC1NCC1=O,-0.2347,val
gdb_119729,CCCC12CCC1OC2,-0.2375,val
gdb_91722,CC1OC2CC1NC2=O,-0.2298,val
gdb_21205,CNc1cc(C)[nH]n1,-0.1858,val
gdb_114681,OCC1CC2C=CC1O2,-0.2437,val
gdb_32955,COCc1ncc(C)[nH]1,-0.2047,val
gdb_65975,O=CC1(O)COC12CC2,-0.2414,val
gdb_50362,O=CC1CC2OCC2O1,-0.246,val
gdb_14782,O=CCCCCCO,-0.2486,val
gdb_89213,N=C1NC2C(O)CC12O,-0.2445,val
gdb_74199,NC1=CC(=O)OC=NC1,-0.2311,val
gdb_105990,CCC12C3C4C3C1(C)N42,-0.2061,val
gdb_119736,COCC12CNC1CO2,-0.2212,val
gdb_53942,CC(N)(C(N)=O)C(N)=O,-0.2397,val
gdb_44236,O=C1NC2C1OC21CC1,-0.2361,val
gdb_76048,CC1C(C#N)C12CCC2,-0.2731,val
gdb_116367,CCC1OC=NCCO1,-0.2441,val
gdb_109625,CNC1C(N)C1(N)C#N,-0.2259,val
gdb_118204,COCC(C)NC(C)=O,-0.2361,val
gdb_31225,CCc1nc[nH]c1CC,-0.2066,val
gdb_101812,CC(C)OCC(O)CO,-0.2564,val
gdb_40840,C1OCC(C2CO2)CO1,-0.2605,val
gdb_105379,OCC1(CC2CO2)CO1,-0.2669,val
gdb_60183,CC(C)CC1OC1C#N,-0.2961,val
gdb_115308,CCC1CCC(O)C1=O,-0.2478,val
gdb_6118,CC1C(=O)CC1(C)O,-0.2354,val
gdb_133430,N=c1[nH]nc(F)c(=O)[nH]1,-0.2477,val
gdb_29746,Cn1c(N)cnc1C=O,-0.2144,val
gdb_83423,CC1C2COC12C1CO1,-0.2347,val
gdb_56284,C#CCCCCC(C)=O,-0.245,val
gdb_35441,C#CC12NC1CC2C#N,-0.2449,val
gdb_108036,COC12CC3C=CC1C32,-0.2089,val
gdb_6878,CC1C(C#N)C1(C)C,-0.2758,val
gdb_86371,CN1CC(O)C1CC=O,-0.2315,val
gdb_54853,NC(=O)C1C2CCOC21,-0.2358,val
gdb_20546,CC(C)c1cn[nH]n1,-0.2574,val
gdb_55152,CC(=O)C1CC2OC2C1,-0.2389,val
gdb_129334,N=CNc1nccnn1,-0.228,val
gdb_47517,N=C1OCCN2CC1C2,-0.2166,val
gdb_46502,N=C1COC2(CC2)CO1,-0.2532,val
gdb_55150,CC(=O)C1CC2CN2C1,-0.2297,val
gdb_8492,CC1(C)C2CC1(O)C2,-0.2553,val
gdb_74740,CC1=CC2CC1C(=O)N2,-0.226,val
gdb_114211,COC1CC2(CN2)C1O,-0.2416,val
gdb_26287,CN(C)c1cncnc1,-0.2083,val
gdb_112667,CCC1CC(O)C(=O)N1,-0.2484,val
gdb_79290,CC1C2CC3C1N3C2C,-0.232,val
gdb_71915,CC12CC3CC(C1=O)N32,-0.2431,val
gdb_40583,C1OC1C1C2OC3C2C31,-0.2383,val
gdb_114435,COC1CN2C3CC1C32,-0.2271,val
gdb_91607,CN1CC2CC1C(=N)O2,-0.2158,val
gdb_118526,CCCN(CC)CC#N,-0.2267,val
gdb_110820,N#CC1NC2C(CO)C12,-0.2427,val
gdb_121098,COCC1C=C(C)CO1,-0.2271,val
gdb_93974,CC1CC=C(C=O)CO1,-0.2492,val
gdb_45684,N=C1CN=C2OCC2O1,-0.261,val
gdb_50946,C#CCC(C#N)OC=N,-0.2855,val
gdb_51527,N#CC1CN(CC=O)C1,-0.2519,val
gdb_55477,O=C([O-])C1CC[NH2+]CC1,-0.1526,val
gdb_50603,N#CC1=CCCC1C=O,-0.2562,val
gdb_41859,C1=CC2C3CCC(C1)C23,-0.2239,val
gdb_69126,CC12CC1C(=O)C(=N)N2,-0.2349,val
gdb_97413,CN=COC1CC=CC1,-0.243,val
gdb_106315,CC1CC2(CO)C(C)N12,-0.2285,val
gdb_58891,CC(C)C12CCOC1C2,-0.2235,val
gdb_2212,CC12CCC1CO2,-0.2366,val
gdb_80310,CC1C2C=C(C#N)CN12,-0.2368,val
gdb_60918,O=CC(O)C1=CCOC1,-0.2375,val
gdb_92253,OC1CC2CC3COC132,-0.2301,val
gdb_101978,N#CC(C=O)(C=O)CO,-0.2899,val
gdb_83836,CC1C2CCOC(=O)N12,-0.2555,val
gdb_92483,CC1OC2COC1OC2,-0.2501,val
gdb_94921,N#CC1C2OCC(O)C12,-0.2598,val
gdb_6302,CC(C#N)CC(N)=O,-0.2667,val
gdb_55378,CC(=O)C1OCC=C1C,-0.2219,val
gdb_79746,CC1C2C3OC3CC12C,-0.2459,val
gdb_133789,CCOC(=N)C(F)(F)F,-0.2865,val
gdb_103519,OCC1(O)C=CC2NC21,-0.2346,val
gdb_117354,COCC(=O)NC(C)C,-0.2335,val
gdb_125438,Cc1nc(CC#N)no1,-0.2996,val
gdb_114617,CCC12NC1CC2OC,-0.2217,val
gdb_81202,CC1N2CC13CC(=O)C23,-0.2254,val
gdb_46717,O=C1CNC2C3CC2C13,-0.2243,val
gdb_38512,C1=C2CC3CC1C1C2C31,-0.2,val
gdb_30000,Cn1ccc2nc[nH]c21,-0.186,val
gdb_6555,CN1CC1C(C)(C)O,-0.2198,val
gdb_72005,CC12OC3CC1(C=O)C32,-0.2391,val
gdb_15022,C#CC(C#N)C1CN1,-0.2629,val
gdb_70630,OC12CC1OCC21CN1,-0.2302,val
gdb_95054,CN1CCC2OC(=N)C21,-0.223,val
gdb_70220,O=C1NCC2(O)CC2N1,-0.2328,val
gdb_46415,N#CCCN1CCC1=O,-0.2608,val
gdb_28902,Cc1cncc(C)c1C,-0.2403,val
gdb_45148,O=C1CC2OC3(CC3)C12,-0.2378,val
gdb_21224,CNc1nocc1C,-0.217,val
gdb_129109,N=C1Cc2[nH]ncc2O1,-0.2223,val
gdb_94149,C#CC1(C#C)NCC1O,-0.2419,val
gdb_128561,COc1cnoc(=N)c1,-0.23,val
gdb_17064,COC1C2NC1C2O,-0.2366,val
gdb_101465,OCC(O)C1C=CCC1,-0.2488,val
gdb_33495,C#CC1(CC2CC2)CN1,-0.2372,val
gdb_95696,CC1CCOC(=O)CO1,-0.2522,val
gdb_131727,N#Cc1cc(CO)n[nH]1,-0.2615,val
gdb_11719,CC1CC2(C=O)CC12,-0.2429,val
gdb_51171,O=CCC12CCCC1C2,-0.2413,val
gdb_2677,CCC#CCCO,-0.2419,val
gdb_82150,N=COC1C(O)C2CC21,-0.2504,val
gdb_47936,O=C1COCCCCO1,-0.2476,val
gdb_43606,N#CC1(C#N)CC(=N)O1,-0.3159,val
gdb_113817,CCC1CC1N1CC1C,-0.2212,val
gdb_94601,NC(=O)CC1OCC1O,-0.2328,val
gdb_118148,CCCC(O)C1CCC1,-0.2546,val
gdb_95069,CC1OCC2CC(C2)O1,-0.2476,val
gdb_62458,N#CC1(N)C2OCOC21,-0.2506,val
gdb_62771,CC1(O)C2OC(=N)OC21,-0.2494,val
gdb_20883,CCCn1ccnn1,-0.2544,val
gdb_66498,OC12C3C4=CC1N(C4)C32,-0.1958,val
gdb_58811,CC1OC2(C(C)O)CC12,-0.2314,val
gdb_58615,CC(=O)C1(C(C)O)CC1,-0.2422,val
gdb_8596,CC1CC23CN(C2)C13,-0.2052,val
gdb_108331,CCC12CCC1C1OC12,-0.2502,val
gdb_90290,O=C1C=C2CC(O)C2N1,-0.2389,val
gdb_101666,COC(C)CN(C)C=O,-0.2351,val
gdb_93024,CC1OC=NC2CC21C,-0.2291,val
gdb_52580,C#CC(C#CC)C(C)C,-0.2462,val
gdb_46962,O=C1CCC2CC=CC12,-0.2237,val
gdb_113881,CC(=O)CC1NC1CO,-0.2441,val
gdb_7230,CC(=O)C(=N)OC=O,-0.2832,val
gdb_97044,CN=C1CNC(=O)CO1,-0.2479,val
gdb_53369,CC#CC1OCC(=N)O1,-0.2624,val
gdb_77330,C#CC1COC(=N)N1C,-0.2265,val
gdb_22529,C#CC(=NO)C1(C)CC1,-0.2376,val
gdb_77611,CC12CNC1(C#N)C2O,-0.2406,val
gdb_53222,CC#CC1C=CC(=N)O1,-0.2501,val
gdb_20839,CCc1nnn(C)n1,-0.2745,val
gdb_122222,CCOCC1(OC)CC1,-0.2457,val
gdb_100619,C#CC(C#C)C(O)CC,-0.2549,val
gdb_75544,CC1=CCCCC12CN2,-0.2168,val
gdb_82831,CC12C3CC1C(O)C2C3,-0.2462,val
gdb_53576,CC#CCC1CC(C)C1,-0.2383,val
gdb_84630,O=C1C2C=CC(O)C1O2,-0.247,val
gdb_46922,O=C1NCC2CC2CN1,-0.2323,val
gdb_765,Nc1ncno1,-0.2475,val
gdb_66629,OC12C3CC1C1C3C12O,-0.2227,val
gdb_92807,OC1CC=C2C3NC3C21,-0.2334,val
gdb_21077,C#Cc1ccnn1C,-0.2303,val
gdb_13183,CC(C=O)C1COC1,-0.249,val
gdb_90447,CC1OC2C1=CCC2O,-0.2347,val
gdb_81121,C#CC12C=CC(O1)C2O,-0.2547,val
gdb_94923,CC1CCC2C(C=O)N12,-0.24,val
gdb_80090,O=C1NC=CC2C(O)C12,-0.2213,val
gdb_79257,CC1C2C3CC1(C)CN32,-0.2301,val
gdb_109916,CCC1C(O)C=CC1O,-0.2613,val
gdb_120120,CCOC1C2OC(=O)C12,-0.2659,val
gdb_97087,CN=C1COC(C=O)O1,-0.2559,val
gdb_58723,CC(C)C12C3C4C1N4C32,-0.2089,val
gdb_70807,CC12CC3(O)C(=O)N1C32,-0.2458,val
gdb_96750,CN=C(C=O)NCC#N,-0.2498,val
gdb_87006,CN1CC(OCC=O)C1,-0.2212,val
gdb_58451,CC(O)C1(C)CC(=N)O1,-0.2622,val
gdb_10212,CCOC(C=O)CC,-0.2421,val
gdb_105428,CCC1(C#N)CC=CC1,-0.2552,val
gdb_78830,N#CC1C2C(O)C3C2N13,-0.2584,val
gdb_10422,N#CC1(CO)CCN1,-0.2473,val
gdb_568,OCC1CCC1,-0.2613,val
gdb_73003,O=CC1(O)C2OCC21O,-0.2432,val
gdb_42321,N#CC(=O)C1CCCO1,-0.2692,val
gdb_90733,CC1CC2C(=O)CCC12,-0.2296,val
gdb_27506,N=c1nc(N)oc(=O)[nH]1,-0.2474,val
gdb_125639,Cc1n[nH]c2c1C=CC2,-0.2007,val
gdb_30941,CCc1[nH]c(=O)oc1C,-0.2045,val
gdb_124647,CC(C)Oc1c[nH]nn1,-0.2208,val
gdb_46957,O=C1OCC2OC3C1C23,-0.2517,val
gdb_22674,COC1CC(=NO)CO1,-0.2467,val
gdb_61043,O=CC(O)C1CCC1=O,-0.2536,val
gdb_38284,C1OCC2=C1C1CC2O1,-0.2213,val
gdb_43242,O=C1C=C2C=CC3C1C23,-0.2237,val
gdb_126253,CCc1nn[nH]c1C#N,-0.2757,val
gdb_131071,O=COc1ncnnn1,-0.2776,val
gdb_124536,Cc1cc(C(C)C)n[nH]1,-0.228,val
gdb_59419,CC(O)C1OC1(C)C=O,-0.256,val
gdb_72560,CC12CCC(OC1=N)O2,-0.2616,val
gdb_92735,CC1=CCC(C)C(=O)C1,-0.2331,val
gdb_14180,CC1(O)C2OCOC21,-0.2381,val
gdb_24372,C1=Cc2occc2OC1,-0.1869,val
gdb_122199,COCCC1(C)CCC1,-0.2495,val
gdb_96025,C#CCC1OCCC1C,-0.2465,val
gdb_48409,O=CC1(OC2CC2)CC1,-0.2434,val
gdb_27820,Cc1nc(N)cc(=O)o1,-0.2253,val
gdb_122235,C#CC1(CCCC)CC1,-0.2394,val
gdb_36751,C#CCN=COCC#C,-0.2554,val
gdb_117855,CCOC(N)=NCC#N,-0.2504,val
gdb_133689,CC(CC=O)C(F)(F)F,-0.2635,val
gdb_122180,COCCC1(O)CC1O,-0.2201,val
gdb_96661,CN=C(C)NC(=O)C=O,-0.2544,val
gdb_99751,CC(=O)C(CO)N(C)C,-0.2127,val
gdb_95667,CC1C=CC(=O)OCO1,-0.2666,val
gdb_23037,CC(=NO)C1C=CCO1,-0.239,val
gdb_121269,COCC1CCC2OC12,-0.2519,val
gdb_8861,CCN(C)C(=N)C#N,-0.237,val
gdb_29397,Cc1c[nH]c(OC=N)c1,-0.1999,val
gdb_95824,CC1CCC(O)CCO1,-0.2441,val
gdb_95262,CC1OCC2OC3C1C23,-0.2275,val
gdb_18776,CC12C3OC4C3N1C42,-0.2429,val
gdb_38532,C1=C2CC3OC3C2OC1,-0.2347,val
gdb_23845,N=c1cc[nH]nc1F,-0.2143,val
gdb_86065,C#CC1=C(C)CC(C)C1,-0.2146,val
gdb_35740,N#CC1CC2(CN1)CN2,-0.2475,val
gdb_10826,CC1CCC(=O)CO1,-0.2306,val
gdb_40502,C1NC1C12OC3CC1C32,-0.2239,val
gdb_41382,C1=C2CCC23CCC3C1,-0.2187,val
gdb_33087,CCNc1coc(C)n1,-0.1905,val
gdb_41360,C1CC23COC1C2OC3,-0.2396,val
gdb_34458,N#CC12CCC3CC1C32,-0.2712,val
gdb_84530,N#CC1C2C=CC(O)C12,-0.2535,val
gdb_50664,O=CC1CCOC12CC2,-0.2392,val
gdb_81744,CC1C(C)C2(C#N)CC12,-0.2665,val
gdb_62881,CC1(C)C2CC1C21CC1,-0.2616,val
gdb_32477,CN=c1[nH]c(OC)co1,-0.1883,val
gdb_114490,CCC1CC2NC(=O)C12,-0.2416,val
gdb_2999,CNC(=O)C1CO1,-0.2484,val
gdb_121573,CC#CC(=O)NCCO,-0.2453,val
gdb_27887,Cc1cc(O)cc(O)n1,-0.2284,val
gdb_47545,O=C1CC2CC2CCO1,-0.2545,val
gdb_22281,CC(C)C1CC(=NO)C1,-0.2392,val
gdb_118930,CCOC1(C)COC1=O,-0.2501,val
gdb_39755,C1OC2C3C1C3C21CO1,-0.2396,val
gdb_2418,CC12CC3C1CN32,-0.2257,val
gdb_65077,O=CC1(C2(O)CC2)CN1,-0.246,val
gdb_55069,CC(=O)C1OC1CC=O,-0.2518,val
gdb_34775,C#CC1OC2C(C#N)C12,-0.2625,val
gdb_55885,C#CC1NC1CC(N)=O,-0.2359,val
gdb_72077,CC12OC3CC1C2C3=O,-0.2236,val
gdb_15549,C#CC1C=CCC1C,-0.2446,val
gdb_83642,CN1C2COC2C1(C)C,-0.2053,val
gdb_122586,CCCCC1COC1=N,-0.2615,val
gdb_76162,CC1(O)C(N)C1(N)C#N,-0.2254,val
gdb_61854,CN(CC=O)C1COC1,-0.2284,val
gdb_66655,CC12C(=O)C3C4C1C2N34,-0.2349,val
gdb_8556,CC12CN3CC1(C)C32,-0.215,val
gdb_121497,CCOC=NCC(C)C,-0.2446,val
gdb_36584,C#CCCC1(C#N)CN1,-0.2722,val
gdb_34223,N#CC12OC3CC1C2O3,-0.2655,val
gdb_59621,CC(O)C1CNC(=O)N1,-0.2509,val
gdb_32438,CNc1coc(C)c1C,-0.1819,val
gdb_2040,CC1(O)CC2NC21,-0.2287,val
gdb_133449,O=c1onc(F)nc1F,-0.303,val
gdb_120230,CCCC1C(=O)C2CC12,-0.2346,val
gdb_98845,CNC(=O)C1COC1C,-0.2425,val
gdb_96550,CC1CCOCCC1O,-0.2427,val
gdb_83337,CC1C2CCC1(O)C2O,-0.2444,val
gdb_98984,CCC(=O)NC(=O)CO,-0.2429,val
gdb_6011,CC(=O)C(C)(C)C=O,-0.2495,val
gdb_56485,N#CC(O)C(=O)NC=O,-0.2879,val
gdb_81934,O=C1C(O)C(O)C2NC12,-0.2439,val
gdb_118573,CCCC(CC)OCC,-0.2406,val
gdb_49875,N=C1NC(=O)CN1C=O,-0.2594,val
gdb_73510,CC12CCC=C1C1NC12,-0.2083,val
gdb_12814,CC12CCOCC1C2,-0.2443,val
gdb_67748,CC12C=CC34OC(C13)C24,-0.2245,val
gdb_6377,CNC(=O)NC(C)C,-0.2369,val
gdb_91931,CC1(C)C(O)CC2OC21,-0.2538,val
gdb_93006,CC1CC=CC2(O)CC12,-0.2234,val
gdb_97680,CCC#CC1(CC)CO1,-0.2438,val
gdb_22390,ON=C1CN2CC1(O)C2,-0.2371,val
gdb_26124,Cc1ccoc1C(C)O,-0.2137,val
gdb_122719,CCCOC=NCCO,-0.2449,val
gdb_62330,C#CC1(O)C2C3OC3C21,-0.2396,val
gdb_57083,N#CC(N)C1C=CCC1,-0.245,val
gdb_851,Nc1cc(O)c[nH]1,-0.174,val
gdb_13520,CC1OCC1C(N)=O,-0.244,val
gdb_22628,ON=C1C2CC1(O)CO2,-0.2438,val
gdb_133665,NC(C1CC1)C(F)(F)F,-0.2554,val
gdb_125208,Cc1[nH]cc2nnoc12,-0.2112,val
gdb_68364,CC12CC(CC(=O)O1)C2,-0.2572,val
gdb_129543,C#CC(N)c1ccno1,-0.2551,val
gdb_85647,CC1CC(=O)C(C#N)C1,-0.2615,val
gdb_34487,C#CC1=C2COC2CC1,-0.2267,val
gdb_35791,N#CC1CCC2NC2C1,-0.257,val
gdb_17684,OC1CC1(O)C1CC1,-0.2319,val
gdb_72210,OC12CC3=CCC(C1)C32,-0.2173,val
gdb_130706,C#Cc1ncc(=O)[nH]n1,-0.2499,val
gdb_72556,CC12CCC(C1)OC2=N,-0.2515,val
gdb_58511,CC(C)C1(O)CC2NC21,-0.2277,val
gdb_12788,COC1CN2CC12C,-0.2288,val
gdb_100124,COC(C)(C)CN1CC1,-0.2326,val
gdb_43953,O=C1NC23CCC(C2)C13,-0.2454,val
gdb_23678,Fc1cncc(F)n1,-0.2747,val
gdb_2158,CC1CCOC1=O,-0.2629,val
gdb_57174,CC(C(N)=O)C(=O)C=O,-0.247,val
gdb_81438,CN1C2CC1C1(C)OC21,-0.2015,val
gdb_97534,CC(C)(C#N)C#CCO,-0.2718,val
gdb_96372,CC1OCOCC12CC2,-0.2569,val
gdb_21093,Cn1nnc(C#N)n1,-0.3065,val
gdb_43464,O=C1CC2(CC2)C(=O)N1,-0.2576,val
gdb_84846,OC1C=CCC2CC12O,-0.2472,val
gdb_56328,CC(=O)OCCOC=O,-0.2814,val
gdb_3236,OC12CC1C1NC12,-0.2087,val
gdb_76711,CC1C(C)C1CCC=O,-0.2449,val
gdb_123779,c1nnnnc1C1CC1,-0.2515,val
gdb_93268,CC1(O)C(=O)OCC1O,-0.2697,val
gdb_9212,CNC(=O)CNC=O,-0.2465,val
gdb_106112,CCC12C3CC1N(C)C32,-0.2025,val
gdb_126505,CCCc1onnc1C,-0.2539,val
gdb_2836,CCN1CC1C#N,-0.2566,val
gdb_125798,Cc1noc2ccoc12,-0.2327,val
gdb_12735,CC1CC2OCC12C,-0.237,val
gdb_37929,C1CC2C3OC4C1N2C43,-0.2123,val
gdb_96451,CC1COCCN2CC12,-0.2203,val
gdb_26702,Nc1oc(N)c(N)c1N,-0.1748,val
gdb_59465,CC(C)C1CC1C1CO1,-0.2611,val
gdb_107891,COC12CN3C1C(C)C32,-0.2421,val
gdb_69805,CC12C=CC3CC3C1C2,-0.2212,val
gdb_60143,CC(O)CC1C2CCC21,-0.243,val
gdb_93983,CC1CCN(C=N)C1=O,-0.2333,val
gdb_18235,CN=C1OCC2CC12,-0.2387,val
gdb_83411,[NH3+]C1C2CCC12C(=O)[O-],-0.1651,val
gdb_14129,CC(O)C12CCC1N2,-0.248,val
gdb_97145,CN=C1OCC2C(C)C12,-0.2376,val
gdb_8022,CC12COC1C(=N)O2,-0.2595,val
gdb_58494,CN(C)C1(C)CC1C#N,-0.2111,val
gdb_117988,C#CC(C)C(O)CCO,-0.2534,val
gdb_101022,CCC(O)C1(CC)CN1,-0.2364,val
gdb_104066,OCC1(O)CC2OCC21,-0.2419,val
gdb_90913,CC1CC2C3CCC12C3,-0.2279,val
gdb_111353,OCC1C2OC2C12CO2,-0.2588,val
gdb_114592,N#CC12CN1CC2CO,-0.2604,val
gdb_85036,CN1CC(=O)C(O)C1=O,-0.2519,val
gdb_94708,CC1CC2CC2(O)CO1,-0.2349,val
gdb_87306,CC1OC1(C#N)CC#N,-0.3156,val
gdb_67473,OC12C3COCC1C2C3,-0.2335,val
gdb_48071,O=CC(=O)C12CC(C1)O2,-0.2524,val
gdb_31577,COc1nc(C)c(O)[nH]1,-0.1866,val
gdb_44017,O=C1CC23OC4C2C1C43,-0.2481,val
gdb_95443,NC(=O)C1=CCCC1O,-0.2385,val
gdb_94289,CC1OCC12C1CCN12,-0.2353,val
gdb_127349,Cn1cnc2[nH]ncc21,-0.2167,val
gdb_28240,Nc1nc2c([nH]1)CCO2,-0.1689,val
gdb_15131,O=CCC#CC1CN1,-0.2405,val
gdb_35772,C#CC1CC2OC2CO1,-0.2587,val
gdb_27661,N#Cc1cc(N)[nH]c1N,-0.1912,val
gdb_129892,Nc1cn2nc[nH]c2n1,-0.1803,val
gdb_110693,O=C1C=CC2C(CO)C12,-0.2384,val
gdb_72609,CC12COC1(C)C1CC12,-0.2361,val
gdb_132406,Oc1nc(O)nc(F)n1,-0.2955,val
gdb_68796,CC12CC1(C)C(C#N)N2,-0.2298,val
gdb_28971,C#Cc1cncnc1C,-0.2504,val
gdb_72460,CC12CC=CC(CC1)C2,-0.2325,val
gdb_109017,CCC1=CC2CC2(C)C1,-0.214,val
gdb_58217,CC(C)C(C)C(O)C=O,-0.269,val
gdb_60318,CC(O)CCC(=O)C#N,-0.2819,val
gdb_77692,CC1(O)CC2(CO2)C1O,-0.2521,val
gdb_18343,CC1=C2CCC2OC1,-0.2193,val
gdb_111684,CCC1C2CCC(C)C12,-0.2554,val
gdb_115179,NC1C(=O)OCC1CO,-0.2454,val
gdb_80195,O=C1OC2C(O)C2C1O,-0.2594,val
gdb_107127,CCC12CN1C1(C)CC12,-0.2119,val
gdb_95790,CN1CCCC(O)C1=O,-0.2423,val
gdb_14596,C#CC#CCOC=N,-0.2588,val
gdb_85470,C#CC1NC(=O)NC1C,-0.2495,val
gdb_70871,CC12CC3(O)C1C3(C)O2,-0.2123,val
gdb_102703,COC(CO)COC=O,-0.2596,val
gdb_41052,C1CC23C4OC12C1C4N13,-0.2271,val
gdb_59387,CC(O)C1CN(C=O)C1,-0.2396,val
gdb_48531,O=CC12C3CN1C2C3=O,-0.2532,val
gdb_28077,Nc1nc(NC=O)co1,-0.2015,val
gdb_116287,O=CC1CCOC1CO,-0.2524,val
gdb_71866,CC12CN3CC(=O)C1C32,-0.2178,val
gdb_61028,CC(C=O)C1CN=CO1,-0.2482,val
gdb_59629,CC(O)C1OCC(=O)O1,-0.2654,val
gdb_108208,OCC12CC(CO1)CO2,-0.2514,val
gdb_18799,C1=CC2CC3C1CN23,-0.2138,val
gdb_33891,N#CC12OC1C1CC2O1,-0.2682,val
gdb_40758,C1NC1C1OCC12CC2,-0.2408,val
gdb_116716,COC=NC1CC=CC1,-0.233,val
gdb_27007,C#CCc1ocnc1O,-0.2205,val
gdb_98263,CCC(=O)C(C)C(C)C,-0.2367,val
gdb_74211,NC1=CC(=O)OCC=C1,-0.2216,val
gdb_61929,CN(CCC#N)C1CC1,-0.2162,val
gdb_70334,CC12OC1CN1CC12C,-0.2205,val
gdb_18755,CC1CN2CC(O)C12,-0.2098,val
gdb_99621,C#CC(CO)C1(O)CC1,-0.2478,val
gdb_30358,OC1COc2c[nH]cc21,-0.189,val
gdb_129526,NC(=O)Nc1cnon1,-0.2603,val
gdb_71595,CC12COC3C1CC32C,-0.2309,val
gdb_73559,OC12CCC=C1COC2,-0.238,val
gdb_92745,CC1=CCC(C)C(C)C1,-0.2253,val
gdb_114452,COC1OC2C3CC2C13,-0.2458,val
gdb_48978,O=CC12C=CC(CO1)C2,-0.2532,val
gdb_94079,CC1CCC(C=O)CC1,-0.2431,val
gdb_11439,O=C1CCC(CO)O1,-0.2716,val
gdb_128065,CNC(=N)n1nnnn1,-0.2606,val
gdb_91441,O=CN1CC2CC(O)C21,-0.2483,val
gdb_28901,Cc1cccc(C)c1O,-0.21,val
gdb_102874,CN=COC(C#N)CO,-0.2729,val
gdb_122496,CCOCC1NC1C=O,-0.2514,val
gdb_81840,CC1C(C=O)C2(C)CC12,-0.2347,val
gdb_57961,CC(O)C(=O)CC1CC1,-0.2584,val
gdb_17469,CC12CN3CC3C1O2,-0.2234,val
gdb_95512,CC1COC=NC1(C)C,-0.2432,val
gdb_64814,CC1(C2CN2)CC(=O)N1,-0.2465,val
gdb_95207,CC1CCC2NC2C1O,-0.2469,val
gdb_74737,CC1=CC2CC(=O)C1O2,-0.2257,val
gdb_40491,C1CC1C12CC3CC1C32,-0.231,val
gdb_68781,CC1(O)CC2(C)OC12C,-0.2391,val
gdb_110161,C#CC1OC(=N)C1NC,-0.2365,val
gdb_106376,COC12CC(O)C(C1)C2,-0.241,val
gdb_110382,CC1C2C3C(CO)C2C13,-0.2606,val
gdb_10384,N#CC1(C=O)COC1,-0.2817,val
gdb_113826,CCC1OC1C1NC1C,-0.2478,val
gdb_130935,O=CCCc1ccno1,-0.2551,val
gdb_119757,CCNC1=CC(=O)OC1,-0.2245,val
gdb_89444,OC1CC2(O)CN3C1C32,-0.221,val
gdb_81500,CC1C2CN1C2(C)C#N,-0.2466,val
gdb_35979,N#CC1COCCCN1,-0.2382,val
gdb_88221,CC1OC1C#CC(N)=O,-0.2593,val
gdb_60275,CC(C)OC1CCOC1,-0.2446,val
gdb_72749,OC12CCC13COC3C2,-0.2357,val
gdb_42303,C#CC(=O)C1C=CCO1,-0.2379,val
gdb_6318,CC(=O)NC(C)C=O,-0.2497,val
gdb_60755,CN(C=O)C(=O)CC#N,-0.2793,val
gdb_118888,COCC1(C)OC2CC21,-0.2338,val
gdb_8834,N#CC(O)C(=O)CO,-0.2972,val
gdb_96463,OC1CCCCC2OC12,-0.252,val
gdb_33592,C#CC12C3OC4C3N1C42,-0.2456,val
gdb_89610,CC(=O)C12CC(C)C1C2,-0.2356,val
gdb_127104,CN(C)c1c[nH]nc1O,-0.2155,val
gdb_18694,O=C1OCCC2OC12,-0.268,val
gdb_9601,O=CC1CC1(O)C=O,-0.2548,val
gdb_29778,Cc1c(N)cn(C)c1O,-0.1607,val
gdb_101568,CCC(=O)NC(C)CO,-0.2356,val
gdb_25488,N=COc1cncnc1,-0.2581,val
gdb_109396,OCC1=CCCCOC1,-0.236,val
gdb_102197,N#CCC(CO)N1CC1,-0.2518,val
gdb_120425,CCCC1C=CC(=O)C1,-0.2345,val
gdb_22817,CC1CC=CCC1=NO,-0.2392,val
gdb_84966,CC1OC(=O)C(=O)C1C,-0.2507,val
gdb_55181,NC(=O)C1NC2COC21,-0.229,val
gdb_72737,CC12CC3OCC31CO2,-0.2436,val
gdb_51905,O=COC=NC1COC1,-0.2546,val
gdb_107990,COC12CC3C1CCC32,-0.2441,val
gdb_107574,OCC12CC=CCN1C2,-0.2265,val
gdb_39071,C1=CCC2OC2CC=C1,-0.2318,val
gdb_97747,OCC#CC1C2CN1C2,-0.2322,val
gdb_17741,C1OC12C1C3OC1C32,-0.2368,val
gdb_48188,C#CC(C#C)(C#C)C=O,-0.2617,val
gdb_70332,CC12CN1CC1CC12O,-0.2184,val
gdb_23737,Cc1ccncc1F,-0.2538,val
gdb_53194,CC#CC1C2OCOC12,-0.2258,val
gdb_25476,O=CC1Cn2cncc21,-0.2269,val
gdb_77421,CC1C2(O)C3CN3C12C,-0.2143,val
gdb_73265,CC12CCOCC1CC2,-0.241,val
gdb_129930,N#CCc1n[nH]cc1N,-0.2082,val
gdb_9403,CCCCN(C)C=O,-0.2386,val
gdb_94682,CC1COC2(C)CC12O,-0.2218,val
gdb_122571,OCCOC1CN2CC12,-0.2407,val
gdb_104389,CC1(CO)COCC1O,-0.2486,val
gdb_23541,O=CC1C(=NO)C2NC12,-0.2372,val
gdb_118738,CCCC1(C)CC(=O)O1,-0.2688,val
gdb_62751,CC1(O)C2OC(=N)C21O,-0.2482,val
gdb_64786,CC1(CC#CC#N)CO1,-0.2792,val
gdb_34392,C#CC12CCC1CCO2,-0.2449,val
gdb_34739,C#CC1C2CCC3C1C23,-0.2475,val
gdb_93565,CC(=O)C1=NC(C)CO1,-0.2565,val
gdb_105026,CC(C=O)C1(CO)CN1,-0.2524,val
gdb_42333,N#CC#CC(=O)N1CC1,-0.2821,val
gdb_76601,CC1C(C(=O)C#N)N1C,-0.2568,val
gdb_75777,CC1C(=O)OC1(C)C#N,-0.2915,val
gdb_102704,O=CCCC(CO)CO,-0.2517,val
gdb_66954,OC12C3OC(C31)C21CO1,-0.2315,val
gdb_87612,CC1OC12C=CCC2=O,-0.2397,val
gdb_84215,CC1C=C2C=CC3C2C13,-0.1898,val
gdb_97386,CN=COC1(C#N)CC1,-0.2667,val
gdb_108821,CCC1=CC(C)C(O)C1,-0.2342,val
gdb_44046,N=C1OC23CCC12CC3,-0.2513,val
gdb_21937,OCc1n[nH]nc1O,-0.2396,val
gdb_34106,N#CC12CNC3C(N1)C32,-0.2258,val
gdb_127211,Cn1c(=O)nn[nH]c1=O,-0.2757,val
gdb_44392,O=C1NC2C3CC(C3)C12,-0.2423,val
gdb_89928,C#CC12CC(C)C1CO2,-0.2447,val
gdb_40031,C1C2CC3(CN3)C3C1N23,-0.2281,val
gdb_123569,c1cc2n(n1)C1CC1C2,-0.2295,val
gdb_1832,N=C1NCC(=O)N1,-0.2398,val
gdb_75578,CC1=CCCCCC1=O,-0.2369,val
gdb_56460,C#CC(C)C(=N)NC=O,-0.2532,val
gdb_81416,CN1C2C=C(C=O)C1C2,-0.2202,val
gdb_85159,CC1NC(=O)C1C(N)=O,-0.2477,val
gdb_101533,C#CC(=N)OC(C)CC,-0.2615,val
gdb_17112,COC1CC2CC1O2,-0.2387,val
gdb_62636,CC1(O)C2CC3C(O2)C31,-0.2344,val
gdb_118932,COCC1(C)CNC1=O,-0.2482,val
gdb_112431,CCC1OC(=N)CC1C,-0.2519,val
gdb_77685,OC1C2(O)COCC12O,-0.2294,val
gdb_36933,C1CCC(CN2CC2)C1,-0.229,val
gdb_17001,C1CC23CCC2(C3)O1,-0.2114,val
gdb_41169,C1=CC2OC3(C1)COC23,-0.2394,val
gdb_115856,COC1COC2C(C)C12,-0.2333,val
gdb_34712,N#CC1C2C=CC3C1C23,-0.2401,val
gdb_104474,COC1(C=O)C(C)C1C,-0.2354,val
gdb_70609,CC12CC1CCC21CC1,-0.2376,val
gdb_47792,N=C1OCCCN2CC12,-0.232,val
gdb_1815,CC(C)(C)C1CO1,-0.2615,val
gdb_50658,O=CN1CCCC(=O)C1,-0.2367,val
gdb_32895,Cn1ccc(CCO)c1,-0.1995,val
gdb_129694,Nc1c(O)n[nH]c1C=O,-0.2082,val
gdb_24097,N#CCCc1ccoc1,-0.2367,val
gdb_82859,CC1C2CC3OC1C3C2,-0.2319,val
gdb_15431,CCCN1CC1CO,-0.216,val
gdb_43318,C#CC12NC1C=CC2=O,-0.2386,val
gdb_116250,CNC1CCNC1C#N,-0.2264,val
gdb_60787,CC(C)(C#N)C(O)C=O,-0.2916,val
gdb_82639,CC1C2CC3C1(C)C23O,-0.227,val
gdb_75945,CC1=CCNC(=O)C1C,-0.2353,val
gdb_90950,OC1CC2C3CC1CN23,-0.226,val
gdb_104144,O=C1CC(O)(CO)CO1,-0.2643,val
gdb_41732,C1CC23COCC2C3O1,-0.2301,val
gdb_50443,O=CN1CC=CCC1=O,-0.2406,val
gdb_60813,NC(=O)C(O)C(O)C=O,-0.271,val
gdb_674,C1CC2CC2O1,-0.2271,val
gdb_3953,OCc1cnoc1,-0.2596,val
gdb_119920,C#CC1C(C)C1CCO,-0.2394,val
gdb_12421,OC1CCOCC1O,-0.2547,val
gdb_130886,O=Cc1cnoc(=O)n1,-0.2856,val
gdb_34287,N#CC12C=CC(CC1)C2,-0.2592,val
gdb_56670,CC(C#N)C1(C)CCC1,-0.2969,val
gdb_56070,NC(=O)NC=NCC=O,-0.2374,val
gdb_68911,CC12CC1(O)CC(=O)O2,-0.2589,val
gdb_30624,CNC(=O)c1cocn1,-0.2485,val
gdb_78386,OC1CC2C1C1C(O)C21,-0.2262,val
gdb_108688,CCC1=C(C=O)CCC1,-0.2406,val
gdb_86771,CN1CC(CC#N)C1=O,-0.2567,val
gdb_8000,CC1=CC(C)CC1C,-0.2244,val
gdb_110043,COC1C(=O)NCC1O,-0.2378,val
gdb_99952,CNC(C)(C)C(=O)C#N,-0.2452,val
gdb_30265,CC1Cn2ccnc2O1,-0.2003,val
gdb_27530,Cc1cc(N2CC2)co1,-0.1953,val
gdb_119552,COCC12NC1CC2=O,-0.2405,val
gdb_84676,CC1C=CC2CC=CC12,-0.234,val
gdb_4706,Cc1ccc(C=O)o1,-0.2364,val
gdb_11306,CC1COC(C=O)O1,-0.243,val
gdb_50999,O=CCC1(C2CO2)CC1,-0.2564,val
gdb_32869,CNCc1nc(O)co1,-0.2166,val
gdb_18173,C#CC1=CCC2NC12,-0.2246,val
gdb_98284,CCC(=O)C(C)C1CC1,-0.235,val
gdb_60841,CC(C=O)C1(C)CN1C,-0.2218,val
gdb_25213,O=c1nccc[nH]c1=O,-0.2504,val
gdb_98517,COC(=O)C1(C=O)CC1,-0.2557,val
gdb_69047,CC12CCC1(NC=O)C2,-0.2334,val
gdb_49685,O=CN1C2CNC(=O)C21,-0.2462,val
gdb_78203,C#CC1C(O)C2C(O)C12,-0.2478,val
gdb_45643,N=C1CN=C2C3CC3N12,-0.226,val
gdb_65954,C#CC1(O)CCC12CC2,-0.2519,val
gdb_2309,C#CCN1CC1C,-0.227,val
gdb_66484,CC12CC3C4N1C4(C)C32,-0.219,val
gdb_38759,C1NC2CC3OC1OC23,-0.2165,val
gdb_60443,CC(O)COCC(N)=O,-0.2453,val
gdb_94428,O=C1CCC12OCC2O,-0.2311,val
gdb_86164,C#CC1=CC(C)CC1C,-0.2235,val
gdb_94158,CC(=O)C1(O)CCC1O,-0.2385,val
gdb_104630,CCC1(C#N)CC(O)C1,-0.2749,val
gdb_132597,Nc1cc(F)cnc1N,-0.1988,val
gdb_100617,C#CC(C#N)C(C)CC,-0.2843,val
gdb_119826,O=C1CN=C(CCO)N1,-0.245,val
gdb_108526,OCC12COCC1CO2,-0.2519,val
gdb_55491,NC(=O)CC#CC1CN1,-0.2276,val
gdb_68760,CC12CC1(O)CNC2=O,-0.2368,val
gdb_133028,CN=c1[nH]ccnc1F,-0.2023,val
gdb_19116,C12C3C4C1C1C2C3C41,-0.2559,val
gdb_25815,NC(=[NH2+])c1ccc([O-])[nH]1,-0.181,val
gdb_12990,CC12OC1CCC2=O,-0.2389,val
gdb_123186,CCOCCOC=NC,-0.24,val
gdb_75547,CC1=CCOCC12CC2,-0.2231,val
gdb_50244,O=CC1CC2C=CCN12,-0.2202,val
gdb_119922,C#CC1C(CCC)N1C,-0.2207,val
gdb_87463,CN1CC12C1CC2(O)C1,-0.2248,val
gdb_64329,CC1(C)CCNC(=O)C1,-0.2333,val
gdb_36111,N#CCC12CN1C1CC12,-0.2363,val
gdb_85506,CC1OC(=N)NC1C=O,-0.2364,val
gdb_127645,C#CCc1ccnn1C,-0.2362,val
gdb_68229,CC12CC3OC3C(C1)O2,-0.2437,val
gdb_90385,CC1CC2C(C#N)C12O,-0.2654,val
gdb_70985,CC12C=CC3(COC13)C2,-0.2227,val
gdb_26350,Cc1c[nH]cc1C(C)O,-0.2001,val
gdb_122398,CCOCC1CC(=N)O1,-0.2529,val
gdb_86380,CC1CC(C)C2(C)OC12,-0.2494,val
gdb_38485,C1OC23CC12CC1NC13,-0.2162,val
gdb_80978,CC12CC(OC=N1)C2O,-0.2424,val
gdb_93930,CC(=O)C1CC(C)CO1,-0.2303,val
gdb_34664,N#CC1=CCCOCC1,-0.2548,val
gdb_82216,CC1N2CC2C2OC21C,-0.2215,val
gdb_98734,CCC(=O)C1CN1C=O,-0.2504,val
gdb_6917,CC1(C)CC1CC=O,-0.2423,val
gdb_74405,CC1=CC2(C)NC1C2=O,-0.2309,val
gdb_38899,C1OC2CN3CC3CC12,-0.2147,val
gdb_13715,CCCCC1CN1C,-0.2197,val
gdb_98051,CC#CC(=O)C(=N)NC,-0.2246,val
gdb_123027,CCOCCC1CN1C,-0.2228,val
gdb_31049,CNc1cc(N)oc1C,-0.16,val
gdb_104231,CCC1(O)COC1=NC,-0.2531,val
gdb_24985,O=c1[nH]c2c(o1)CCO2,-0.1952,val
gdb_120812,N#CCC1OC1CCO,-0.2782,val
gdb_41793,C1=CCC2CCC(C1)O2,-0.2321,val
gdb_64019,CC1(O)C=CCC1(C)O,-0.2429,val
gdb_17380,CC(O)C1CC2OC21,-0.2492,val
gdb_128127,CNc1onc(N)c1N,-0.2076,val
gdb_98071,CCC(=O)C(=N)N(C)C,-0.2272,val
gdb_31908,C#Cc1cnc(OC)[nH]1,-0.2004,val
gdb_84757,CC1C=CC(=O)OC=N1,-0.2654,val
gdb_57871,CC(O)C(=O)C(C)C=O,-0.262,val
gdb_117703,CCCC(C)(C)CC=O,-0.2454,val
gdb_115477,CCC1=CC(OC)OC1,-0.2459,val
gdb_50146,O=CN1CC2(CN2)C1=O,-0.2551,val
gdb_51758,C#CC1CCN1CC=O,-0.2373,val
gdb_130056,Nc1nn(C=O)nc1O,-0.2288,val
gdb_71919,CC12NC3CN(C1=O)C32,-0.2304,val
gdb_129456,NC(=O)c1cc(N)on1,-0.2263,val
gdb_111982,CC12C=CC(CO)C1C2,-0.2232,val
gdb_11364,CCC1=NCC(=O)O1,-0.2693,val
gdb_4310,N=c1cc(N)cco1,-0.1941,val
gdb_42881,O=C1C2CC=CCC1O2,-0.2508,val
gdb_10063,CC#CC(CC)CO,-0.2428,val
gdb_81967,CC1C(C)C2NC2C1O,-0.2345,val
gdb_108475,CCC12COC1CC2O,-0.2447,val
gdb_117400,CN=CNC(=O)CCO,-0.2477,val
gdb_102413,OCC(CO)(CO)CO,-0.2431,val
gdb_89143,CN1CC2(O)C(C#N)C12,-0.2208,val
gdb_130420,N#Cc1noc(CN)n1,-0.274,val
gdb_109180,OCC1=CCC(O)CC1,-0.2287,val
gdb_79192,OC1C(O)C2C3CC1N32,-0.244,val
gdb_112424,CCC1CC(=O)CN1C,-0.2101,val
gdb_87121,CC1CC1(O)C(C)(C)C,-0.2499,val
gdb_26926,Cc1occ(N)c1C=O,-0.1987,val
gdb_65048,CC1(C2(C#N)CC2)CN1,-0.2606,val
gdb_24223,c1nc2c([nH]1)CC1CC21,-0.1999,val
gdb_126473,CCc1cc(OC)on1,-0.2248,val
gdb_1577,COC(C)CCO,-0.2474,val
gdb_78689,CC1C2C3N1C2C3(C)C,-0.2239,val
gdb_110131,CCC1C(CO)N1C=O,-0.2541,val
gdb_95955,CC1COCC12CCC2,-0.238,val
gdb_113760,CCC1CN1C(C)C=O,-0.2376,val
gdb_55127,CC12OC1CC2C(N)=O,-0.2347,val
gdb_118561,COCC(CO)OC=N,-0.2464,val
gdb_27741,Cc1nc(N)c(C=O)o1,-0.2216,val
gdb_45376,O=C1NC2COC(C2)O1,-0.2591,val
gdb_11578,OCC(O)CN1CC1,-0.2314,val
gdb_76206,CC1(C)CC(C)(O)C1O,-0.2405,val
gdb_124772,CC(O)c1cnnnn1,-0.2704,val
gdb_66879,OC12C3N=C4CC1N4C32,-0.2148,val
gdb_36974,C(OCC1CO1)C1CO1,-0.262,val
gdb_34685,N#CC1C2C3CCC3C12,-0.2643,val
gdb_133195,Cc1n[nH]c(=N)cc1F,-0.2134,val
gdb_69775,CC12CC1C1CC1(O)C2,-0.2419,val
gdb_38672,C1=CC2OC3CC23CC1,-0.2263,val
gdb_88288,CC1OC1C(=O)C1CC1,-0.248,val
gdb_86518,C#CC(=O)N1CC(C)C1,-0.2418,val
gdb_8383,CC1CC2(C1)CC2O,-0.229,val
gdb_51356,O=COC1C2C3CN2C31,-0.2497,val
gdb_103588,COC1(C)C=CC(=O)O1,-0.2701,val
gdb_52517,CC#CC(=N)N(C)C=O,-0.2552,val
gdb_80825,CC12CC(OC1=O)C2O,-0.263,val
gdb_119064,COCC1(OC)CC1C,-0.2416,val
gdb_119628,OCCC12CCOC1C2,-0.226,val
gdb_50174,O=CC1CC2=CCCC21,-0.2279,val
gdb_4867,Nc1ccc(CO)o1,-0.1873,val
gdb_132098,Cc1ccc(=O)[nH]c1F,-0.215,val
gdb_68538,OC12C=CC(C1)C1OC12,-0.2422,val
gdb_109085,COC1=NC2CCC2N1,-0.2112,val
gdb_92691,CC1CN=C(N)C(=O)C1,-0.2279,val
gdb_129306,N=c1cncnoc1=N,-0.2731,val
gdb_33842,N#CC12CC3(CN3)C1O2,-0.2645,val
gdb_13991,OCCC12CCC1N2,-0.245,val
gdb_69601,CC12COC3(CC3)C1O2,-0.2334,val
gdb_78096,CC12CN(C=O)C1C2O,-0.2305,val
gdb_21055,Cn1nc(O)nc1O,-0.2195,val
gdb_45270,O=C1OC2CN3CC3C12,-0.2434,val
gdb_113386,CCC1OC1(CC)CC,-0.2529,val
gdb_4690,C#Cc1ccc(N)o1,-0.1846,val
gdb_128064,CNC(=N)c1nnon1,-0.2439,val
gdb_84990,CC1CC(C)(C)C(=O)N1,-0.2345,val
gdb_76603,CC1C(O)C1C(=O)C#N,-0.2688,val
gdb_35144,C#CC1C=CC(C#N)O1,-0.2796,val
gdb_75715,CC1C(=O)C2CCC12C,-0.2309,val
gdb_22641,N#CC1=CCC(=NO)C1,-0.2567,val
gdb_120644,COC1(C)CC1CCO,-0.2447,val
gdb_52888,C#CC1(C#CC)CC1O,-0.2318,val
gdb_73042,CC12CCN1C2CC#N,-0.2412,val
gdb_124487,Cc1oncc1C(C)C,-0.2411,val
gdb_127065,CCOCc1ncon1,-0.262,val
gdb_124954,Cc1oncc1C1CO1,-0.2462,val
gdb_34927,C#CC1C2CC3(CC3)N12,-0.2283,val
gdb_112954,NC(=O)N1CC(CO)C1,-0.2328,val
gdb_118161,OCCC(O)C1CCC1,-0.2555,val
gdb_96367,CC1COCOC12CC2,-0.251,val
gdb_87478,O=C1C2CC1C21CC1O,-0.2444,val
gdb_131409,N=c1onc(O)oc1=N,-0.2581,val
gdb_128594,COc1cnc(O)nn1,-0.2398,val
gdb_39775,C1NC12C1NC2C2OC21,-0.2361,val
gdb_47742,O=C1NCCOC12CC2,-0.2348,val
gdb_87250,CC1CC1(C)OCC=O,-0.2531,val
gdb_106414,CCC12CC(O1)C21CN1,-0.2373,val
gdb_82257,C#CC1=CC2NC2C1C,-0.223,val
gdb_119699,OCCC12OC3CC1C32,-0.2278,val
gdb_103858,CCC1(C)OC1C1CO1,-0.2602,val
gdb_108117,CCC12CC3OC1CC32,-0.236,val
gdb_92732,CC1=NCC(N)C(=O)O1,-0.2477,val
gdb_16696,CC1CC2OC1C2C,-0.2396,val
gdb_78123,CC1C2C(=O)C(C#N)C12,-0.2644,val
gdb_49756,O=CN1C=NC2CC1C2,-0.246,val
gdb_11541,CCC(=O)OC1CC1,-0.2654,val
gdb_52329,O=CNCC1COCO1,-0.2505,val
gdb_101211,CCC(C)C1CC(=O)O1,-0.2725,val
gdb_107356,CCC12CC1NC(=O)N2,-0.2316,val
gdb_91668,OC1CC2OC1C21CO1,-0.2463,val
gdb_78031,CC1CCC2(C)C(O)C12,-0.2384,val
gdb_41060,C1C2C3C4N3C23COC143,-0.2257,val
gdb_38130,C1=CC2OC3C1COC23,-0.2389,val
gdb_1943,N=C1CC(C=O)O1,-0.2656,val
gdb_44637,O=C1CC2C3OCC3C12,-0.2418,val
gdb_53733,CC(=O)C#CC1(C)CN1,-0.2509,val
gdb_69942,OC12C=C3CCC3C1C2,-0.2211,val
gdb_72706,CC12CCC13C=CC2C3,-0.2135,val
gdb_42887,O=C1C2CCCCC1N2,-0.2384,val
gdb_100900,COC(C#N)C(C)CO,-0.2757,val
gdb_106973,CC1=CCC2(CO)NC12,-0.2275,val
gdb_22223,CC(=NO)C(C)NC=O,-0.2466,val
gdb_46181,C#CC1(C#C)CNC1=O,-0.2465,val
gdb_57847,CN(C)C(=O)C(C)(C)O,-0.2328,val
gdb_51948,O=CCCC(=O)C1CC1,-0.2504,val
gdb_83728,O=C1OC2CNC2C1O,-0.2456,val
gdb_81613,C#CCC1C2OC1C2O,-0.2546,val
gdb_39553,C1=CC2C3C=CC(C1)N23,-0.207,val
gdb_82774,OC1C2COC3C1OC23,-0.2493,val
gdb_51304,O=CCC1=CCOC1=O,-0.2543,val
gdb_14025,COC1CC12CCO2,-0.2146,val
gdb_20134,C1C2CC(N3CC3)C12,-0.2299,val
gdb_35080,C#CC1C=CC2CC1O2,-0.2407,val
gdb_90220,OC1CC23OC4C2NC143,-0.2152,val
gdb_3471,OC1C2COC1C2,-0.2304,val
gdb_117248,CCCC(=O)C1CCC1,-0.2371,val
gdb_93128,CC1CN=COC1C=O,-0.2495,val
gdb_27718,N#Cc1oc(N)nc1N,-0.2063,val
gdb_117758,CCC(N)(C#N)CCO,-0.2573,val
gdb_12614,O=C1CCC(=O)C1O,-0.2476,val
gdb_131303,O=CCn1ncc(O)n1,-0.2409,val
gdb_121192,COCC1CCC1C#N,-0.2621,val
gdb_64104,CC1(O)CNC(=O)NC1,-0.2377,val
gdb_76118,C#CC1C(C)C2(C)CC12,-0.2482,val
gdb_106807,CCC12COCC1(C)C2,-0.246,val
gdb_27478,Cc1cc(=N)oc(=O)[nH]1,-0.2364,val
gdb_36166,C#CCC12NC3C1NC32,-0.2271,val
gdb_63032,CC1(C)C2N1CC21CN1,-0.2183,val
gdb_117501,CC#CC(C#N)CCC,-0.264,val
gdb_42703,O=C1C2C3CC4C1C2N34,-0.2372,val
gdb_64474,CC1(O)C=CCCOC1,-0.2365,val
gdb_123142,CCCCOCC(C)C,-0.2483,val
gdb_6451,N#CC1(O)CC(O)C1,-0.2719,val
gdb_37069,C1CC23CC2(C1)OCO3,-0.2369,val
gdb_18361,CC1CCC2CCC12,-0.2767,val
gdb_84847,CC1C=CCC2CC1C2,-0.2346,val
gdb_48710,O=CC12CC3CC3C1C2,-0.242,val
gdb_57513,CC(C)(C)NC(=N)C=O,-0.2336,val
gdb_41711,C1=CC23COCC2C3C1,-0.2235,val
gdb_107854,OCC12CC3CN1C3C2,-0.2265,val
gdb_132467,N=c1oc(F)ccc1F,-0.2208,val
gdb_57765,CC(O)C#CC(N)C#N,-0.2665,val
gdb_45685,O=C1CC2CCC2=CN1,-0.2106,val
gdb_18129,C1CC2OCOC2C1,-0.2496,val
gdb_32010,CCc1ccnc(=O)o1,-0.2553,val
gdb_96934,CN=C1CC2C(O)C2O1,-0.2365,val
gdb_67619,CC12C3CC4C1C4(O)C32,-0.2095,val
gdb_14057,CC1C(C)C12CCO2,-0.2169,val
gdb_122934,CCCCOC(C)C=O,-0.2527,val
gdb_6520,CC1(O)CC1(O)C#N,-0.2667,val
gdb_98708,CNC(=O)C1NC1C#N,-0.2558,val
gdb_75064,CC1=CNC(=O)C12CO2,-0.2167,val
gdb_65786,CC1(C2CC2)CC=CC1,-0.234,val
gdb_35996,C#CCC#CCN1CC1,-0.2358,val
gdb_15542,CN1C=NCC1C#N,-0.2322,val
gdb_128626,COc1nc(=O)cno1,-0.2645,val
gdb_45217,O=C1CN2CC3CC1C32,-0.2118,val
gdb_37670,C1C2C3C4C1C1C4N1C23,-0.233,val
gdb_105908,COC12C(C)C3C1CC32,-0.2428,val
gdb_132295,Nc1cc(F)[nH]c(=O)c1,-0.2076,val
gdb_61093,CC(C#N)N=CNC=O,-0.2715,val
gdb_20033,OCC1NC1C1CC1,-0.2434,val
gdb_65563,CC1(OC2CC2)CCC1,-0.2325,val
gdb_77825,CC1N2C(=O)NCC12C,-0.2452,val
gdb_6814,C#CC1COC1(C)C,-0.2477,val
gdb_128324,CNc1n[nH]c(N)c1O,-0.1863,val
gdb_119257,O=CCC1(CCO)CN1,-0.238,val
gdb_27924,Cc1[nH]c(O)nc1C=O,-0.2211,val
gdb_90304,CN1CC2=CC3OC3C21,-0.2207,val
gdb_66326,C#CC1(C)C=CCOC1,-0.2421,val
gdb_16833,CC1CC(C)C2CC12,-0.2603,val
gdb_33278,C#CC#CC1(C#C)CO1,-0.2515,val
gdb_6266,C#CC(=O)CN(C)C,-0.2236,val
gdb_33911,N#CC12NC1C1CCC12,-0.2485,val
gdb_17678,CC1NC1(C)C1CO1,-0.245,val
gdb_30240,CC1Cn2cc(N)cc21,-0.1701,val
gdb_22581,O=C1OCC(=NO)CO1,-0.2772,val
gdb_39953,C1=CC2(CC2)OC12CC2,-0.196,val
gdb_50200,O=CC1NC2C(=O)NC12,-0.2371,val
gdb_90828,OC1CC2C3C4C1N2C34,-0.2212,val
gdb_5618,CCc1cocc1N,-0.1933,val
gdb_67661,OC12C3CC4CC1C2C43,-0.2377,val
gdb_5672,c1nc2nc[nH]c2[nH]1,-0.2022,val
gdb_11549,COC(=O)CC1CN1,-0.2472,val
gdb_112868,CC1CC(CO)C(=N)O1,-0.2504,val
gdb_106292,COC12C=CC(C)(C1)C2,-0.2262,val
gdb_111400,O=CC1C(CO)N2CC12,-0.2438,val
gdb_27668,N#Cc1nc(N)[nH]c1O,-0.2082,val
gdb_45161,O=C1CC2CC3C(C2)C13,-0.2294,val
gdb_50028,O=CC1OC12COC2=O,-0.2845,val
gdb_75130,C#CC1CC=C(C)C1=O,-0.2368,val
gdb_58391,C#CC(OC=O)C(C)C,-0.2771,val
gdb_103391,CCC1(C)C(=O)C2CN21,-0.2381,val
gdb_31500,Cc1oc(CO)nc1O,-0.2129,val
gdb_40648,C1OCC2C1C2N1CC1,-0.2245,val
gdb_133355,N=c1nc(N)c(F)n[nH]1,-0.2131,val
gdb_22178,CC1(C)C(=NO)CC1O,-0.2409,val
gdb_117296,CCNC(=O)CC(C)=O,-0.2421,val
gdb_63178,CC1(O)C2OCOC21C,-0.2346,val
gdb_75976,N=C1OCOC(=N)C1N,-0.2662,val
gdb_51728,N=COC1COC12CC2,-0.2384,val
gdb_5413,OCc1ccccn1,-0.2472,val
gdb_77240,CC1(C)C(O)C1NC=O,-0.2296,val
gdb_42979,O=C1C2CC2OC12CC2,-0.2329,val
gdb_63873,CC1(C)CC2NC21C=O,-0.2384,val
gdb_14572,C#CCCCCC#C,-0.2586,val
gdb_56194,CC(=O)NCC1CCC1,-0.2396,val
gdb_122024,COCC(C)OCCO,-0.2581,val
gdb_27113,Nc1ncoc1CC=O,-0.2025,val
gdb_104754,CNC1(CO)CC1C#N,-0.2341,val
gdb_115750,C#CCC1COC1CC,-0.2439,val
gdb_62700,CC1(C)C2CCN3C2C31,-0.2311,val
gdb_50507,O=CC1CCC(C=O)C1,-0.2539,val
gdb_115212,CCC1COC(=N)CN1,-0.2289,val
gdb_18243,OCC1=CCC2CC12,-0.2158,val
gdb_74374,N#CC1COCC(N)=N1,-0.2487,val
gdb_119310,N#CC1(CCO)COC1,-0.2704,val
gdb_104923,COC1(C#N)CC1(C)O,-0.2633,val
gdb_124329,CC(=O)n1cnc(C)n1,-0.2716,val
gdb_72683,C#CC12CCC1(O)CO2,-0.2388,val
gdb_99391,COC(=O)NCCC=O,-0.2482,val
gdb_60607,CC(C(N)=O)C1CC1O,-0.2368,val
gdb_12599,CC1C(=N)OCC1=O,-0.2596,val
gdb_34162,C#CC12NC3C4C1N4C32,-0.2297,val
gdb_24120,c1c[nH]c(CC2CN2)n1,-0.216,val
gdb_128046,CN=COc1nn[nH]n1,-0.2619,val
gdb_109248,OCC1=CCC2CC1C2,-0.2181,val
gdb_89218,CC12CC(O)C3CC1N32,-0.2294,val
gdb_113574,OCC1NC12C=CCC2,-0.2266,val
gdb_104279,CC1(CO)OCC1C=O,-0.2549,val
gdb_114945,O=CC1=CNC(CO)C1,-0.2059,val
gdb_77676,CC1C2(C)CCOC12C,-0.2255,val
gdb_52287,O=CCNC1COC1=O,-0.256,val
gdb_63994,C#CC1=NCC(C)(C)O1,-0.2438,val
gdb_124309,CC(=O)Cc1ccon1,-0.25,val
gdb_85830,CC1N(C)CC1(O)C#N,-0.2301,val
gdb_58069,CC(C)C(O)(C#N)C#N,-0.3241,val
gdb_108215,OCC12COC(C1)OC2,-0.2448,val
gdb_82182,CC1C2OC2C2(C)CC12,-0.2484,val
gdb_28714,Cc1cnc(NC=O)o1,-0.2194,val
gdb_128102,CNc1c(N)n[nH]c1C,-0.1961,val
gdb_111473,CNC1C(=O)OC2CC21,-0.2287,val
gdb_81972,CC1C(O)C(O)C2OC12,-0.2516,val
gdb_120761,CCOC1CC1C1CC1,-0.2399,val
gdb_94444,OC1CCC12CCC2O,-0.2455,val
gdb_48977,O=CC12CN=C3OC1C32,-0.2399,val
gdb_30791,Cc1nc(O)[nH]c1CO,-0.194,val
gdb_32651,C#Cc1cncn1CC,-0.2158,val
gdb_102397,N#CC(CO)(CO)CO,-0.2732,val
gdb_57191,CC(C)(C)C(O)C(N)=O,-0.2559,val
gdb_17090,N#CC1CC2CC1C2,-0.3047,val
gdb_19107,CC1C2C3C1C1C2C31,-0.2358,val
gdb_126905,CCNc1oncc1N,-0.1971,val
gdb_25445,O=Cn1cnc(=O)nc1,-0.2708,val
gdb_19343,O=CC12CC1C1NC12,-0.2225,val
gdb_20128,OC(C1CN1)C1CN1,-0.2404,val
gdb_30594,CCC(=O)c1ncc[nH]1,-0.239,val
gdb_131579,OCC#Cc1ccon1,-0.2485,val
gdb_127022,CCOc1ncnn1C,-0.2299,val
gdb_3347,C1=C2CCC2CC1,-0.2207,val
gdb_128601,COc1c[nH]nc1C#N,-0.2392,val
gdb_67687,CC12C3CCC1C2C3=O,-0.2288,val
gdb_126034,CC1COc2ncnn21,-0.2344,val
gdb_127311,Cn1ccc(CC=O)n1,-0.2357,val
gdb_71998,CC12OC3CC1(O)C32C,-0.2107,val
gdb_43738,O=C1CC2(COCO2)C1,-0.2425,val
gdb_89841,CC1CC2(CC2)CC1C,-0.2577,val
gdb_6606,COC12CC(O)(C1)C2,-0.2456,val
gdb_90111,CC1OC23C=CC(C2)C13,-0.2227,val
gdb_82883,CC12C3CC(C1O)C2O3,-0.236,val
gdb_95410,CC1=CCOC(C)CC1,-0.2305,val
gdb_115666,CC#CC1COC1CC,-0.2436,val
gdb_66221,CC1(CNCC#N)CC1,-0.2376,val
gdb_121040,CCCC1COC(=O)N1,-0.2585,val
gdb_10761,CC(O)(CO)C1CO1,-0.2571,val
gdb_33695,N#CC12C3CC4C1N4C32,-0.2482,val
gdb_107710,COC12CC3(C)C1NC32,-0.2241,val
gdb_108289,COC12COC1C(=O)C2,-0.238,val
gdb_74037,CC1=C2COC3C(C1)C23,-0.2139,val
gdb_50328,O=CC1CC2OC3C1C23,-0.2351,val
gdb_80066,CN1C2C=CC3CC2C31,-0.1993,val
gdb_68477,CC12CC(CCCO1)C2,-0.2356,val
gdb_22832,ON=C1CCOCC1O,-0.243,val
gdb_9324,C#CC(=O)NCCO,-0.2548,val
gdb_18730,OC1CCCC2OC12,-0.2594,val
gdb_122677,CCOCC1OCCO1,-0.2482,val
gdb_79387,C#CC12CN3C1C(O)C32,-0.2537,val
gdb_1340,CCN1CC1(C)C,-0.219,val
gdb_12475,N=C1CCCCCO1,-0.2501,val
gdb_112195,CCC1OC(=N)C12CC2,-0.2529,val
gdb_661,C1COCOC1,-0.2601,val
gdb_107277,OCC12OC1C1CC2O1,-0.2424,val
gdb_73848,CC1=C(C)C=CCC=C1,-0.2029,val
gdb_120968,COCC1CC2CC2O1,-0.2294,val
gdb_9187,C#CCNC(=O)NC,-0.2448,val
gdb_32776,OCCc1[nH]ccc1O,-0.1832,val
gdb_87963,CC1CCC2(CC2C)O1,-0.2229,val
gdb_84410,CC1N=CN(C=N)C1=N,-0.2423,val
gdb_69456,CC12CCC(C=O)C1O2,-0.2445,val
gdb_47533,N=C1CC2CC2CCO1,-0.2514,val
gdb_87621,CC1CC=CC12CC2C,-0.2158,val
gdb_123955,C1COc2n[nH]nc2O1,-0.2225,val
gdb_27559,Oc1nc(C2CC2)co1,-0.218,val
gdb_119227,CCCC1(C=O)CC1C,-0.2453,val
gdb_81931,O=C1C(O)C(O)C2CC12,-0.2413,val
gdb_26156,Cc1[nH]cnc1C(C)O,-0.2175,val
gdb_52705,CC#CC(C)CC(C)O,-0.2368,val
gdb_43546,C#CC1NC(=O)C12CO2,-0.2527,val
gdb_88059,CC1NC12CNC2C=O,-0.2358,val
gdb_124778,CC(O)c1conc1O,-0.2578,val
gdb_68111,CC12CC(C3CC3)(C1)O2,-0.2259,val
gdb_116619,CCN=C1OCC1OC,-0.2435,val
gdb_54936,CC(=O)N1CC(C=O)C1,-0.2414,val
gdb_51644,O=CCC1CC2CC2C1,-0.2478,val
gdb_49157,O=CC1=NC2C3CN1C32,-0.2439,val
gdb_25239,O=C1OCc2[nH]ccc21,-0.2323,val
gdb_98546,CNC(=O)C12CCC1O2,-0.2486,val
gdb_48736,O=CC12CC1C1OCC12,-0.2477,val
gdb_114058,CC12CC1(O)C(CO)O2,-0.2321,val
gdb_89809,OC1CC2(CC2)N2CC12,-0.2304,val
gdb_18915,CC12C3CN4C(C31)C42,-0.2193,val
gdb_90696,CC1C[C-]2C(=O)C=C[NH+]21,-0.1669,val
gdb_28501,Cc1cc(O)c(O)cn1,-0.2221,val
gdb_50874,C#CCOC(=N)CC=O,-0.2507,val
gdb_61289,C#CCN(C)CC(N)=O,-0.2305,val
gdb_95402,CC1=CCCC(C)C1O,-0.2382,val
gdb_5834,CC(C)(C)C(O)C=O,-0.2704,val
gdb_96652,CN=C(N)N1CCC1=O,-0.2249,val
gdb_125817,Cc1nocc1CC=O,-0.2543,val
gdb_111414,CCC1C(CC)C2OC12,-0.249,val
gdb_87492,CC1C2OC1C21NC1C,-0.2388,val
gdb_92847,OC1CC=C2COC2C1,-0.2385,val
gdb_6168,CC1(C)NC1C(N)=O,-0.2384,val
gdb_2811,C#CC1NC1C#N,-0.2735,val
gdb_63389,CC1(O)CC(O)(C#N)C1,-0.2746,val
gdb_114969,COC1CC=C2COC21,-0.2356,val
gdb_74924,CC1=CC2OC3C1C23O,-0.2248,val
gdb_42974,N#CC1=CC2CN2C1=O,-0.2776,val
gdb_96036,N#CCC1OCCC1O,-0.2596,val
gdb_21319,COCc1ncon1,-0.2664,val
gdb_108357,OCC12COC1C1OC12,-0.2414,val
gdb_27603,N#Cc1ccnc(O)c1,-0.2603,val
gdb_2515,CCC(C#N)C=O,-0.2805,val
gdb_126985,CCOc1nnoc1C,-0.2291,val
gdb_102428,C#CC#CC(CO)CO,-0.2428,val
gdb_86104,CC1=NC(C=O)C(C)O1,-0.2413,val
gdb_29824,Cn1cc(O)cnc1=O,-0.2126,val
gdb_93875,CC1COC(C)C1C#N,-0.267,val
gdb_48144,C#CC(=N)NC(=N)C=O,-0.2571,val
gdb_49468,N#CC1CN2C(C=O)C12,-0.2692,val
gdb_54948,C#CC1(C)NC1C(C)=O,-0.2401,val
gdb_16486,CC12C(O)C3CC1N32,-0.2421,val
gdb_131649,N=c1cc(CO)onn1,-0.251,val
gdb_104994,CC(C#N)C1(CO)CO1,-0.2787,val
gdb_43284,O=C1C=CC23CCC12O3,-0.2495,val
gdb_84049,CC1C=C(C#N)C2CC12,-0.2506,val
gdb_47026,O=C1C=C2CCC2CO1,-0.2554,val
gdb_24830,N=c1ccoccc1=N,-0.2379,val
gdb_27512,N=c1oc(N)nc(=O)o1,-0.2838,val
gdb_39582,C1=NCC2N=COC2O1,-0.2653,val
gdb_25007,O=C1Cc2nccn2C1,-0.2268,val
gdb_22240,CC(=NO)C(O)CCO,-0.247,val
gdb_114806,CC12OCC1NC2CO,-0.2351,val
gdb_29449,Cc1c[nH]c2[nH]ccc12,-0.1744,val
gdb_85944,CC1(C)CC=CC(O)C1,-0.2424,val
gdb_2981,C#CC(O)C1CO1,-0.2633,val
gdb_79310,CN1C2CC3C1C32C#N,-0.2334,val
gdb_75056,CC1=CCC(=O)C1(C)O,-0.2459,val
gdb_31273,COc1ocnc1CO,-0.2265,val
gdb_64173,CC1(N)CCC1(N)C#N,-0.2384,val
gdb_87510,CC1NC12C1C=CC2O1,-0.2336,val
gdb_124707,CC(CO)n1nccn1,-0.2576,val
gdb_78099,CC1C2C(C=O)CC12O,-0.2432,val
gdb_31189,C#Cc1cc[nH]c1CC,-0.1973,val
gdb_37458,C1OC2C3C2C2CN2C13,-0.2223,val
gdb_95455,OC1CCC=C1C1CN1,-0.2159,val
gdb_113578,CCC1CC12CCOC2,-0.2464,val
gdb_92813,CC1CC=C2CN3C2C13,-0.2236,val
gdb_6568,CC1C2(C)CC1(O)C2,-0.2529,val
gdb_85574,CC1NC(=O)COC1=N,-0.2519,val
gdb_64040,CC1(C)CC=CC2CC21,-0.2211,val
gdb_126772,CCn1nc(N)nc1O,-0.2003,val
gdb_124947,Cc1[nH]ncc1C1CC1,-0.2125,val
gdb_64332,CC1(C)CCOC(=N)C1,-0.2527,val
gdb_115336,CCC1CCC(C)C1C,-0.2879,val
gdb_31455,CCc1nc(C#N)co1,-0.2629,val
gdb_36206,C#CCC1=CC2CC1C2,-0.2209,val
gdb_58491,CC(O)C1(C)OC1C#N,-0.2778,val
gdb_121949,COCCC(O)C1CN1,-0.2474,val
gdb_49671,N=C1OCC2C(C=O)C12,-0.2543,val
gdb_126901,CCNc1nn[nH]c1C,-0.1953,val
gdb_107301,OCC12OC1C1OCC12,-0.2419,val
gdb_105557,CCC1(C#N)COC1=O,-0.2938,val
gdb_127100,CN(C)c1cnnn1C,-0.2164,val
gdb_17647,NC(=O)C(O)C1CN1,-0.2441,val
gdb_94539,CC(C)(O)C1OCC1O,-0.2359,val
gdb_288,CC(O)C(N)=O,-0.26,val
gdb_73326,OC12CCC34OC(C13)C24,-0.2266,val
gdb_122674,CCOCC1CCCO1,-0.2385,val
gdb_98018,CC(O)C#CC(=O)CO,-0.2722,val
gdb_103373,CCC1(O)C2CCC1C2,-0.253,val
gdb_45403,N#CC12CCC1OC2=O,-0.2948,val
gdb_11236,CC1=CCC(C#N)C1,-0.2479,val
gdb_40611,C1NC1C1C2C3CC3N12,-0.2136,val
gdb_27342,O=c1cc(O)occ1O,-0.2329,val
gdb_81275,CN1C2CC1C(O)C2=O,-0.2189,val
gdb_125801,Cc1noc2c1OCO2,-0.2091,val
gdb_124315,CC(=O)Cn1cncn1,-0.2609,val
gdb_49827,O=CC1NC(=O)C12CN2,-0.2513,val
gdb_87648,CC1CC12OC(=O)C2O,-0.2621,val
gdb_55578,CC(=N)NC(=O)NC=N,-0.2552,val
gdb_128520,COc1c(N)nnn1C,-0.2091,val
gdb_8335,CN1CC2(CCO2)C1,-0.2104,val
gdb_103450,CCC1(O)C2C=CCC21,-0.2172,val
gdb_89544,OC1CC2(C1)C1CCN12,-0.2301,val
gdb_42282,C#CC(=O)C1CN=CO1,-0.2578,val
gdb_126357,C#Cc1noc(CC)n1,-0.2673,val
gdb_5103,Cn1c(N)c[nH]c1=O,-0.1743,val
gdb_10930,CC12CC(C#N)C1N2,-0.2707,val
gdb_19573,C1CC2OC1C21CO1,-0.2535,val
gdb_32693,CCN=c1ncocn1,-0.2468,val
gdb_127786,Cn1nnc2nonc21,-0.2833,val
gdb_25650,CC#Cc1ccn(C)c1,-0.1918,val
gdb_76411,CC1C(O)C1(C)N1CC1,-0.2221,val
gdb_112831,CC1CC(CO)N2CC12,-0.2306,val
gdb_108785,CC1(C)C=C(CO)CC1,-0.2242,val
gdb_138,OCCCO,-0.2607,val
gdb_93400,CC1=CC(=O)OCC1O,-0.2668,val
gdb_3894,O=c1cconc1,-0.2544,val
gdb_62114,CC(COC=O)C1CC1,-0.2754,val
gdb_89598,C#CCC12CC1C(C)O2,-0.2334,val
gdb_101821,CCC(O)CCC(C)C,-0.2613,val
gdb_122876,CC(C)(O)COCCO,-0.2629,val
gdb_64315,CC1(O)C=CC=CCC1,-0.2213,val
gdb_113310,CCC1CC1(C#N)CC,-0.276,val
gdb_13684,CC1OC1CNC=O,-0.2532,val
gdb_57366,C#CC1(C(C)(C)O)CC1,-0.2389,val
gdb_80962,CC1C2CC1(C)C2C=O,-0.2441,val
gdb_18723,CC1OCCC2NC21,-0.2402,val
gdb_98937,C#CC(=N)NC(=O)OC,-0.2614,val
gdb_92428,CC1CC2COC1C2=O,-0.2284,val
gdb_108109,OCC12CC3CC1C2C3,-0.2519,val
gdb_57569,CC(C)(C1CC1)C1CC1,-0.2637,val
gdb_118756,CCCC1(O)CN(C)C1,-0.2061,val
gdb_74147,CC1=CC(=O)NC1(C)C,-0.2351,val
gdb_3031,C#CCCC1CO1,-0.2609,val
gdb_77516,CC1C2(O)C=CC1(O)C2,-0.2304,val
gdb_71893,CC12C3CN1CC2(O)C3,-0.2028,val
gdb_23818,N=c1nnocc1F,-0.2564,val
gdb_8892,CNC(=O)C(C)CO,-0.2415,val
gdb_117963,COC(=O)C(N)CCO,-0.2223,val
gdb_92206,CC1OC2CC3CC1C32,-0.2357,val
gdb_117884,CCC#CC(C)COC,-0.2427,val
gdb_10124,COC(C=O)CC=O,-0.2481,val
gdb_8662,C#CC(O)(C=O)CO,-0.2544,val
gdb_19230,C#CC1C(C)C2CC12,-0.2524,val
gdb_72594,CC12COC1(C)C(=N)O2,-0.2547,val
gdb_64869,CC1(C#N)CC(C=O)C1,-0.2626,val
gdb_62479,CC1(O)C(=O)CC12CN2,-0.2466,val
gdb_108523,OCC12CCCC1OC2,-0.2416,val
gdb_132142,O=c1cnc(F)c(F)o1,-0.2552,val
gdb_65883,CC1(C#CC#N)CCC1,-0.2755,val
gdb_50351,O=CN1CC2CCC1C2,-0.2328,val
gdb_113309,C#CC1(CC)CC1CC,-0.2357,val
gdb_72283,CC12CN3CCOC1C32,-0.2003,val
gdb_26285,CN(C)c1cccnc1,-0.1956,val
gdb_118118,CCCC(C)C1CN1C,-0.2191,val
gdb_77877,CC1C(=O)C2(C)C(O)C12,-0.2322,val
gdb_91430,OC1C=CC2CC(C1)C2,-0.2352,val
gdb_52739,CC#CC(C=O)N(C)C,-0.202,val
gdb_36554,N#CCCC#CC1CC1,-0.2458,val
gdb_1713,CC1(C=O)CCO1,-0.2418,val
gdb_35157,C#CC1NC1(C#C)C#C,-0.2449,val
gdb_39942,C1=CC2(CO2)C2CC2C1,-0.2375,val
gdb_71311,CC12CC3C1C(C#N)N32,-0.2531,val
gdb_8724,C#CC(=O)C(C)C#C,-0.2588,val
gdb_95338,CC1CC2CCC2CO1,-0.2399,val
gdb_81767,CC1(O)C(O)C2CC21O,-0.2329,val
gdb_34013,N#CC12C=CCOC1C2,-0.2582,val
gdb_104755,C#CC1CC1(CO)OC,-0.2389,val
gdb_75560,CC1=CCCCC1C=O,-0.2372,val
gdb_33433,C#CC1(C#C)C2CN1C2,-0.2354,val
gdb_58659,CC(N)C1(C#N)OC1C,-0.254,val
gdb_89132,C#CC1C2C(C)CC12C,-0.2378,val
gdb_50255,O=CC1NC2CC(=O)C12,-0.2465,val
gdb_104365,CCC1(C)OCOC1=N,-0.2657,val
gdb_70055,CC12CC1C=C1CCC12,-0.2149,val
gdb_105596,CCC1(C=O)COC1=O,-0.2673,val
gdb_60761,CC(C=O)C(=O)NC=O,-0.2542,val
gdb_129954,N#CCc1nocc1N,-0.2295,val
gdb_70023,CC12NC1C1CCOC12,-0.2149,val
gdb_76625,CC1C(C)C1C1(O)CC1,-0.2359,val
gdb_106844,C#CC12COC1(CC)C2,-0.2282,val
gdb_91795,CC12CN1CC(O)C2O,-0.2323,val
gdb_3367,CC1C2CCOC12,-0.2325,val
gdb_125277,Cc1cc2cn[nH]c2[nH]1,-0.1911,val
gdb_46296,N=C1OCC12CNC=N2,-0.2328,val
gdb_36777,N#CCCNC1COC1,-0.2451,val
gdb_68946,CC12NC1(C=O)C1CC12,-0.2468,val
gdb_1845,CC1=CCC(=O)C1,-0.2387,val
gdb_102765,CC#CC(CO)OC=N,-0.2581,val
gdb_79478,CC1C2C3CN2C13C#N,-0.2553,val
gdb_43275,O=C1C=CC2(CN2)C1=O,-0.2334,val
gdb_62755,CC1(C)C2CC(=N)OC21,-0.2437,val
gdb_53521,CC#CCN(C)CC=O,-0.2289,val
gdb_78558,CN1C2C3(CC3)CC21C,-0.2269,val
gdb_87783,OC1CC12CC1(O)CC12,-0.2316,val
gdb_103340,CCC1(O)C2NC1C2O,-0.2404,val
gdb_56476,N#CC(N)C(=O)NC=O,-0.2679,val
gdb_127382,CN1CC1c1conn1,-0.2349,val
gdb_113733,CCC1OC1C(O)C#N,-0.2818,val
gdb_114671,OCC1CC2OC1C2O,-0.2533,val
gdb_29665,C#Cc1c[nH]c(=O)n1C,-0.1951,val
gdb_127297,Cn1cc2onnc2n1,-0.2472,val
gdb_63973,CC1(C)CC2OCC=C21,-0.2248,val
gdb_20164,C1=CC2CC3CC1N23,-0.2078,val
gdb_79205,OC1C2C3CC(O3)C12O,-0.2307,val
gdb_119265,CCCC1(COC)CN1,-0.2401,val
gdb_31688,CNc1cn(C=O)cn1,-0.1998,val
gdb_74341,NC1=NC(C2CO2)CO1,-0.2275,val
gdb_58702,CC(N)C1(C#N)CCN1,-0.2379,val
gdb_10006,C#CC(C#CC)C=O,-0.2489,val
gdb_85505,CC1OC(=N)CC1C=O,-0.2596,val
gdb_43574,N#CC1OC(=N)C2CC12,-0.2788,val
gdb_115525,CC1(C#N)NCC1CO,-0.2485,val
gdb_129446,NC(=O)c1nccnn1,-0.2525,val
gdb_108589,COC12CCCC1C2C,-0.2362,val
gdb_23983,C#Cc1cc2n(c1)CC2,-0.1976,val
gdb_88593,CC1CC1C1C(C)C1O,-0.2319,val
gdb_77752,CC1C(=O)N2C(C)C12C,-0.2371,val
gdb_25978,NC(=O)Cc1cnco1,-0.2386,val
gdb_89539,CC1CC2(C1)C1CCC12,-0.2394,val
gdb_67569,CC12C3CN1C3C1OC12,-0.2287,val
gdb_16439,OC1C2C3NC2C13O,-0.2223,val
gdb_117582,C#CC(CCO)N1CC1,-0.2398,val
gdb_43048,O=C1C2COC3C1CC23,-0.2369,val
gdb_87126,CN1CC1(C)C(C)(C)C,-0.2197,val
gdb_10939,C#CC1CC2(O)CC12,-0.2495,val
gdb_109176,CCC1=CCC(O)CC1,-0.2305,val
gdb_57274,CC(C)(C#N)C1CCC1,-0.3001,val
gdb_88514,CC1NC1C1(C=O)CC1,-0.2355,val
gdb_28899,Cc1cccc(C)c1C,-0.2271,val
gdb_2924,COC1=NCCN1,-0.214,val
gdb_96710,CN=C(C#N)NC1CC1,-0.2403,val
gdb_24627,c1cn2c(n1)C1(CC1)C2,-0.2091,val
gdb_96220,O=CC1=CCOCC1O,-0.2575,val
gdb_93464,CN1CCC(=O)NC1=O,-0.253,val
gdb_81714,OC1C2CCOCC1O2,-0.2477,val
gdb_73338,CC12CCN3C(C1=O)C32,-0.2272,val
gdb_132494,Cc1cc(F)cnc1N,-0.2085,val
gdb_87562,CC1CC12C(O)C1CC12,-0.2431,val
gdb_21372,c1nc2nn[nH]c2[nH]1,-0.2329,val
gdb_4622,Cn1ccc(=O)nc1,-0.2288,val
gdb_125760,Cc1noc(CO)c1C,-0.2434,val
gdb_120560,COCC1CC(CO)C1,-0.2501,val
gdb_51641,N=COC1CC2CC2O1,-0.2527,val
gdb_83696,O=CC1C(O)C2OCC12,-0.2452,val
gdb_69959,CC12CC1C1CCC12O,-0.2176,val
gdb_131664,O=Cc1cc(CO)[nH]n1,-0.2444,val
gdb_12620,O=C1C=CC(O)C1=O,-0.2429,val
gdb_87067,C#CC1(N2CC2)CC1O,-0.237,val
gdb_4425,N=c1ncnc(O)[nH]1,-0.2345,val
gdb_66700,CC12C3C(=O)C4C1N4C32,-0.2336,val
gdb_37597,C1C2C3C4CN2CC1N43,-0.2081,val
gdb_47483,N=C1CC2(CCO1)CO2,-0.2576,val
gdb_78237,CC1OC(C)C2C(C)C12,-0.2379,val
gdb_100097,CC(C)OC(C)(C)CO,-0.241,val
gdb_63898,CC1(C)CN2CC2C1=O,-0.2381,val
gdb_121958,C#CCC(C)CCCC,-0.2578,val
gdb_50106,C#CCOC1CC1C=O,-0.239,val
gdb_37030,C1=NC23CNC2(CO1)C3,-0.2223,val
gdb_47229,O=C1CCC=CC2OC12,-0.2473,val
gdb_3931,O=Cn1ncnn1,-0.3037,val
gdb_76548,CC1CCC12C(C)C2O,-0.2401,val
gdb_106896,CCC12NC1C(=O)C2C,-0.2304,val
gdb_106120,COC12C3NC1C2C3O,-0.217,val
gdb_107969,CCC12CC3N1CC32O,-0.24,val
gdb_54326,CC(=O)C1(CC=O)CC1,-0.2526,val
gdb_130736,O=c1[nH]nnn1C1CC1,-0.2419,val
gdb_105925,COC12C3CC4C3C1C42,-0.2271,val
gdb_20936,CCNc1c[nH]nn1,-0.2014,val
gdb_81009,CC1CC2(C)CC1C2O,-0.2417,val
gdb_52658,CC#CC(N)C(C)C#N,-0.2495,val
gdb_49423,O=CC1C2CC3C(O2)C13,-0.2419,val
gdb_115226,COC1CNC(=O)NC1,-0.2377,val
gdb_56151,CC(C)(O)CCC(N)=O,-0.2445,val
gdb_26067,CC(C#N)c1ccoc1,-0.2375,val
gdb_16678,CC1C2CC(=O)C1O2,-0.2311,val
gdb_129576,NC(CO)c1nnon1,-0.272,val
gdb_130554,C#CC(=O)n1ccnn1,-0.2805,val
gdb_73837,CC1=C(C)C2C3CC1N32,-0.2017,val
gdb_65239,CC1(C2COC2=O)CO1,-0.273,val
gdb_32211,CCc1cnccc1C,-0.2447,val
gdb_1996,CC(C)CC1CO1,-0.2627,val
gdb_81663,CC1C2CC1NC(=O)N2,-0.2317,val
gdb_88185,CC1NC12C=CCOC2,-0.2254,val
gdb_23163,O=CC1C(=NO)CC1O,-0.2426,val
gdb_59778,CC(O)C1C=CCCO1,-0.2405,val
gdb_71693,CC12C3CC4(C)C1N4C32,-0.2154,val
gdb_24891,C#Cc1nccc(=O)[nH]1,-0.2452,val
gdb_70801,CC12CC3(C)C(C1=O)C23,-0.23,val
gdb_51285,O=CCC1=CCC2OC12,-0.2411,val
gdb_97850,OCC#CC1OCC1O,-0.2506,val
gdb_84104,CC1=CC(O)C2(C)NC12,-0.2272,val
gdb_33914,N#CC12NC1C1OCC12,-0.2555,val
gdb_126036,CC1COc2n[nH]nc21,-0.2247,val
gdb_72880,CC12CC3(CC3)C1CO2,-0.2365,val
gdb_16664,CC1CC2CC2C1O,-0.2548,val
gdb_29805,C#Cc1nc(N)cn1C,-0.186,val
gdb_59639,CC(C)C1CC(O)CO1,-0.2437,val
gdb_58316,C#CCCC(C)C(C)O,-0.2548,val
gdb_24628,c1ncn2c1C1(CC1)C2,-0.2098,val
gdb_84053,C#CC1=NC(C)C2CN12,-0.2439,val
gdb_117749,COCC(C)(C=O)C=O,-0.2572,val
gdb_94039,CC1CC(CC#N)CO1,-0.2526,val
gdb_94805,CC1CCC2(CO2)C1C,-0.2546,val
gdb_106167,OCC12C3CN1CC2O3,-0.2225,val
gdb_80851,CC1=CC2CC1(O)C2C,-0.2153,val
gdb_12143,OC12CC1C1(CN1)C2,-0.2334,val
gdb_86453,CC1CC(O)CC(=O)N1,-0.2372,val
gdb_6261,C#CC(=O)NC(C)C,-0.2557,val
gdb_114850,OCC1OC2CCC1C2,-0.2413,val
gdb_12113,CC1(C2(C)CC2)CC1,-0.24,val
gdb_80955,CN1C2CC1(C)C2C#N,-0.2241,val
gdb_89426,CC1C=CC2CC2(O)C1,-0.2299,val
gdb_94355,CC1OCC12CN2C=O,-0.258,val
gdb_35709,C#CC1OCC1C1CC1,-0.2523,val
gdb_67450,CC12C3CCC1CC2C3,-0.2567,val
gdb_35376,N#CC1OC2C3CC1C32,-0.2542,val
gdb_69951,CC12CC3COC3C1O2,-0.2371,val
gdb_29590,Cc1c[nH]cc1CC#N,-0.2151,val
gdb_20109,C1OC1C12CCN1C2,-0.2371,val
gdb_23102,C#CC1OCCC1=NO,-0.2527,val
gdb_113696,CC(C)(C)C1NC1CO,-0.2467,val
gdb_20006,O=CC1NC1C1CN1,-0.246,val
gdb_83224,CC1(C)COC2C(O)C21,-0.2324,val
gdb_102193,C#CCC(CO)N1CC1,-0.2466,val
gdb_94843,CC1CC2(CCC2)CO1,-0.2371,val
gdb_12573,OC1COCCOC1,-0.247,val
gdb_78845,CC12C3C(O)C4C(C31)N42,-0.2273,val
gdb_30753,COc1[nH]cc(C)c1O,-0.1794,val
gdb_78740,O=CC12NC3C(O)C1C32,-0.2296,val
gdb_80185,CC1C2OC(=O)C(O)C12,-0.2674,val
gdb_26890,Nc1ccc(=O)[nH]c1N,-0.1888,val
gdb_62655,CC1(C)N2C3CC2C31O,-0.2382,val
gdb_35152,C#CC1(C#C)OC1C#N,-0.2844,val
gdb_86222,C#CC1OC(C)CC1C,-0.245,val
gdb_57752,CC(C)C#CC(=O)C=O,-0.2566,val
gdb_129848,Nc1cc(O)n[nH]c1=O,-0.2067,val
gdb_12319,CC1=CCNCC1=O,-0.2249,val
gdb_78369,CC1C2C3CCN=C3N12,-0.2293,val
gdb_118664,CCCC(C=O)CCC,-0.2445,val
gdb_40666,C1=CC(C2CO2)C2OC12,-0.2524,val
gdb_7710,N=C1CCNC(=O)N1,-0.2545,val
gdb_12776,CC12CN1CC2CO,-0.2271,val
gdb_13794,CCC1OC1C(C)=O,-0.247,val
gdb_11462,CC1COC(CO)C1,-0.2518,val
gdb_87396,CC1CC(O)C12NC2C,-0.2363,val
gdb_34452,C#CC12CCC3CN1C32,-0.2282,val
gdb_4193,ON=C1CCC2CC12,-0.2277,val
gdb_59485,C#CCC1CC1C(C)C,-0.2589,val
gdb_76033,C#CC1(O)C(O)C1C#N,-0.2608,val
gdb_55197,CC1=CCC(C(N)=O)C1,-0.2264,val
gdb_94418,O=C1CCC12CCC2O,-0.2319,val
gdb_60395,CC(C)OCC1CC1C,-0.2438,val
gdb_49353,C#CC1C(C#C)C1C=O,-0.2483,val
gdb_23450,CC1C2C(=NO)C=CN12,-0.2088,val
gdb_67195,CC12C3CN1C2C3C#N,-0.2545,val
gdb_48476,O=CC1(C=O)CNC=N1,-0.2321,val
gdb_126807,C#Cc1ccnn1CC,-0.2294,val
gdb_100846,C#CC(C=O)C(C)CC,-0.2501,val
gdb_112096,CCC1C=CCOC1=N,-0.2495,val
gdb_76824,CC1C(O)C2=NCCN21,-0.2237,val
gdb_41373,C1CC23CCC2(CC3)O1,-0.2357,val
gdb_104747,CCC1(OC)CC1C#N,-0.2629,val
gdb_85814,CC1C(O)CC1(O)C#N,-0.2724,val
gdb_40911,C1CC2(C1)CC1CC2C1,-0.2779,val
gdb_106093,COC12C3CC1C2C3=O,-0.235,val
gdb_29422,N=CNc1nc(N)co1,-0.1879,val
gdb_93515,CC1COC(=O)NC1C,-0.2492,val
gdb_36231,C#CCC1=NCCCO1,-0.2436,val
gdb_119635,CCCC12CC3C(C1)C32,-0.2414,val
gdb_126806,CCn1ncc(OC)n1,-0.2227,val
gdb_114466,COC1CC2C3CC3C12,-0.2306,val
gdb_98528,CNC(=O)C12CN(C1)C2,-0.2229,val
gdb_132614,Nc1ccc(F)cc1N,-0.1896,val
gdb_110557,CC12OC3C1C(CO)C32,-0.2268,val
gdb_63319,CC1(C)OC(=O)C2OC21,-0.2627,val
gdb_79247,CC1C2N3CC1(O)C23C,-0.2222,val
gdb_69325,CC1(C)CCC2(C)OC12,-0.2496,val
gdb_104897,OCC1(CO)OCCO1,-0.2442,val
gdb_71085,CC12CC3C(O1)C(=O)C32,-0.2259,val
gdb_23214,O=C1C(=NO)C2CC1C2,-0.2321,val
gdb_51869,O=COC1C=CCCO1,-0.2659,val
gdb_10424,N#CC1(CO)CCO1,-0.2772,val
gdb_111778,CCN1C2CCC1C2=O,-0.2355,val
gdb_95834,CC1COCC(O)CO1,-0.2475,val
gdb_66455,CC12C3OC1C1(O)C3C21,-0.2323,val
gdb_16912,OC1CCC2CC2C1,-0.2554,val
gdb_78271,CC1C2C3C(O)C3C12C,-0.2008,val
gdb_30188,OC1Cc2nc[nH]c2C1,-0.2132,val
gdb_27490,Cc1nc(=O)[nH]c(=N)[nH]1,-0.2528,val
gdb_100767,COC(C)C(O)C(C)O,-0.2428,val
gdb_20115,O=C(C1CN1)C1CO1,-0.2587,val
gdb_39344,C1CC23OC2CCC3O1,-0.2472,val
gdb_88944,CC(C)(C)OC1CC1O,-0.2261,val
gdb_82415,CC1C(=N)OCC2CN21,-0.2366,val
gdb_9696,CC1(C#N)CN=CN1,-0.2452,val
gdb_70199,CC12CC1OC(=O)CN2,-0.228,val
gdb_53364,CC#CC1COC(=N)N1,-0.2303,val
gdb_8893,CNC(=O)C(C)OC,-0.238,val
gdb_133669,OC(C1CN1)C(F)(F)F,-0.261,val
gdb_16491,CC1C2CN3C2C13C,-0.2308,val
gdb_39106,C1CC23COCC2C1O3,-0.2509,val
gdb_132489,Cc1cc(F)ccc1N,-0.1969,val
gdb_101905,O=CCCCC(O)CO,-0.2519,val
gdb_76894,CC1C(C)C2CCCC12,-0.2684,val
gdb_41655,C1OCC2C3C1C1C2C31,-0.2418,val
gdb_55895,CC(=N)OC1CC1C=O,-0.2536,val
gdb_102979,O=CCOC(C=O)CO,-0.2583,val
gdb_54979,CC(=O)C1NC12CCC2,-0.2358,val
gdb_15416,O=CC1OC1CCO,-0.2637,val
gdb_36869,C1COC(CC2CO2)=N1,-0.2442,val
gdb_19647,COC12C3C4C1N4C32,-0.2115,val
gdb_48226,C#CC(=O)N(C=N)C=N,-0.2637,val
gdb_34023,C#CC12CC1OCCN2,-0.2159,val
gdb_110829,CCC1C2CC(C)(C)C12,-0.2454,val
gdb_5827,CC(C)(O)C(O)C#N,-0.2765,val
gdb_87677,CC1CC12CC(C)(C)O2,-0.2177,val
gdb_106276,CCC12CC(C)(C1)C2C,-0.2742,val
gdb_124709,CC(CO)n1nnnn1,-0.2981,val
gdb_10090,CCC(=NC)NC=O,-0.2504,val
gdb_92576,CC1CC2CCC=CC12,-0.2313,val
gdb_55754,CC(=N)OC12CCC1C2,-0.2464,val
gdb_35826,N#CC1OCC2COC21,-0.2734,val
gdb_16376,OC1CC(O)C12CN2,-0.2381,val
gdb_127306,Cc1nn(C)ccc1=O,-0.2198,val
gdb_95219,CC1OCC2OC2C1O,-0.2488,val
gdb_8091,OC12COCC(C1)C2,-0.246,val
gdb_131060,O=CNCc1cc[nH]n1,-0.2454,val
gdb_40323,C1NC1C1(C2CO2)CO1,-0.2504,val
gdb_129786,Nc1onc2ocnc12,-0.2166,val
gdb_114765,COC1C=CC2OC2C1,-0.2462,val
gdb_105391,CCC1(NC=O)CC1O,-0.2457,val
gdb_101482,CCC(O)C1OCCO1,-0.2497,val
gdb_44868,O=C1OC2CC1N1CC21,-0.2544,val
gdb_22739,ON=C1C(O)CC12CN2,-0.2404,val
gdb_3652,Cc1cn[nH]c1C,-0.2217,val
gdb_85730,C#CC1OC(C)C1C=O,-0.2532,val
gdb_89275,CC1CC2(O)C=CCC12,-0.2429,val
gdb_71638,OC12CN3C1CCCC32,-0.2353,val
gdb_18980,C1OC2C3CC2C3O1,-0.2484,val
gdb_99364,N#CCOCC(=O)CO,-0.2609,val
gdb_13803,NC(=O)C1OC1CO,-0.2548,val
gdb_123156,CCCCCCN1CC1,-0.2292,val
gdb_11633,O=CC12CC(C1)C2=O,-0.2506,val
gdb_66530,C#CC12C3C1N1C3C12C,-0.2107,val
gdb_87009,O=CNCC1CC(O)C1,-0.2493,val
gdb_5165,N=COc1ncco1,-0.2391,val
gdb_99835,N#CC(O)(CO)C(N)=O,-0.2699,val
gdb_86298,CC1OC(C)C1(O)C=O,-0.2579,val
gdb_104343,CCC1(O)CC=CCC1,-0.235,val
gdb_120346,COCC1C=CC2CN12,-0.2195,val
gdb_105303,O=CN1CC1(C=O)CO,-0.2618,val
gdb_64940,CC1(C#CCC#N)CC1,-0.2473,val
gdb_79902,OC1C2C3COCC2C13,-0.2432,val
gdb_41496,C1NC2=NC3CN(C3)C12,-0.2067,val
gdb_12098,CN1CC1C1(C)CN1,-0.224,val
gdb_35174,N#CC1CC12C1CC2O1,-0.2527,val
gdb_89734,CC1CC2(CC2)C1(C)O,-0.2446,val
gdb_40102,C1OCC2C1CC21CO1,-0.2488,val
gdb_94284,CC1CCC12C1CCC12,-0.2384,val
gdb_16757,OCC1=CC2CC2C1,-0.2147,val
gdb_84248,OC1C=C2CC3C2C13O,-0.2153,val
gdb_27328,Nc1c[nH]c(O)cc1=O,-0.1887,val
gdb_133182,Cc1conc(F)c1=O,-0.2653,val
gdb_49208,N=C1CC=C(C=O)CO1,-0.2623,val
gdb_79883,CC1C2N3CCC3C12O,-0.2056,val
gdb_37571,C1CC2C3C4OC3C24C1,-0.2279,val
gdb_55815,CC(=O)CC1C2CCC21,-0.2342,val
gdb_22626,CC12CCC(O1)C2=NO,-0.246,val
gdb_74299,CC1=CC(C)(C=O)CC1,-0.2272,val
gdb_44749,O=C1NC2CC(C2)C1=O,-0.2376,val
gdb_13793,CCC1NC1C(N)=O,-0.241,val
gdb_110229,CC12OC(=N)C1C2CO,-0.2558,val
gdb_13956,N#CCC12CCC1O2,-0.2688,val
gdb_26397,CC(O)Cc1cnc[nH]1,-0.208,val
gdb_6288,CN(C)CC(N)C#N,-0.2355,val
gdb_110341,CN1C(=O)C2C(CO)C21,-0.2376,val
gdb_83930,O=CC12CCCC1C2O,-0.2446,val
gdb_109649,CC1C(CO)C1(C)C=O,-0.2451,val
gdb_5673,c1nc2ccoc2[nH]1,-0.2047,val
gdb_97465,CN=COCCCC#N,-0.2587,val
gdb_31527,CCc1nc(O)c(N)[nH]1,-0.1858,val
gdb_32241,CNc1nccnc1O,-0.2002,val
gdb_49193,O=CC1=CC2OCC1O2,-0.2586,val
gdb_91472,CN1CC2CC1(C#N)C2,-0.225,val
gdb_26411,CC(C)Oc1cc[nH]c1,-0.1855,val
gdb_1307,CC1(N)COC1=O,-0.2585,val
gdb_67481,CC12C(C#N)C1C1CN12,-0.2431,val
gdb_103426,CCC1(C)C(O)C2OC21,-0.2467,val
gdb_37980,C1COC2C3CC2C3C1,-0.2381,val
gdb_111846,CC12OCCC1C2CO,-0.2389,val
gdb_11235,C#CC1CC=C(C)C1,-0.2326,val
gdb_8431,CC1(O)CC2NC2C1,-0.2367,val
gdb_128610,COc1conc1CO,-0.2382,val
gdb_76401,CC1(N2CC2)C(O)C1O,-0.2234,val
gdb_130500,c1cc2oncc2cn1,-0.2654,val
gdb_19920,OCC1C2C3OC3C12,-0.2316,val
gdb_37090,C1CC12C1OC1C21CN1,-0.2411,val
gdb_16068,CCC12COC1C2O,-0.2331,val
gdb_107343,COC12COC=NC1C2,-0.2291,val
gdb_73132,CC12OCC1CC1OC12,-0.2371,val
gdb_12612,N=C1NCC(=O)C1O,-0.2453,val
gdb_96113,CC12OC1CCCC2O,-0.2573,val
gdb_23099,C#CC1CCCC1=NO,-0.2443,val
gdb_82025,CC1(C=O)C(O)C2CC21,-0.2474,val
gdb_97443,CN=COCC1(C)CN1,-0.2321,val
gdb_28206,Cc1cc2c([nH]1)OCC2,-0.164,val
gdb_63448,C#CC1(C#N)NC1(C)C,-0.2625,val
gdb_124386,CC(=O)Oc1cnon1,-0.2931,val
gdb_52497,CC#CC#CCC1CO1,-0.2292,val
gdb_99330,CN=COCC(=O)OC,-0.2479,val
gdb_115104,CCC1OC=NCC1O,-0.2488,val
gdb_28998,C#Cc1nccnc1O,-0.2384,val
gdb_41293,C1CC23CC4CC2C4C13,-0.242,val
gdb_50097,O=CC1OC1CC1CC1,-0.2594,val
gdb_48804,C#CC1OC2CC12C=O,-0.2549,val
gdb_115019,OCC1CC=CC12CO2,-0.2412,val
gdb_112247,O=CN1C(=O)CC1CO,-0.2515,val
gdb_3349,C1CC2COC2=N1,-0.2479,val
gdb_50302,N=C1N(C=O)CC2CN12,-0.2547,val
gdb_92703,CC1=CCC(C)C1(C)C,-0.2244,val
gdb_41186,C1=NC23COC2C(C3)O1,-0.2377,val
gdb_65584,CC1(C#N)OC2CC2O1,-0.2754,val
gdb_8212,CC12COCC1(C)O2,-0.2486,val
gdb_84117,CC1=CC(O)C2COC12,-0.2452,val
gdb_80519,N#CC12C(O)CC1C2O,-0.2695,val
gdb_76164,C#CC1(C)C(O)C1(C)O,-0.2347,val
gdb_36821,N#CCCCOCC#N,-0.2981,val
gdb_41585,C1=C2C(CC1)C1COC21,-0.2289,val
gdb_24769,O=C1C=Cc2cncn21,-0.237,val
gdb_106176,COC12C3COC1C2C3,-0.2174,val
gdb_47689,N=C1COCOC(=O)N1,-0.2713,val
gdb_96329,CC1CCCOC(C)C1,-0.2397,val
gdb_66810,CC12C3C4C5C4N(C51)C32,-0.2237,val
gdb_21546,Nc1cnoc1C=O,-0.24,val
gdb_82946,CN1C2CC3NC3C21C,-0.2005,val
gdb_125480,Cc1ncc(C=O)nn1,-0.247,val
gdb_127131,Cc1n[nH]nc1N(C)C,-0.2003,val
gdb_29031,Cc1cnccnc1=N,-0.2357,val
gdb_77601,CC12N=COC1(C)C2O,-0.2326,val
gdb_30863,COc1oc(C)cc1C,-0.1894,val
gdb_22266,CC(=NO)C1(C)CC1O,-0.237,val
gdb_74696,CC1=CC2OC(C1)C2=O,-0.2337,val
gdb_63423,C#CC1C=CC(C)(O)C1,-0.2536,val
gdb_61157,C#CCN(C)C(=N)C=O,-0.2395,val
gdb_32923,CCNc1cnc(O)o1,-0.1913,val
gdb_62277,CC1(C#N)C2CC3C1N32,-0.2641,val
gdb_97521,CCC#CC(=O)NC=O,-0.2559,val
gdb_16648,CC1OC2CC2C1=O,-0.2426,val
gdb_7934,CC1OC(=O)CC1=O,-0.261,val
gdb_117498,C#CC(C#CC)CCO,-0.2475,val
gdb_121480,CCOC=NC1CC1O,-0.2265,val
gdb_53395,CC#CC1OCC12CO2,-0.2468,val
gdb_61311,C#CCC(O)CC1CO1,-0.2519,val
gdb_120898,OCCC1CC2(CC2)C1,-0.2604,val
gdb_97284,CN=CN(C=N)C=NC,-0.2297,val
gdb_55237,N=C1CCC(C(N)=O)O1,-0.2489,val
gdb_92933,C#CC1(C)C=CCC1O,-0.246,val
gdb_28387,Nc1ccc(O)[nH]c1=O,-0.1817,val
gdb_47176,N=C1CCC=CC(=O)N1,-0.2545,val
gdb_81097,CN1C2CC1(C=O)C2O,-0.2157,val
gdb_67889,CC12C=CCC3OC1C32,-0.215,val
gdb_93171,CC1CC(=O)C(=O)CN1,-0.2245,val
gdb_66324,C#CC1(C)CCOC=N1,-0.2486,val
gdb_58726,CC(O)C12C3C4C(C31)N42,-0.2199,val
gdb_106604,CCC12CC(CO1)C2=O,-0.2239,val
gdb_43808,C#CC1C(=N)OC12CC2,-0.2576,val
gdb_104958,CCC1(C(=O)C#N)CN1,-0.2739,val
gdb_18756,CC1OC2CC(O)C12,-0.2422,val
gdb_81790,CC12OC1C(O)C21CC1,-0.2442,val
gdb_120665,COCC1NC12COC2,-0.2419,val
gdb_48562,O=CC12C=CC3C1CN32,-0.2295,val
gdb_77853,C#CC1C2C(O)C(=O)N12,-0.2524,val
gdb_108799,CC1N=C(CO)NC1=O,-0.2567,val
gdb_37704,C1C2CC3C4C1C(O2)C34,-0.2394,val
gdb_4211,Fc1cnccn1,-0.268,val
gdb_125734,Cc1cc(O)c(=O)on1,-0.255,val
gdb_50684,N#CC1OCOC1C=O,-0.2711,val
gdb_16679,CC1C2CC1C(=N)O2,-0.2519,val
gdb_101916,CCC(C(C)=O)C1CN1,-0.2351,val
gdb_96823,CN=C1OC(C#N)C1C,-0.2681,val
gdb_69384,CC12CC=C(C=O)C1O2,-0.2526,val
gdb_73945,CC1=C(C=O)CNC1=O,-0.2539,val
gdb_39574,C1=CC2C=CCC(C1)O2,-0.2281,val
gdb_91799,CC1C(O)CC2CC21O,-0.2483,val
gdb_23669,Fc1cncc(F)c1,-0.261,val
gdb_51971,N#CCC(=O)CCC=O,-0.2621,val
gdb_25830,Nc1[nH]c(C(=O)[O-])c[nH+]1,-0.19,val
gdb_12627,CC1C=CC(O)C1=O,-0.2516,val
gdb_106860,COC12COC1(C#N)C2,-0.2417,val
gdb_30246,NC1Cn2cc(O)nc21,-0.1956,val
gdb_103890,CC1(CO)CC1CC=O,-0.2441,val
gdb_28120,Cc1nc2[nH]cnc2o1,-0.2094,val
gdb_99055,C#CC(C)NC(=O)CC,-0.2449,val
gdb_121481,CCOC=NC1CCC1,-0.2392,val
gdb_124524,CC(C)c1nc(N)no1,-0.2345,val
gdb_104311,CCC1(O)CCC2OC21,-0.2568,val
gdb_54032,CC(=O)N(C=O)C1CC1,-0.2636,val
gdb_120521,C#CC1CC(COC)C1,-0.2531,val
gdb_44877,O=C1CC2CC1C21CO1,-0.2367,val
gdb_19356,CCC12CC1C1OC12,-0.2257,val
gdb_72779,CC12CNC1=NCC2=O,-0.2333,val
gdb_85454,CN1CC(=O)CC12CC2,-0.2111,val
gdb_105390,CCC1(OC=O)CC1C,-0.2689,val
gdb_7968,CC1=CC(=O)C(C)C1,-0.2298,val
gdb_97436,CN=COCC(C)C#N,-0.2632,val
gdb_28203,Cc1cc2c(o1)CCO2,-0.1843,val
gdb_27966,O=Cc1cncc(O)c1,-0.2501,val
gdb_104713,CCC1(OC)CC(O)C1,-0.247,val
gdb_5647,c1nc2c[nH]cc2o1,-0.2041,val
gdb_113878,CC#CCC1CN1CC,-0.2226,val
gdb_74555,CC1=CC2C(C1)C2(C)O,-0.2094,val
gdb_56071,NC(=O)OC=NCC=O,-0.2497,val
gdb_103845,CC1(CO)NC1C1CN1,-0.2269,val
gdb_132755,Cc1ccnc(F)c1F,-0.2538,val
gdb_97976,OCC#CCCC1CC1,-0.2395,val
gdb_30015,Cn1ccc2c1COC2,-0.1964,val
gdb_1301,CC1(C)CCC1=O,-0.2338,val
gdb_17169,CCC12CC3C1CC32,-0.2792,val
gdb_74138,N=C1CC(N)=CC(=O)O1,-0.239,val
gdb_98084,COC(=O)C(=O)C(C)O,-0.2677,val
gdb_53065,CC#CC1=CC2NC2C1,-0.2114,val
gdb_27836,Nc1cc(O)oc(=O)c1,-0.2085,val
gdb_130889,O=Cc1ncn[nH]c1=O,-0.256,val
gdb_23264,NC1=NC2CC2C1=NO,-0.2174,val
gdb_33410,N#CC(C1CC1)C1CN1,-0.2609,val
gdb_46305,O=C1NCC12C=CCC2,-0.2317,val
gdb_10305,CN(C)C(C#N)CN,-0.2355,val
gdb_82434,N=C1OCC2NC2C1O,-0.2515,val
gdb_100803,CC(CO)C(O)CC#N,-0.275,val
gdb_2012,CCC12CC(C1)C2,-0.2866,val
gdb_18358,OC1CC=C2COC21,-0.2365,val
gdb_7772,CC1C=CCC(C)O1,-0.2412,val
gdb_63223,CC1(C)N=COC1C#N,-0.275,val
gdb_76921,CC1N(C2CC2)C1(C)C,-0.2136,val
gdb_63482,CC1(C)OC1(C)CC#N,-0.2742,val
gdb_27061,Cc1[nH]cnc1OC=N,-0.2058,val
gdb_70811,CC12CC3(O)C1C=CC23,-0.2156,val
gdb_65413,C#CCC1NC1(C)C#N,-0.2661,val
gdb_27244,Cc1[nH]cc2c1CCN2,-0.1661,val
gdb_53325,CC#CC1OC2C(O)C12,-0.229,val
gdb_88372,C#CC(C)(C)N1CC1C,-0.2191,val
gdb_69349,CC12CC1C(O)(C#N)C2,-0.2716,val
gdb_21647,N#Cc1nc(N)n[nH]1,-0.2388,val
gdb_76843,CC1C(O)C2OC(=N)C12,-0.2624,val
gdb_21222,CNc1cc(N)on1,-0.2014,val
gdb_12752,CC12OC1CC2C#N,-0.2704,val
gdb_111939,CCN1C=CC(=O)C1=N,-0.2239,val
gdb_101418,COC(C)C1COC1=N,-0.2603,val
gdb_54608,CC(=O)C1=C(N)COC1,-0.2085,val
gdb_94637,C#CCOC1COC1C,-0.2486,val
gdb_81717,C#CC12NC1C(C)C2=O,-0.2371,val
gdb_68078,CC12COCC(C)(C1)O2,-0.2301,val
gdb_14083,CN1CC12COC2=N,-0.2456,val
gdb_94618,CC1OCC1OC1CC1,-0.2435,val
gdb_47833,N=C1CC=CCCCO1,-0.2478,val
gdb_114768,OCC1C=CC2CC2C1,-0.2259,val
gdb_124635,CC(C)Nc1cc[nH]n1,-0.1892,val
gdb_30888,COc1oc(C)nc1O,-0.1996,val
gdb_133390,Nc1noc(F)nc1=O,-0.2653,val
gdb_51077,O=CCC12CC(O1)C2=O,-0.2576,val
gdb_121496,CCCN=COC(C)C,-0.2386,val
gdb_108487,OCC12CCN1CC2O,-0.2125,val
gdb_16558,C1=CC2CCC(C1)C2,-0.232,val
gdb_38011,C1=C2CC3C2C2CC1C32,-0.1977,val
gdb_36050,C#CC1(CC#N)CCN1,-0.2458,val
gdb_114099,CCC1CC2(O)CCC12,-0.2424,val
gdb_64337,CC1(C)CNCC(=N)O1,-0.2268,val
gdb_52396,O=CCCOC1COC1,-0.2544,val
gdb_19193,CC1C2CCC1C2C,-0.279,val
gdb_107197,CCC12CC1C1CC1O2,-0.2291,val
gdb_95590,CC1C=CCC=CCO1,-0.2306,val
gdb_48544,O=CC12C3CCC1C2C3,-0.2408,val
gdb_13044,N=C1OCC1CC=O,-0.2516,val
gdb_2831,C#CC1NC1CC,-0.2449,val
gdb_107630,CCC12OC1CCC2C,-0.2497,val
gdb_7144,CCOC(=N)COC,-0.2574,val
gdb_103736,CCC1(C)OC1(C)C=O,-0.2507,val
gdb_31039,CCc1cc(O)[nH]c1O,-0.1608,val
gdb_9285,CCC(O)CCC=O,-0.2473,val
gdb_28315,Cc1cn2c(c1O)CC2,-0.1797,val
gdb_128829,COCc1nocc1C,-0.251,val
gdb_123631,c1[nH]nc2c1C1CC2N1,-0.2134,val
gdb_128932,N#CCNc1ccno1,-0.2296,val
gdb_35306,C#CC1CC2(C#N)OC12,-0.2731,val
gdb_99425,C#CC(C#C)(C#N)CN,-0.2566,val
gdb_92801,CC1CC=C2C3CC3C21,-0.2198,val
gdb_79499,CC1C2C3CN2C13C=O,-0.2448,val
gdb_88803,CC1OC1C1NCC1=O,-0.249,val
gdb_113005,CCC1OC(C=O)C1C,-0.2421,val
gdb_38443,C1COC2(C1)CC1CC12,-0.2345,val
gdb_33904,N#CC12CC1C1CCN12,-0.2414,val
gdb_20574,CC(O)c1cn[nH]n1,-0.262,val
gdb_66413,C#CC1C2OC(=O)C12O,-0.258,val
gdb_13191,CCC(=O)C1CCO1,-0.2335,val
gdb_38700,C1=CC23CC2CC(C1)O3,-0.2186,val
gdb_63577,CC1(C)NC12C=CCC2,-0.2149,val
gdb_112407,N=C1NC(=O)OC1CO,-0.2761,val
gdb_112375,CCN1CC(=O)CC1=O,-0.2454,val
gdb_110087,C#CC1C(C=O)C1CO,-0.2511,val
gdb_6702,CC(C)CCCC#N,-0.3128,val
gdb_32592,CCn1cc(N)cc1C,-0.1663,val
gdb_123604,c1cc2n(n1)CC1CN21,-0.2226,val
gdb_76407,CC1C(C)C1(O)C1CO1,-0.2463,val
gdb_131396,Oc1n[nH]nc1C1CN1,-0.2243,val
gdb_46176,C#CC1(C#N)NCC1=O,-0.2716,val
gdb_57097,CC(C#N)C1CCCC1,-0.3101,val
gdb_127704,Cc1nn(C)nnc1=O,-0.2337,val
gdb_108316,CCC12CN(C)C1CO2,-0.209,val
gdb_90548,CC1OC2C(C=O)CC12,-0.2432,val
gdb_120316,OCCC1C2CCC12O,-0.2451,val
gdb_103293,CC1(CO)C2CC1(O)C2,-0.2511,val
gdb_127820,C[NH+]=C(N)c1cnn[n-]1,-0.2256,val
gdb_112872,CC1OC(=N)C(CO)O1,-0.2696,val
gdb_121866,CC(CCCO)C(N)=O,-0.2407,val
gdb_79830,CC12C3CCC1C2C3O,-0.2397,val
gdb_102476,CCC(=O)N(CC)CC,-0.2301,val
gdb_111867,OCC1C2OCCC12O,-0.2392,val
gdb_3598,CC1OC1C1CC1,-0.2529,val
gdb_32070,O=c1ncnc(CO)o1,-0.2932,val
gdb_95194,O=C1C(O)CCC2CN12,-0.2569,val
gdb_117375,CCOC(=O)CC1CN1,-0.2463,val
gdb_62850,CC1(C)C2CC1C(=O)N2,-0.2339,val
gdb_33414,N#CC(C1CN1)C1CO1,-0.2605,val
gdb_37583,C1=CC2C3CC4C(C13)C24,-0.2271,val
gdb_108670,CC1=C(CO)COCC1,-0.2366,val
gdb_770,Nc1ccon1,-0.2328,val
gdb_101850,OCC(O)CCC1CO1,-0.2572,val
gdb_82329,OC1C2NC2CC12CN2,-0.2346,val
gdb_39075,C1=CC2OC=NCC1O2,-0.2423,val
gdb_57585,CC(C)(C=O)C(=O)C#N,-0.2727,val
gdb_80010,CN1C2C=CC1C1CC12,-0.1948,val
gdb_28582,Cc1ncc(N2CC2)o1,-0.2209,val
gdb_125016,Cc1oncc(=O)c1N,-0.22,val
gdb_106372,CCC12CC(O)C(C1)C2,-0.2557,val
gdb_101698,CCC(O)CC1(C)CO1,-0.2585,val
gdb_41549,C1CN2C1C1OC3C1C32,-0.1959,val
gdb_81566,CC1C2CN1C2C(N)=O,-0.2274,val
gdb_35307,C#CC1NC2(C#N)CC12,-0.2447,val
gdb_99738,CC(C)C(CO)C(N)=O,-0.2421,val
gdb_111548,CCC1C2OC3C2C13O,-0.2192,val
gdb_31002,Cc1oc(N)cc1CO,-0.1763,val
gdb_79435,CC1C2C(=O)C3CC2C31,-0.2285,val
gdb_75043,CC1=CC=CCNC1=O,-0.2306,val
gdb_32,N#CCN,-0.2683,val
gdb_57018,C#CC(C)C1COC1=O,-0.2652,val
gdb_54336,C#CC1(C(C)=O)CCC1,-0.2402,val
gdb_120917,COCC1CC2C(C)N12,-0.2236,val
gdb_52043,O=COCC(C=O)C=O,-0.273,val
gdb_40586,C1CC1C1C2C3CC2N31,-0.224,val
gdb_25278,O=C1OCc2cccn21,-0.2313,val
gdb_3498,N#CC1C2CC1N2,-0.263,val
gdb_94924,CC1CCC2C1N2C=O,-0.2462,val
gdb_132868,Nc1cc(F)c[nH]c1=O,-0.191,val
gdb_20944,CCNc1nn[nH]n1,-0.222,val
gdb_27138,O=CNc1[nH]cnc1O,-0.1908,val
gdb_21733,c1nc2conc2o1,-0.2603,val
gdb_126580,CCCCc1cnn[nH]1,-0.2483,val
gdb_6076,NC(=O)CCC(N)=O,-0.245,val
gdb_57986,C#CCCC(=O)C(C)O,-0.2614,val
gdb_126239,CCc1onnc1C#N,-0.2872,val
gdb_26973,C#CCc1ccoc1C,-0.2115,val
gdb_112312,COC1OC(=N)N2CC12,-0.2538,val
gdb_53840,NC(=O)C(=O)CC1CN1,-0.2361,val
gdb_90147,CC1CC23CCCC12C3,-0.2193,val
gdb_102374,C#CC(CC)(CC)CC,-0.257,val
gdb_19828,OC1CC2C3NC3C12,-0.2275,val
gdb_30646,CC(CO)c1ncco1,-0.2398,val
gdb_59813,CC(C)N=CNC(N)=O,-0.2394,val
gdb_50347,O=CC1OC2CCC1C2,-0.2415,val
gdb_5539,CNc1[nH]cnc1O,-0.1939,val
gdb_66691,OC12C3CC4C3C1C42O,-0.2247,val
gdb_19444,C1NC12COC21CC1,-0.2279,val
gdb_17886,OC1C2C=CCC1O2,-0.2422,val
gdb_124335,CC(=O)n1cnoc1=O,-0.2787,val
gdb_94715,CC1CCC2(O)CC2O1,-0.2363,val
gdb_101937,NC(=O)C(CO)N1CC1,-0.2407,val
gdb_113258,CC1(OC=N)CC1CO,-0.2598,val
gdb_119968,CCC1C(CCO)N1C,-0.2131,val
gdb_107605,O=C1CCN2CC12CO,-0.2473,val
gdb_10078,CCC(CC)NC=O,-0.2482,val
gdb_24243,c1cc2c(o1)OC1CC21,-0.1907,val
gdb_21176,CNc1cc(O)no1,-0.2063,val
gdb_76037,C#CC1C(C)C1(C)C=O,-0.2474,val
gdb_81968,CC1C(O)C(O)C2NC12,-0.2401,val
gdb_63546,CC1(O)CC12CN1CC12,-0.2214,val
gdb_48088,O=CC(=O)N1C2CC1C2,-0.2409,val
gdb_81947,CC1C(=O)C(O)C2NC12,-0.2346,val
gdb_95919,C#CC1(C)CCOC1C,-0.2463,val
gdb_36988,C1CC(OCC2CN2)C1,-0.2435,val
gdb_77739,CC1C2=CCC3C2C13O,-0.2071,val
gdb_51210,O=CNC12CC3C1CC32,-0.2497,val
gdb_105671,CCC1(C=O)COC1C,-0.2499,val
gdb_90468,N#CC1C2CC(O)CN12,-0.2454,val
gdb_31880,C#Cc1ccc(CC)o1,-0.2076,val
gdb_104991,C#CC(C)C1(CO)CO1,-0.2593,val
gdb_81735,CC1C(O)C2(C#N)CN12,-0.2581,val
gdb_109016,CC12CC1N=C(CO)O2,-0.2488,val
gdb_113713,C#CC(C)N1CC1CO,-0.2253,val
gdb_64110,CC1(C)CNC(C#N)=N1,-0.2448,val
gdb_51375,O=COC1C2C3CN3C12,-0.2376,val
gdb_45126,O=C1NC2CC2NC1=O,-0.2466,val
gdb_104635,CNC1(C#N)CN(C)C1,-0.2304,val
gdb_39135,C1C2OCC3(COC3)C12,-0.2364,val
gdb_122456,CCCCC1NC1C#N,-0.2741,val
gdb_6109,CC1(C)CC(=O)C1O,-0.2481,val
gdb_95887,O=CN1CCCC(O)C1,-0.239,val
gdb_64444,CC1(C)COCOC1=N,-0.264,val
gdb_86115,CC1=CNC(=O)C(O)C1,-0.2202,val
gdb_44342,O=C1NC2C3C=CC2C13,-0.2273,val
gdb_40173,C1CC2(CO2)C2CC1O2,-0.2397,val
gdb_28588,Nc1ccc(C2CN2)o1,-0.1813,val
gdb_1715,O=CC1(O)CCC1,-0.2656,val
gdb_19888,C#CC1C2C3CN3C12,-0.2274,val
gdb_1239,C#CCCC(C)C,-0.257,val
gdb_12232,CN=C1OC(C)C1N,-0.2397,val
gdb_98006,CC#CC#CC(=O)NC,-0.2418,val
gdb_122191,CCCCC1(O)COC1,-0.251,val
gdb_56791,CC(C#N)C1=CCCC1,-0.2478,val
gdb_106270,O=C1C2(O)CC1(CO)C2,-0.2432,val
gdb_67197,C#CC1C2CC3N1C23C,-0.2362,val
gdb_59245,CC(O)C1C(O)C2OC21,-0.251,val
gdb_122365,CCCOC1C2CC1O2,-0.2362,val
gdb_67626,CC12C3C4CC1C2(C)N43,-0.2145,val
gdb_13924,O=C1COC12COC2,-0.2565,val
gdb_20290,C1CC1C1C2CC1C2,-0.2685,val
gdb_76345,CC1C(C)N(C=O)C1C,-0.2367,val
gdb_24508,c1cnc2ccoc2c1,-0.2348,val
gdb_100682,CCC(C)C(C)(O)CO,-0.2528,val
gdb_106929,CCC12CNC(=O)C1O2,-0.24,val
gdb_123195,CCCCOCCC#N,-0.2712,val
gdb_13560,CC(C=O)C1NC1C,-0.2463,val
gdb_38526,C1=C2CC3CC3C2CC1,-0.2267,val
gdb_50487,N#CC1=CC(C=O)OC1,-0.2559,val
gdb_106752,CNC12CC1(O)CC2=O,-0.2158,val
gdb_131050,O=CNCc1ccn[nH]1,-0.2376,val
gdb_69344,CC1(C#N)NC2(C)CC12,-0.2458,val
gdb_106325,CN1CC2(CO)C(O)C12,-0.2022,val
gdb_126792,CCn1ncc(=O)nn1,-0.2372,val
gdb_115744,OCC1OCC1N1CC1,-0.2391,val
gdb_8247,C#CCC1CC(=O)C1,-0.244,val
gdb_72972,C#CC1(C)C2COC21C,-0.2259,val
gdb_92324,CC1=C2C(C)CC2OC1,-0.2187,val
gdb_102359,C#CC(C=O)(CC)OC,-0.2463,val
gdb_115889,COC1OCC2CC21O,-0.2566,val
gdb_84059,N#CC1=CC(O)C2NC12,-0.2614,val
gdb_6479,COC1(C)CC(C)C1,-0.241,val
gdb_49598,O=CC1C2NC2C2OC12,-0.2382,val
gdb_60521,CN(C(=O)C=O)C1CC1,-0.2399,val
gdb_82794,OC1C2C=CC3CC1C32,-0.2336,val
gdb_96668,CN=C(C)OC1(C)CC1,-0.2389,val
gdb_31830,CNc1cnc(N)nc1,-0.1873,val
gdb_44180,N#CC1CN2C(=O)CC12,-0.2629,val
gdb_70391,CC1(C#N)CC2NC21C,-0.2435,val
gdb_38503,C1CC23OC12CC1NC13,-0.2414,val
gdb_125850,CC1C2c3cnnn3C12,-0.2473,val
gdb_26724,Nc1c(C=O)c[nH]c1O,-0.1926,val
gdb_124378,CC(=O)Oc1cnoc1,-0.2526,val
gdb_62669,CC1(O)C2C1C1(C)CN21,-0.2156,val
gdb_55156,CC(=O)N1CC2OC2C1,-0.2385,val
gdb_76614,CC1C(C)C1C(C)(C)C,-0.2554,val
gdb_106379,CCC12CC(C1)C1CC12,-0.247,val
gdb_118110,CC(CCO)C1CN1C,-0.2203,val
gdb_129294,N=c1onccc1C=O,-0.2574,val
gdb_100913,CCC(C)C(C=O)CO,-0.2445,val
gdb_33258,OCCOc1ccoc1,-0.2154,val
gdb_101066,CNC(C)C1(C#N)CO1,-0.2337,val
gdb_93914,CC1C=CCC(O)CO1,-0.2413,val
gdb_55367,NC(=O)C1COC2CC21,-0.2304,val
gdb_94936,CC1(O)C2CCC(O)C21,-0.2394,val
gdb_69562,OC12CCC1C1(O)CC21,-0.2245,val
gdb_133583,N#CC1OC1C(F)(F)F,-0.3268,val
gdb_4407,Nc1cncc(=O)o1,-0.2187,val
gdb_133395,N=c1cnoc(F)c1F,-0.2482,val
gdb_122842,CNC(=O)CCCCO,-0.2426,val
gdb_32653,CCn1cccc1C=O,-0.2235,val
gdb_85413,CC1(C)NC(=O)CC1O,-0.242,val
gdb_98944,C#CC(=N)NC(=N)CO,-0.2549,val
gdb_115516,OCC1CCC(CO)C1,-0.2608,val
gdb_29986,Cn1cnc2[nH]ccc21,-0.184,val
gdb_32641,CCn1ccc(NC)c1,-0.1643,val
gdb_32465,[NH3+]Cc1coc([O-])c1O,-0.1187,val
gdb_74540,CC1=CC23CC1C2CO3,-0.2193,val
gdb_107690,OCC12COCCC1O2,-0.2556,val
gdb_132414,O=Cc1cccc(F)n1,-0.2605,val
gdb_24465,c1cc2cc[nH]cc-2n1,-0.1953,val
gdb_83217,N#CC1CCC2C(O)C12,-0.2665,val
gdb_80535,CC1OC2C(=O)C1C2C,-0.2262,val
gdb_10466,N#CC1(OC=O)CC1,-0.2947,val
gdb_24962,O=c1[nH]c2ocnc2o1,-0.2244,val
gdb_118147,CCCC(C)C1COC1,-0.2412,val
gdb_63992,CC1(C)CC=C(C#N)C1,-0.259,val
gdb_90219,OC1CC23OC4C2CC143,-0.2206,val
gdb_14014,O=CC1OC12COC2,-0.2664,val
gdb_128987,c1cc2n[nH]nc2cn1,-0.248,val
gdb_125014,Cc1onc(C#N)c1N,-0.2341,val
gdb_81270,CC1C(=O)C2NC1C2O,-0.23,val
gdb_18127,C1CC2COCC2O1,-0.2426,val
gdb_60130,CC(O)CC1C(C)N1C,-0.2101,val
gdb_90966,OC1CC2C3CC2(O)C13,-0.2478,val
gdb_20359,c1nocc1C1CC1,-0.2497,val
gdb_21345,N#CCn1cnnc1,-0.2679,val
gdb_130516,c1cc2ncnoc-2c1,-0.2219,val
gdb_77478,CC1CC2(O)C(O)C12O,-0.2234,val
gdb_36011,C#CCC(C#N)N1CC1,-0.2588,val
gdb_79128,N=C1OC2C3C(O)C2C13,-0.2552,val
gdb_79794,OC1C2C3CN4C3C1C24,-0.2238,val
gdb_89678,CC12CC1(C=O)CC2O,-0.2421,val
gdb_100361,CC(C#N)(CN)OC=O,-0.2605,val
gdb_103635,CCC1(C)OC(C)C1C,-0.2367,val
gdb_12502,CC1=CC=CCC=C1,-0.2093,val
gdb_60295,CC(O)CN=COC=O,-0.2531,val
gdb_126398,CCc1nn(C)nc1N,-0.2048,val
gdb_92189,OC1CC2OC3C1CC23,-0.2419,val
gdb_25390,O=Cc1cccc(=O)[nH]1,-0.2355,val
gdb_38096,C1=CC2C=CC3NC23C1,-0.2275,val
gdb_92855,CC1CC=C2CCOC21,-0.2349,val
gdb_57213,CC1(C(O)C(N)=O)CC1,-0.2557,val
gdb_109514,C#CC1C(OC)C1(C)C,-0.2259,val
gdb_111890,CC1=CC(CO)C2OC12,-0.2381,val
gdb_88879,OC1CC1C1CCOC1,-0.2348,val
gdb_24850,N=c1cnccc(=O)[nH]1,-0.2645,val
gdb_22516,CC1(C=O)CCC1=NO,-0.2438,val
gdb_76604,C#CC(=O)C1C(O)C1O,-0.247,val
gdb_14556,CCC1(O)C2CCC21,-0.2411,val
gdb_8918,C#CC(O)C(O)CC,-0.253,val
gdb_42908,O=C1C(C2CN2)C2CN12,-0.2535,val
gdb_92824,OC1CN=C2NC=NC21,-0.2393,val
gdb_79015,CN1C2C3CN4C2C4C31,-0.2056,val
gdb_63095,CC1(C)C2C(=O)CCN21,-0.2333,val
gdb_104632,CN1CC(C#N)(CO)C1,-0.2322,val
gdb_19300,OCC1C(O)C2NC12,-0.238,val
gdb_116136,CCC1C=C(C)CCC1,-0.2251,val
gdb_32875,COCc1nc(C)c[nH]1,-0.2056,val
gdb_13099,O=COC1CCC1O,-0.2702,val
gdb_59104,CC1NC(=O)C1N(C)C,-0.2177,val
gdb_35102,C#CC1N=COC12CC2,-0.247,val
gdb_28629,O=Cc1ccc(O)nc1,-0.2519,val
gdb_102341,C#CC(C#N)(CO)NC,-0.2688,val
gdb_7352,CCOC(=O)C(C)N,-0.2427,val
gdb_6278,CC(C)CC(O)C#N,-0.3003,val
gdb_76110,CC12CN1C(C#N)C2N,-0.2432,val
gdb_65255,CC1(C2C=CCO2)CO1,-0.2332,val
gdb_17278,CC1OC1CN1CC1,-0.234,val
gdb_9297,C#CC(C)N=COC,-0.2495,val
gdb_103102,CCC1(O)C(C)C1C#N,-0.2615,val
gdb_123839,C1=Cn2nncc2CC1,-0.2422,val
gdb_71108,CC12CC3C(N1)C3C2=O,-0.2199,val
gdb_60855,CC(C=O)C1(C)CCC1,-0.242,val
gdb_60863,CN(C=O)C1(C)CCC1,-0.2331,val
gdb_64131,CC1(C)CNC(C#N)C1,-0.2391,val
gdb_2048,CC1(C)C2COC21,-0.2293,val
gdb_73764,CC1=C(C)C2NC2C1=O,-0.229,val
gdb_125050,Cc1c(C=O)noc1N,-0.2247,val
gdb_56928,C#CC(C)N1CC1C#N,-0.2605,val
gdb_63172,CC1(O)C2CCCC21O,-0.2196,val
gdb_78599,CC1C2C3C(C)C2(C)N13,-0.2211,val
gdb_89462,CC1CC2(C)COC12C,-0.2359,val
gdb_48886,O=CC12CN3C(CO1)C32,-0.2436,val
gdb_111667,O=C1CCC2C(CO)C12,-0.2352,val
gdb_8118,CC12CC(=O)CC1N2,-0.2473,val
gdb_18303,OC1C2OCCOC12,-0.219,val
gdb_132961,Cn1c(F)ncnc1=O,-0.2754,val
gdb_130720,O=c1nccn[nH]c1=O,-0.2657,val
gdb_51646,O=CCC1CC2CN2C1,-0.232,val
gdb_123879,c1nc(N2CCC2)n[nH]1,-0.1973,val
gdb_11495,O=CC(=O)CC1CN1,-0.2461,val
gdb_70025,CC12NC1C1OCCC12,-0.2152,val
gdb_76759,CC1C(O)C2CCC12C,-0.2498,val
gdb_63704,CC1(O)CC2(O)COC12,-0.2375,val
gdb_61704,C#CC(C)(C=O)OC=N,-0.2628,val
gdb_81856,CC12CC(=O)C(O)C1N2,-0.258,val
gdb_59793,CC(O)C1COCOC1,-0.2586,val
gdb_70709,N=C1OCOC2CC12N,-0.2513,val
gdb_106298,CC12CCC(CO)(C1)O2,-0.2467,val
gdb_51982,N=C(NC=O)OCC=O,-0.2608,val
gdb_81591,OC1C2CC1C2C1CC1,-0.2507,val
gdb_19720,C1OC2OC1C1CC21,-0.253,val
gdb_33058,COCc1coc(=O)[nH]1,-0.2136,val
gdb_78956,CC1C2C3C4C3C1(C)C24,-0.2331,val
gdb_12146,C1CC12CC1(CC1)O2,-0.214,val
gdb_32459,Nc1occ(CO)c1N,-0.2036,val
gdb_65333,CC1(C2CO2)OC1C#N,-0.2864,val
gdb_83945,CC1C2CCCC1C2C,-0.2647,val
gdb_89856,OC1C=CCC2(CO2)C1,-0.2461,val
gdb_131603,O=C(CO)n1nnnn1,-0.3121,val
gdb_38495,C1C2N1CC13CC21CO3,-0.2154,val
gdb_52135,O=CNCC1=NCCO1,-0.2487,val
gdb_29627,Cn1c(O)ncnc1=N,-0.2298,val
gdb_44215,N=C1OC2C(=O)C=CC12,-0.2538,val
gdb_116908,CCCC#CC1(O)CC1,-0.2273,val
gdb_128070,CNC(=O)c1cnoc1,-0.2607,val
gdb_14315,O=C1C=C2CCC2C1,-0.2328,val
gdb_49158,O=CC1=CC2C3CC2C13,-0.2421,val
gdb_9938,CC1N(C)C1(C)C#N,-0.2422,val
gdb_79062,CC12C=CC3C(C1O)C32,-0.2262,val
gdb_59477,CC(O)C1CC1N1CC1,-0.231,val
gdb_60057,CC(C)CC1(C)CCO1,-0.2397,val
gdb_69407,CC12C=CC(C#N)N1C2,-0.2469,val
gdb_54657,[NH2+]=C1CC(C(=O)[O-])=CN1,-0.1648,val
gdb_911,O=c1ccocc1,-0.2372,val
gdb_83536,CC1C2CCC1C2(C)O,-0.2513,val
gdb_117257,CCOC(=N)C1CCO1,-0.2565,val
gdb_19864,C1OCC2C1C1CN21,-0.2322,val
gdb_47038,N=C1OCC2OCC2O1,-0.2552,val
gdb_118853,CCOC1(C)CC1CO,-0.2427,val
gdb_21259,COc1cnn(C)c1,-0.2046,val
gdb_58136,C#CC(C)(C=O)C(C)O,-0.2552,val
gdb_101229,CC1CC(C(O)CO)C1,-0.2544,val
gdb_119795,CCOC1=NC2CC2N1,-0.2126,val
gdb_110223,COC1C2(O)CCC12O,-0.2292,val
gdb_104664,CCC1(CO)C(O)C1O,-0.2318,val
gdb_55070,CC(=O)N1CC1CC=O,-0.2437,val
gdb_57932,CC(N)C(=O)NC(N)=O,-0.2383,val
gdb_14816,N#CC1NCC1C=O,-0.2617,val
gdb_114134,OCC1CC2(CO)CC12,-0.2431,val
gdb_133298,CNc1ncc(F)nn1,-0.23,val
gdb_31394,O=c1ncoc(CO)n1,-0.2797,val
gdb_62455,N#CC1(N)C2CCCC21,-0.2647,val
gdb_116836,C#CC(=O)C#CCCC,-0.2639,val
gdb_3193,C1=CC2CCC1C2,-0.232,val
gdb_7340,NC(=O)C(=O)CCO,-0.2427,val
gdb_28893,Cc1ncnc(O)c1O,-0.2319,val
gdb_115507,CCC1COC(CO)C1,-0.2442,val
gdb_29229,Nc1nc(=O)occ1O,-0.2299,val
gdb_78553,CC1C2C3(CN3)CC12O,-0.23,val
gdb_79516,O=C1C(O)C2C3CN2C13,-0.2353,val
gdb_41194,C1OC2CC3(CCC23)O1,-0.2355,val
gdb_132874,Nc1c[nH]c(=O)c(F)n1,-0.2017,val
gdb_90813,OC1CN2C3C4C1C4C32,-0.2154,val
gdb_108625,CC1=C(CO)CN2CC12,-0.2099,val
gdb_105813,CN1C2C3NC3C21CO,-0.204,val
gdb_8673,CCC(C)(C#N)CC,-0.3101,val
gdb_90174,CC1CC23CCC2(C1)N3,-0.2107,val
gdb_64974,N#CCC(=O)C1(O)CC1,-0.2639,val
gdb_49247,O=CC1=CNC2CCC12,-0.2041,val
gdb_54939,NC(=O)C1CC(C=O)O1,-0.2464,val
gdb_55817,CC(=O)CC1C2COC21,-0.238,val
gdb_23239,ON=C1C(O)C2COC12,-0.251,val
gdb_69106,N#CC12CCCC1(O)C2,-0.2542,val
gdb_14296,CC1=CC2C(O)C2C1,-0.2191,val
gdb_110247,CCC1C2C(=O)C1N2C,-0.2432,val
gdb_93961,OC1CCC(C2CC2)C1,-0.2571,val
gdb_45396,N#CC12COC1CC2=O,-0.2749,val
gdb_57023,CC(C#N)C1CNC1=O,-0.2606,val
gdb_13651,CN1CC1C#CC#N,-0.253,val
gdb_3562,C1C2CC1N1CC21,-0.2274,val
gdb_111755,CCC1C2CCC12OC,-0.2358,val
gdb_382,C#CC(O)CO,-0.2624,val
gdb_116380,CCC1CCCCC1=O,-0.2336,val
gdb_95154,OC1COC2C=CC1O2,-0.2503,val
gdb_131491,OC1CC1c1ccon1,-0.2491,val
gdb_122092,CCOCC(C#N)OC,-0.2688,val
gdb_93628,C#CC1CCC(C)C1C,-0.2538,val
gdb_104214,CCC1(C)OCC12CC2,-0.2376,val
gdb_84252,CC1N=C2OC3CC1C23,-0.2341,val
gdb_109078,OCC1=CC2COC1C2,-0.2299,val
gdb_52246,O=CCOC1CC2NC21,-0.2369,val
gdb_8426,CC1(C)CC2CN2C1,-0.2224,val
gdb_57660,CC(C)(OC=O)C1CC1,-0.2646,val
gdb_103407,CC1(CO)C(O)C2CN21,-0.2367,val
gdb_66941,CC12C3CC(N31)C21CC1,-0.2278,val
gdb_123633,c1onc2c1C1CC2N1,-0.2407,val
gdb_126749,CCn1cnc(NC)n1,-0.1966,val
gdb_20322,C#CCc1nc[nH]n1,-0.2586,val
gdb_43428,N#CC1=CC(=N)NC1=N,-0.2666,val
gdb_17676,CC1CC1(O)C1CO1,-0.2428,val
gdb_6519,C#CC1(O)CC1(C)O,-0.2376,val
gdb_62543,C#CC1OC(=O)C1(C)O,-0.2652,val
gdb_91893,O=C1CC(O)CC2CC12,-0.236,val
gdb_109505,CC1(O)C(C#N)C1CO,-0.2664,val
gdb_45268,O=C1OC2CC3NC3C12,-0.2533,val
gdb_123830,C1Cc2nn[nH]c2CO1,-0.2451,val
gdb_90085,OC1CC23CC(CC12)O3,-0.234,val
gdb_10452,N#CCC1(C=O)CC1,-0.2668,val
gdb_82314,CC1C2CN2CC12CN2,-0.2257,val
gdb_129186,C#Cc1ccc(=N)[nH]n1,-0.2147,val
gdb_35195,N#CC1CC12CC1CC12,-0.2587,val
gdb_111583,COC1C2CC3OC1C32,-0.228,val
gdb_73828,CC1=C(C)C2C=CC1O2,-0.2048,val
gdb_68216,CC12CC(C1)C1(CO1)C2,-0.2529,val
gdb_111975,CCC1C=CC(O)C1C,-0.2501,val
gdb_24411,C1=Nc2ccoc2CO1,-0.2076,val
gdb_95524,OC1CCC=CC12CO2,-0.2483,val
gdb_89207,CC1OC2(C)C(=O)OC12,-0.257,val
gdb_88021,OC1CC12OCC21CN1,-0.2335,val
gdb_20512,CC(=O)c1ccn[nH]1,-0.2574,val
gdb_84894,CC1C=CCNC1C#N,-0.2408,val
gdb_34154,N#CC12OC3C1CNC32,-0.2427,val
gdb_16190,O=C1C=CCC12CC2,-0.237,val
gdb_114155,C#CC12CC(OC)C1O2,-0.2462,val
gdb_49870,N=C1CN(C=O)C(=O)N1,-0.2652,val
gdb_89111,CC1CN1CCCC=O,-0.2293,val
gdb_129858,Nc1cc2onnc2[nH]1,-0.2047,val
gdb_126452,CCc1ncc(=N)on1,-0.2567,val
gdb_90366,CC1CC2C(=O)OC12C,-0.2659,val
gdb_76618,CC1C(O)C1C(C)(C)C,-0.2452,val
gdb_56263,CC(=O)OCCN1CC1,-0.2406,val
gdb_55122,CC12CC1CC2C(N)=O,-0.2324,val
gdb_1379,N=C(C=O)OC=O,-0.285,val
gdb_87632,CC1C(=N)OC12CC2O,-0.2484,val
gdb_120862,OCCC1CC1CCO,-0.2607,val
gdb_47745,O=C1OCCCC12CO2,-0.2573,val
gdb_81938,CC1=C(C)C2OC2C1O,-0.2333,val
gdb_119564,CC1CN2CC12CCO,-0.2308,val
gdb_108027,COC12CN3C4C3C1C42,-0.2293,val
gdb_73196,CC12OCC1CC2C=O,-0.2432,val
gdb_116925,COCC#CC1CN1C,-0.2254,val
gdb_49781,N#CC1CC=CN1C=O,-0.2348,val
gdb_34962,N#CC1C2CC3CC1N32,-0.2443,val
gdb_57459,CC(C)(O)C1OC2CC21,-0.2421,val
gdb_78431,CC1C2C3C=CCC3C12,-0.2343,val
gdb_107171,CC1C2N1C1CC12CO,-0.213,val
gdb_28196,Oc1nc2cc[nH]c2[nH]1,-0.1756,val
gdb_83822,CC1C2CC=CCCC12,-0.2303,val
gdb_68404,CC1(O)CC2CC1(C)C2,-0.2545,val
gdb_33674,N#CC12C3CCC1N2C3,-0.2519,val
gdb_49617,O=CC1C2CC3(CC3)C12,-0.234,val
gdb_119162,CCCC1(C2CO2)CO1,-0.2564,val
gdb_1047,CNc1ncco1,-0.1999,val
gdb_81079,OC1C2CC1(C1CO1)N2,-0.2399,val
gdb_38930,C1CC2CC3OC(C1)C23,-0.2343,val
gdb_77105,C#CC1CC2(CC2)C1O,-0.2436,val
gdb_68081,CC12COCC(O)(C1)C2,-0.244,val
gdb_126672,CCCOc1nc[nH]n1,-0.2323,val
gdb_2914,O=CC1COCO1,-0.254,val
gdb_16535,OC1C(O)C2OCC12,-0.243,val
gdb_28744,N=CNc1cnc(N)o1,-0.1825,val
gdb_61222,CC1(C(N)CC#N)CN1,-0.2473,val
gdb_129962,N=c1nc(N)onc1N,-0.2292,val
gdb_58523,CC(O)C1(O)CN2CC21,-0.2326,val
gdb_74416,CC1=CC2(O)CC2(C)C1,-0.2163,val
gdb_61237,CC(CC#N)C1CN1C,-0.2368,val
gdb_59265,CC(C)C1C2COCC21,-0.2435,val
gdb_110467,OCC1C2C3C2C2C1C32,-0.2174,val
gdb_94088,O=CC1CCC(O)CC1,-0.2468,val
gdb_19531,COC1C2OCOC12,-0.2232,val
gdb_123641,c1noc2c1C1NC1C2,-0.2387,val
gdb_78400,CC1C2C3OC(=N)C3C12,-0.2557,val
gdb_30313,CC1COc2nc[nH]c21,-0.1883,val
gdb_108742,CNC1=CC(=N)OC1=O,-0.2267,val
gdb_48547,O=CC12C3CC1C2CO3,-0.2474,val
gdb_92363,CC1CC2CCC1(C)C2,-0.2769,val
gdb_106596,CCC12CC(CC)(C1)O2,-0.227,val
gdb_20116,O=C(C1CN1)N1CC1,-0.2539,val
gdb_132651,Nc1ncc(F)c(N)n1,-0.2084,val
gdb_118524,C#CCC(CO)CCC,-0.2531,val
gdb_18679,O=C1CNCC2CN12,-0.2225,val
gdb_17541,C1C2CC3(CO3)CC12,-0.2565,val
gdb_41590,C1CC2C1C1COCC21,-0.2423,val
gdb_18751,O=C1CN2CC(O)C12,-0.2333,val
gdb_60571,CC1CC1C(O)C1CN1,-0.2341,val
gdb_24720,c1cn2c(n1)C1OCC12,-0.2283,val
gdb_106427,OCC12CC(O1)C21CO1,-0.2557,val
gdb_54135,CC1(C(N)=O)CC(=O)N1,-0.2465,val
gdb_81136,C#CC12CCC(C1)C2C,-0.2505,val
gdb_1545,C#CC(C)OCC,-0.252,val
gdb_78038,OC1CCC2(O)C(O)C12,-0.237,val
gdb_48725,O=CC12CC1C1CC2C1,-0.2437,val
gdb_12099,CN1CC1C1(C)CO1,-0.2223,val
gdb_10847,N=C1OCC(O)CO1,-0.2491,val
gdb_108234,CCC12OCC1(O)C2O,-0.2206,val
gdb_20723,Cc1n[nH]c(C)c1C,-0.2193,val
gdb_124957,Cc1noc(C)c1C=O,-0.2596,val
gdb_76247,CC1C(=O)C(C#N)N1C,-0.2566,val
gdb_125676,Cc1n[nH]cc1NC=N,-0.1961,val
gdb_2948,COC1CCCO1,-0.2588,val
gdb_11431,COC1COC(=N)O1,-0.2561,val
gdb_3723,CCc1nc[nH]n1,-0.2562,val
gdb_60930,CC1C(O)C1N(C)C=O,-0.2366,val
gdb_98936,C#CC(=O)CC(=O)OC,-0.2704,val
gdb_7445,CC(C)N(C)C(N)=O,-0.2276,val
gdb_71341,CC12CC3C1C1(CO1)C32,-0.254,val
gdb_24674,c1coc(=NC2CC2)[nH]1,-0.1814,val
gdb_116123,O=C1CNCC(CO)C1,-0.2108,val
gdb_19130,N#CC1(C2CO2)CC1,-0.2801,val
gdb_30193,Cc1cn2c(n1)CC2C,-0.2054,val
gdb_132293,N=c1cc(N)cc(F)o1,-0.1989,val
gdb_98822,N=C(CO)N1CCC1=O,-0.2568,val
gdb_28590,Nc1ccc(N2CC2)o1,-0.1769,val
gdb_65781,CC1(NC=O)CCOC1,-0.2495,val
gdb_97514,O=C(C#CCO)N1CC1,-0.2573,val
gdb_61610,CC(C#N)NC1CC1O,-0.2235,val
gdb_92448,CC1CC2COC1C2O,-0.235,val
gdb_110317,CCC1C2C(O)CC12C,-0.2418,val
gdb_71058,CC12OC3=NCC1(O)C32,-0.2182,val
gdb_16592,CC1C(O)C2C(C)N12,-0.2235,val
gdb_102289,NC(=O)NC(C=O)CO,-0.2609,val
gdb_37955,C1CNC2C3OC(=N1)C23,-0.2292,val
gdb_66364,CC1(C#N)OCCCO1,-0.2831,val
gdb_133479,FC(F)(F)c1ncon1,-0.3267,val
gdb_102430,CCC(C#CC=O)CC,-0.2628,val
gdb_7118,CCOC(=O)NC=N,-0.2529,val
gdb_88781,OC1CC1C1CN=CO1,-0.2368,val
gdb_34586,C#CC1=CCC2(CO2)C1,-0.2314,val
gdb_65137,CC1(C2C3CCN32)CO1,-0.2281,val
gdb_130887,O=Cc1nnoc(=O)n1,-0.2947,val
gdb_104309,CCC1(O)CCC2CC21,-0.2566,val
gdb_52790,CC#CC1(C)CC1(C)C,-0.2217,val
gdb_34870,C#CC1C2CC2C12CN2,-0.2405,val
gdb_114514,CCC1CC2CC(C)C12,-0.2578,val
gdb_46791,O=C1CCC2CC(C2)O1,-0.2581,val
gdb_30411,CN=c1ncocc1N,-0.202,val
gdb_70560,O=C1CC2(O)CC2CN1,-0.2306,val
gdb_21652,Nc1n[nH]c(C=O)n1,-0.2304,val
gdb_60439,CC(=O)OCCC(C)O,-0.2616,val
gdb_103664,C#CC1CC(C)(CO)O1,-0.2525,val
gdb_41126,C1=CC23CCC24OC3C14,-0.2114,val
gdb_119017,CCCC1(CC#N)CC1,-0.2866,val
gdb_120983,CCOC1CC2CCC21,-0.2406,val
gdb_2810,C#CC1NC1C#C,-0.248,val
gdb_50735,O=CC1CCCOC1=O,-0.2581,val
gdb_116832,CCC#CC#CCCC,-0.2237,val
gdb_90923,OC1CC2C3COC12C3,-0.228,val
gdb_957,Oc1ccncn1,-0.2607,val
gdb_55738,CC(=N)OC12CN(C1)C2,-0.2389,val
gdb_41838,C1CC2OC3CC1C2C3,-0.2356,val
gdb_122169,CCOCC1(C)CN1C,-0.2208,val
gdb_31591,Nc1nc(CO)oc1N,-0.197,val
gdb_127675,Cn1ncnc1NC=O,-0.2467,val
gdb_123052,CCOCCC1COC1,-0.2436,val
gdb_125776,Cc1noc(O)cc1=N,-0.2274,val
gdb_18487,N#CCC1CC2CC12,-0.2702,val
gdb_87998,CN1CC12COC2(C)C,-0.2314,val
gdb_44770,N=C1OC2CC13CCC23,-0.2465,val
gdb_118849,CCCC1(O)CC1OC,-0.2346,val
gdb_20298,C1CC1C1C2CCC21,-0.2446,val
gdb_118637,O=CNC(C=O)CCO,-0.2609,val
gdb_23313,ON=C1CC(O)C2OC12,-0.2499,val
gdb_84858,OC1C=CCC2CCC12,-0.243,val
gdb_122195,CCOCC1(C)CCO1,-0.2422,val
gdb_53590,CC#CCC1OC1C#N,-0.258,val
gdb_10038,C#CC(CC)CC#N,-0.276,val
gdb_53763,CC(=O)C#CCOC=N,-0.2679,val
gdb_99792,CC#CC(O)(C#N)CN,-0.2464,val
gdb_72116,CC12C=CC3C(CC31)C2,-0.2276,val
gdb_97653,CC1(C#CCO)CC1O,-0.2351,val
gdb_99221,CCC(=O)OCC(C)=O,-0.2528,val
gdb_84516,OC1C=CC23COC12C3,-0.2268,val
gdb_65769,CC1(OC=N)C=CCO1,-0.2555,val
gdb_27839,Nc1cc(N)[nH]c(=O)c1,-0.1871,val
gdb_99078,CC(C=O)CC(=O)CO,-0.2626,val
gdb_12286,COC1CC(C)C1C,-0.2419,val
gdb_47630,N#CC1=CCCOC1=O,-0.2887,val
gdb_103788,CC#CC1CC1(C)CC,-0.2229,val
gdb_6492,CC1(CC(N)=O)CO1,-0.2408,val
gdb_121167,OCCC1OCC12CC2,-0.2419,val
gdb_82227,OC1C2CC(C2)C2CC12,-0.2507,val
gdb_14557,CCC1(O)C2COC21,-0.2253,val
gdb_98185,CCC(=O)C(C)(C)OC,-0.2386,val
gdb_78515,CC1C2C3(C)CC2(C)N13,-0.2198,val
gdb_69101,CC12COCC1(C#N)O2,-0.2778,val
gdb_44939,O=C1OC2C=CCC1C2,-0.2588,val
gdb_124944,Cc1cnn(C=O)c1C,-0.2466,val
gdb_116631,CCN=C1OCCC1C,-0.2398,val
gdb_35136,N#CC1CC(C2CC2)O1,-0.2748,val
gdb_24403,C1=Cc2ccoc2NC1,-0.1649,val
gdb_69164,CC1(C)C(=O)C2NC21C,-0.2285,val
gdb_46604,O=C1OCC23CCC12O3,-0.2657,val
gdb_111376,COC1C(C#N)C2NC21,-0.2495,val
gdb_116290,CCC1CCCC1CO,-0.2612,val
gdb_14879,COC1CCC1OC,-0.237,val
gdb_107209,COC12CC1C1CN1C2,-0.2221,val
gdb_124050,C1=Cc2nonc2OC1,-0.2487,val
gdb_67838,CC12C=CCC1C1OC12,-0.2368,val
gdb_110991,CCC1C2C=CC1(C)O2,-0.2309,val
gdb_94242,CC1OCC1(C)OC=O,-0.2636,val
gdb_56638,CC(C#N)C1(N)CC1O,-0.2485,val
gdb_26900,Nc1oc(=O)ccc1O,-0.1994,val
gdb_39706,C1NC12C1C3C4C3N1C42,-0.2224,val
gdb_44984,N#CC12CC(=O)OC1C2,-0.2942,val
gdb_93300,O=C1CCC(O)C12CN2,-0.2319,val
gdb_83374,CC1C2CCC13CCC23,-0.245,val
gdb_102675,C#CCCC(CC)OC,-0.2461,val
gdb_41932,C1=CC2CCOC2CC1,-0.2392,val
gdb_121457,CCCN=C1OCC1C,-0.2455,val
gdb_81230,OC1C2CC3COC31C2,-0.2388,val
gdb_118393,CCNC(C=O)CC#N,-0.2438,val
gdb_89571,CC1CC2(COC=N2)C1,-0.2417,val
gdb_78315,CC12OCC1C1C(O)C12,-0.2342,val
gdb_132948,Nc1c[nH]cc(F)c1=O,-0.1935,val
gdb_110679,OCC1C2CCC3C2N13,-0.2322,val
gdb_20443,c1cc(C2CN2)on1,-0.2455,val
gdb_129683,Nc1nn[nH]c1NC=O,-0.2329,val
gdb_123323,C#Cc1nonc1C#C,-0.2762,val
gdb_122720,CCOC=NCCCO,-0.2424,val
gdb_55442,CC(=O)C1C=CCCO1,-0.2284,val
gdb_116635,CCN=C1CCCCO1,-0.2378,val
gdb_49688,C#CC12CCC1C2C=O,-0.2363,val
gdb_93571,CN1C=C(C(N)=O)CC1,-0.1901,val
gdb_75118,CC1=CCC(=O)OCC1,-0.2373,val
gdb_100522,COC(C)C(=O)C(N)=O,-0.2402,val
gdb_30799,Cc1cc(O)c(CO)[nH]1,-0.1827,val
gdb_28429,Cc1ccc(N)c(C)n1,-0.201,val
gdb_63434,CC1(C)CC(NC=O)C1,-0.2471,val
gdb_44867,O=C1OC2CC1C1OC21,-0.2692,val
gdb_117762,C#CC(O)(CC)COC,-0.2566,val
gdb_105343,N#CC1(CO)NC2CC21,-0.2494,val
gdb_26160,CC(O)c1nc[nH]c1N,-0.1878,val
gdb_57784,CC(C)C#CC1OC1C,-0.2428,val
gdb_35282,N#CC1CC1NC1CC1,-0.2196,val
gdb_103184,COC1(C)C(C)OC1C,-0.2414,val
gdb_56636,CC(C#N)C1(C)NC1C,-0.2572,val
gdb_19390,O=C1C2OC2C12CN2,-0.2484,val
gdb_26118,CC(C)c1[nH]ccc1O,-0.1784,val
gdb_126821,CCn1ncnc1C=O,-0.2744,val
gdb_62255,CC(C=O)CCOC=N,-0.2549,val
gdb_74190,NC1=CC(=O)NC2CC12,-0.2139,val
gdb_55940,NC(=O)OC1CC2CC21,-0.2605,val
gdb_52682,CC#CC(C)N1CC1C,-0.2194,val
gdb_104575,CC(=O)CC1(CO)CC1,-0.247,val
gdb_42910,O=C1C2CC2C1C1CC1,-0.2308,val
gdb_2971,C#CC(C)N1CC1,-0.2381,val
gdb_86615,CC1CC(C2CC2)C1O,-0.2452,val
gdb_74436,CC1=CC2(O)CC3C1C32,-0.2188,val
gdb_105361,O=CC1(CO)CN2CC21,-0.2472,val
gdb_16854,N=C1CC2NC2CO1,-0.252,val
gdb_116776,COC=NCC(O)CO,-0.2505,val
gdb_112264,CCC1OC(=N)C1CC,-0.2578,val
gdb_11767,C#CC12COC(C1)C2,-0.2442,val
gdb_100366,C#CC(C)(CO)OC=N,-0.2524,val
gdb_65885,CC1(C#CC#N)CCO1,-0.2738,val
gdb_128811,COCc1cc(C)[nH]n1,-0.2304,val
gdb_30971,COc1[nH]c(=O)[nH]c1C,-0.1846,val
gdb_16200,O=C1NC=CC12CO2,-0.226,val
gdb_116182,CC1(C)COCC1CO,-0.2392,val
gdb_109813,CCC1C(C)N1CC#N,-0.2384,val
gdb_45664,O=C1CN=C2NC3C1C23,-0.2433,val
gdb_56606,N#CC(O)C(O)C1CC1,-0.2919,val
gdb_125323,Cc1cnn(C(N)=O)c1,-0.2446,val
gdb_22767,C#CC1CC(O)C1=NO,-0.2545,val
gdb_7954,CC1CC(=O)CN1C,-0.2107,val
gdb_122614,O=C1CNC1CCCO,-0.2426,val
gdb_43058,O=C1C2CC3C4C1C2N34,-0.2326,val
gdb_116464,COC1COCCC1C,-0.2363,val
gdb_102485,COC(=O)C(CO)CO,-0.2593,val
gdb_130843,O=Cc1cn[nH]c1C=O,-0.269,val
gdb_21773,C#Cc1n[nH]c(=O)[nH]1,-0.2286,val
gdb_65085,CC1(C23CN(C2)C3)CO1,-0.2283,val
gdb_131138,OC1(c2ccno2)CC1,-0.242,val
gdb_1574,CCCC(O)CO,-0.2553,val
gdb_56399,C#CC(C)C#CC1CO1,-0.253,val
gdb_111536,OCC1C2N1CC21CO1,-0.2436,val
gdb_8983,C#CCNC(=O)C=O,-0.257,val
gdb_95021,CC1OCC2C3CC3C12,-0.2283,val
gdb_129743,Nc1[nH]ncc1OC=O,-0.221,val
gdb_107325,CC1N=CN2CC12CO,-0.2472,val
gdb_46195,O=C1COC12C1CC2N1,-0.2342,val
gdb_127012,CCOc1c[nH]nc1N,-0.1846,val
gdb_92288,CC1CC2OC=NCC12,-0.2462,val
gdb_20625,Cc1nnoc1C#N,-0.2946,val
gdb_27454,N=c1cnccc(O)c1,-0.2201,val
gdb_8822,CNC(=O)C(C)C#N,-0.2655,val
gdb_88869,CC1OC1C1CCOC1,-0.2505,val
gdb_42155,N#CCC#CC(=O)C#N,-0.3187,val
gdb_8181,CC1CN2CC1(O)C2,-0.2243,val
gdb_95808,CC1OCCC(O)C1O,-0.2494,val
gdb_122478,N#CC1CC1CCCO,-0.2694,val
gdb_74858,C#CC1C(C)=CC2CC21,-0.2238,val
gdb_84852,CC1C=CCC2CCC12,-0.2356,val
gdb_32747,CCNc1ocnc1O,-0.1919,val
gdb_6977,CC1CC=CC1(C)O,-0.2418,val
gdb_56497,C#CC(C#C)C(O)C#N,-0.2847,val
gdb_79171,CN1C(=O)N2CC3C1C32,-0.222,val
gdb_38211,C1=CC23CC(O2)C3OC1,-0.2349,val
gdb_116839,COCC#CC(=O)C#N,-0.2854,val
gdb_51045,N=COC1(C=O)COC1,-0.2592,val
gdb_111553,COC1C2CC3N2C13C,-0.241,val
gdb_11373,O=C1CN=C(CO)O1,-0.2707,val
gdb_86698,C#CC1C(O)CN1C=O,-0.2471,val
gdb_28796,Oc1ccc2n1CCC2,-0.1712,val
gdb_128812,COCc1n[nH]c(C)n1,-0.248,val
gdb_96814,CN=C1OC(=O)OC1C,-0.2768,val
gdb_52303,O=CCCC1C=CCC1,-0.2436,val
gdb_88436,CC1NC1(C)C1CC1O,-0.2287,val
gdb_23837,Oc1ccc(F)nn1,-0.2534,val
gdb_98158,CCC(=O)C(C)(C)C#N,-0.2618,val
gdb_16213,O=C1COCC12CC2,-0.2418,val
gdb_16926,N=C1OC2CCC1O2,-0.2638,val
gdb_92068,CN1CC2CN2CC1=O,-0.2354,val
gdb_24423,c1cc2c(o1)CCCC2,-0.2051,val
gdb_23416,ON=C1CN=C2OCC12,-0.2536,val
gdb_108587,CN1C2CCCC21CO,-0.2222,val
gdb_7196,CCCC(O)CCC,-0.2601,val
gdb_92174,CC1CC2CC3C1CC23,-0.2592,val
gdb_92928,CC1CC=CC(C=O)O1,-0.236,val
gdb_56557,C#CC(O)C(C)C(N)=O,-0.2412,val
gdb_27182,Oc1ccoc1C1CC1,-0.1879,val
gdb_126304,CCc1cc(N)nn1C,-0.1911,val
gdb_102555,COC(CO)C1(C)CN1,-0.2433,val
gdb_116027,O=C1C=CNCC1CO,-0.2246,val
gdb_109791,CCN1C(C)C1C1CO1,-0.2189,val
gdb_132126,N=c1ccc(O)c(F)[nH]1,-0.184,val
gdb_100491,C#CCC#CC(O)CO,-0.2562,val
gdb_59786,CC(C)C1OCCCO1,-0.2563,val
gdb_3403,CC1C2C(O)CN12,-0.2295,val
gdb_82757,CC1C2OC3C2NC13C,-0.2278,val
gdb_14212,CC12OC3CC1C32C,-0.2209,val
gdb_130847,C#Cc1nnoc1C=O,-0.2797,val
gdb_124269,CC(=O)c1nc(C)no1,-0.2751,val
gdb_115234,O=C1CCC(CO)NC1,-0.226,val
gdb_81619,CC1C2CC1N2CC=O,-0.2299,val
gdb_24290,c1occ2c1CC1OC21,-0.2251,val
gdb_8943,O=CC(O)C(O)CO,-0.2662,val
gdb_116254,COC1CCCC1C#N,-0.2631,val
gdb_29199,Cc1coc(=N)nc1N,-0.2114,val
gdb_7541,CC1NC1(C)CCO,-0.2279,val
gdb_117999,C#CC(O)C(C)CCC,-0.2629,val
gdb_128352,CNc1noc(C#N)n1,-0.2511,val
gdb_64931,CC1(C#CC2CN2)CN1,-0.2285,val
gdb_53555,CC#CCC12CCC1O2,-0.2444,val
gdb_47222,N=C1OCC=CC2CC12,-0.241,val
gdb_47451,O=C1OCOC1C1CC1,-0.2688,val
gdb_31244,CCc1[nH]ccc1OC,-0.1758,val
gdb_27267,Nc1[nH]cc2c1OCO2,-0.1901,val
gdb_61362,C#CC(=N)OC(C)C=O,-0.2602,val
gdb_18869,CC1C2CCC3C1C23,-0.2477,val
gdb_6287,CC(O)CC(O)C#N,-0.2799,val
gdb_45037,O=C1CC2OC2C(=O)N1,-0.2678,val
gdb_33506,N#CC1(CC2CC2)CN1,-0.2672,val
gdb_69263,CC12CCNC(=O)C1O2,-0.243,val
gdb_11376,CCC1=CCC(C)C1,-0.2238,val
gdb_29497,Nc1coc2nc[nH]c12,-0.1908,val
gdb_67326,CC12C(C=O)C3C1CC32,-0.2398,val
gdb_111863,COC1C2OCCC12O,-0.2162,val
gdb_60133,CC(C)CC1C2CC1C2,-0.2843,val
gdb_97563,CC(=O)C(C)C#CCO,-0.2401,val
gdb_125219,Cc1cc(=N)onc1N,-0.2168,val
gdb_122604,COCCC1CNC1=O,-0.2463,val
gdb_112794,CCC1OC(C)C1C=O,-0.2459,val
gdb_132473,N=c1oc(O)cnc1F,-0.2229,val
gdb_15579,C#CC1OCCC1C,-0.2515,val
gdb_114329,OCC1CC2C(O)C12O,-0.2378,val
gdb_39302,C1OC2CCC3C1OC23,-0.2313,val
gdb_75738,CC1(C)C=CC(=O)C1O,-0.2488,val
gdb_109782,CCC1C(C)C1N1CC1,-0.23,val
gdb_83541,CC1C2COC1C21CC1,-0.2328,val
gdb_54930,N#CC1CN(C(N)=O)C1,-0.2551,val
gdb_28032,C#CCc1c[nH]c(O)n1,-0.204,val
gdb_65003,CC1(C(C#N)C#N)CC1,-0.3089,val
gdb_42960,O=C1C2CCC2C2OC12,-0.2381,val
gdb_99206,CC(=O)CCC(=O)CO,-0.2483,val
gdb_27860,Nc1nc(N)oc(=O)n1,-0.248,val
gdb_132835,C#Cc1nccnc1F,-0.2574,val
gdb_86129,CC1NC(C)C(=O)C1=O,-0.2317,val
gdb_126100,CCC#Cc1ccn[nH]1,-0.2206,val
gdb_130099,Nc1nn2ncnc2o1,-0.2391,val
gdb_29197,Cc1coc(=N)cc1O,-0.2024,val
gdb_26615,Nc1c([O-])cc[nH]c1=[NH2+],-0.1889,val
gdb_47955,O=CC#CC(=O)C1CN1,-0.2728,val
gdb_97865,OCC#CC1COCO1,-0.259,val
gdb_82818,CC1C2CC3CC1(O)C32,-0.239,val
gdb_46350,N=C1OCC1C1CCO1,-0.2526,val
gdb_108671,CCC1=C(C)CCCC1,-0.2157,val
gdb_50398,O=CC1CC=C2CCC21,-0.2282,val
gdb_29425,N=COc1cc(N)co1,-0.1975,val
gdb_41670,C1=CC2C3C1OCCN23,-0.2273,val
gdb_108674,CCC1=C(CC)CCC1,-0.2147,val
gdb_122802,N=C(C=O)NCCCO,-0.2378,val
gdb_88566,OC1CC1C12CCC1O2,-0.234,val
gdb_124938,Cc1cnoc(=O)c1C,-0.258,val
gdb_120105,OCCC1C2C3NC3C12,-0.2072,val
gdb_26356,Cc1c[nH]cc1N(C)C,-0.1765,val
gdb_79334,CC12CC3OC1C2C3O,-0.2251,val
gdb_17618,CN(C)C(=O)C1CN1,-0.244,val
gdb_26361,Cc1ccn(C(C)C)c1,-0.1938,val
gdb_7267,CN(C)C(=O)NC=N,-0.2416,val
gdb_112448,COC1OC(=O)CC1C,-0.2633,val
gdb_119284,CCCC1(C#N)COC1,-0.2689,val
gdb_68575,CC12CC=CC(N1)C2=O,-0.229,val
gdb_122548,OCCOC1CC1CO,-0.2527,val
gdb_17225,N#CC12CC3CN1C32,-0.2657,val
gdb_65313,O=CC1(O)CC12CCO2,-0.2297,val
gdb_37037,C1=CCC23CC2(C1)CO3,-0.2251,val
gdb_129532,NC(=O)Oc1c[nH]nn1,-0.2427,val
gdb_113882,CC(=O)CC1OC1CO,-0.253,val
gdb_88253,CC1OC1C#CCC=O,-0.2535,val
gdb_92267,CC12N=COC1CC2O,-0.2432,val
gdb_121063,COCC1CNC(=O)O1,-0.2614,val
gdb_22148,CC(COCC#N)=NO,-0.2566,val
gdb_58974,CC(C)C1=CC(=O)NC1,-0.2365,val
gdb_64756,N#CCC1(O)CNC1=O,-0.2579,val
gdb_41149,C1=CC2OCC23CC1O3,-0.2411,val
gdb_46007,N#CC1=CNC(=N)OC1,-0.2369,val
gdb_57597,CC(C)(C=O)C1CCC1,-0.2446,val
gdb_125116,Cc1c(O)nnn1C=O,-0.2416,val
gdb_55770,NC(=O)CC12CCC1O2,-0.2389,val
gdb_76090,CC1C(C#N)C1C1CO1,-0.2738,val
gdb_111606,CCC1C2C3OC3CN12,-0.2184,val
gdb_64412,CC1(C)COCC2NC21,-0.2409,val
gdb_87752,CC1CC12CC(C=O)O2,-0.2353,val
gdb_59768,CC(O)C1OCCC1C,-0.2368,val
gdb_112226,CCN1CC(=O)C1C#N,-0.2574,val
gdb_48022,O=CC#CC1CCCC1,-0.2605,val
gdb_31070,COc1cc(N)[nH]c1C,-0.1659,val
gdb_34408,N#CC12CCCC1CN2,-0.2417,val
gdb_78980,OC1C2OC3C1N1C2C31,-0.248,val
gdb_122734,C#CC#CCOCCO,-0.25,val
gdb_59657,CC(C)C1OCC1(C)C,-0.2395,val
gdb_16829,O=C1CC(O)C2CC12,-0.2384,val
gdb_2167,O=C1CCCC1O,-0.2511,val
gdb_110607,CCC1C2C3CC3(O)C12,-0.2456,val
gdb_71890,OC12CN3CC(O)(C1)C32,-0.2095,val
gdb_130714,C#Cc1cn[nH]c(=O)c1,-0.2451,val
gdb_55084,CC(=O)C1CC2(O)CC12,-0.2318,val
gdb_17239,CCC12CC3CN1C32,-0.2316,val
gdb_126499,CCC1Cn2nccc21,-0.2334,val
gdb_128503,COc1nnoc1CN,-0.2336,val
gdb_105734,C#CC1(CO)C=CCO1,-0.2478,val
gdb_75580,CC1=CCCCOC1=O,-0.2573,val
gdb_100637,CC(N)(C#N)C(N)CO,-0.2582,val
gdb_108448,COC12CNC1CC2=O,-0.2221,val
gdb_100526,CC(C)C(=O)C(O)CO,-0.2559,val
gdb_108853,O=C1CC(O)C=C1CO,-0.242,val
gdb_9048,C#CCNC(C)C#N,-0.2515,val
gdb_68138,CC12COC(C#N)(C1)C2,-0.2624,val
gdb_12553,CC1COCOC=N1,-0.2455,val
gdb_130617,C#Cc1noncc1=O,-0.2703,val
gdb_21320,COCc1cnon1,-0.2775,val
gdb_3845,N=c1ncnn[nH]1,-0.2583,val
gdb_88187,CC1OC12C=CCOC2,-0.242,val
gdb_12211,CC1CN(C=N)C1=O,-0.2473,val
gdb_84434,CC1C=CC2(C)CC12O,-0.2232,val
gdb_34290,N#CC12C=CC(C1)OC2,-0.263,val
gdb_11427,COC1CCC(=O)O1,-0.2658,val
gdb_32724,Cc1nc[nH]c1CCO,-0.2088,val
gdb_89155,CC1CC2C(O)CC12C,-0.2456,val
gdb_74782,CC1=CC2NC1CC2=O,-0.2241,val
gdb_93683,CC1C=CC(C)(O)CC1,-0.2439,val
gdb_91897,O=C1CC(O)CN2CC12,-0.2383,val
gdb_35589,C#CC1=NCC(C#N)O1,-0.2732,val
gdb_11389,O=C1C=CC(CO)C1,-0.2362,val
gdb_11871,N=C1CC2(CC2)CO1,-0.2543,val
gdb_8938,CCC(C)N(C)C=O,-0.2385,val
gdb_33268,C#CC#CC#CC1CO1,-0.2384,val
gdb_73087,CC12CCC=CC1OC2,-0.2397,val
gdb_8530,CC12CN3C1C(O)C32,-0.2303,val
gdb_131486,OC1CC1c1ncno1,-0.2562,val
gdb_52933,CC#CC12CC(C1)C2O,-0.2326,val
gdb_32783,Cc1ocnc1CCO,-0.2292,val
gdb_113101,CCC1CC(CC=O)O1,-0.245,val
gdb_114164,N#CC12CC(CO)C1O2,-0.2785,val
gdb_67877,CC12C=CCC3C1CC32,-0.2285,val
gdb_74808,CC1=CC2CC2(C)OC1,-0.2127,val
gdb_104577,CC(=O)CC1(CO)CO1,-0.2544,val
gdb_133386,Nc1noc(=O)nc1F,-0.263,val
gdb_65515,CC1(C2CC2)OC2CC21,-0.2293,val
gdb_9864,C#CC#CC1(C)CO1,-0.2457,val
gdb_54946,C#CC1(O)CC1C(C)=O,-0.2379,val
gdb_28746,N=COc1cnc(N)o1,-0.2146,val
gdb_4051,CC1=CCC(=NO)C1,-0.2302,val
gdb_103243,COC1(C)C2C3NC3C21,-0.1982,val
gdb_67160,CC12C3OC1C2CC3=O,-0.2364,val
gdb_61447,CC(=O)CC(C)N1CC1,-0.2321,val
gdb_131174,Oc1nn[nH]c1C1CC1,-0.2144,val
gdb_98972,CCC(=N)OC(=O)CC,-0.2596,val
gdb_39623,C1CCC(=C2COC2)C1,-0.2223,val
gdb_19890,C#CC1C2C3OC3C12,-0.2286,val
gdb_103238,CCC1(O)C2C3CN3C21,-0.2207,val
gdb_15225,C#CC1C(C)C1CO,-0.2481,val
gdb_22939,CC12NC1CCC2=NO,-0.2287,val
gdb_51590,C#CCC1OC1CC=O,-0.2552,val
gdb_122283,CCCCC12CN(C1)C2,-0.2232,val
gdb_117706,CCCC(C)(O)CC=O,-0.2409,val
gdb_3649,c1cc2n(n1)CC2,-0.235,val
gdb_129207,N#Cc1ccn[nH]c1=N,-0.2365,val
gdb_20738,Cc1n[nH]cc1CO,-0.2258,val
gdb_92733,CC1=NCC(O)C(=O)N1,-0.2548,val
gdb_118834,CCC1CC1(C)COC,-0.25,val
gdb_103397,COC1(C)C(=O)C2CC21,-0.2223,val
gdb_27786,Cc1cc(C)oc(=O)n1,-0.2513,val
gdb_59501,CC(O)C1OC1CC#N,-0.2764,val
gdb_75353,CC1=CCC2CC3C1C23,-0.2152,val
gdb_64241,CC1(C)OCC1OC=O,-0.2593,val
gdb_110879,CCC1C2CC(O)CN12,-0.2138,val
gdb_16742,O=CC1CC2CC2C1,-0.2464,val
gdb_125777,Cc1noc(O)nc1=N,-0.2586,val
gdb_14080,CC1OC12COC2=O,-0.2736,val
gdb_1143,CC1CC(C)(O)C1,-0.2514,val
gdb_81342,CC1=C(C)C2OC1C2C,-0.2141,val
gdb_94134,CC1NCC1(C#N)C#N,-0.2662,val
gdb_81973,OC1C(O)C2CC2C1O,-0.2576,val
gdb_16911,CC1OCC2CC2O1,-0.2467,val
gdb_29187,Cc1cc(=O)occ1O,-0.2179,val
gdb_50418,C#CC1C=CCN1C=O,-0.2456,val
gdb_84224,CC1N=C2OC3(C)C2C13,-0.2124,val
gdb_55527,CC(=N)NC(=O)N1CC1,-0.2475,val
gdb_50031,O=CN1CC12COC2=O,-0.2727,val
gdb_91885,CC1CN2CC2C(=O)N1,-0.2311,val
gdb_50892,C#CCNC(=O)OC=N,-0.2713,val
gdb_71978,N#CC12OC3CC1(N)C32,-0.24,val
gdb_34490,N#CC1=C2COC2CC1,-0.26,val
gdb_129887,Nc1cn2cnnc2o1,-0.2197,val
gdb_65600,CC1(C=O)CC2NC2C1,-0.2452,val
gdb_18133,C#CC1CC2C(C)C12,-0.2504,val
gdb_33968,C#CC12CC1OC21CC1,-0.2324,val
gdb_28138,Nc1nc2[nH]ccc2o1,-0.1745,val
gdb_83289,OC1COC2C(O)C2C1,-0.2243,val
gdb_83315,O=CC1CCC2C(O)C12,-0.2379,val
gdb_22400,O=CCN1CC(=NO)C1,-0.2369,val
gdb_13983,COCC12CC1CO2,-0.2306,val
gdb_19571,C1CC2CC1C21CO1,-0.2542,val
gdb_92581,CC1OC2COC=NC12,-0.2493,val
gdb_69422,CC12CC(CC#N)N1C2,-0.2428,val
gdb_99299,CNC(=O)NCC1CC1,-0.2363,val
gdb_7547,CCCC1(O)CC1C,-0.2484,val
gdb_73972,CC1=C2C3NC3C2OC1,-0.2209,val
gdb_42015,C1=C2CCCCC2OC1,-0.2207,val
gdb_80857,CC1C2CC(O)C1(C)O2,-0.2393,val
gdb_72914,OC12CCC1C1OC1C2,-0.2542,val
gdb_126117,CCC(=O)c1ccn[nH]1,-0.2563,val
gdb_74780,CC1=CC2CC1OC2=N,-0.2423,val
gdb_21743,c1nc2occn2n1,-0.2505,val
gdb_26836,Nc1nc(C=O)[nH]c1N,-0.1991,val
gdb_58013,CN(C)C(=O)CNC=O,-0.2445,val
gdb_61855,O=CCC(O)C1CCC1,-0.2426,val
gdb_1161,C#CC(C)(C)C=O,-0.2515,val
gdb_72926,OC12CCC1C1CC2C1,-0.2523,val
gdb_16826,CC1OC(=O)C2OC12,-0.2652,val
gdb_54428,NC(=O)C12CCC1(O)C2,-0.2246,val
gdb_67813,CC12C=CC3CC1C2O3,-0.2214,val
gdb_23006,C#CC(=NO)C1CN1C,-0.2285,val
gdb_46360,O=C1CNC1C1CCO1,-0.2406,val
gdb_8442,CC1(O)CC2NC21C,-0.2218,val
gdb_88689,CN1CC1C1CC1(C)C,-0.215,val
gdb_77841,C#CC1C2C(=O)C(C)C12,-0.2398,val
gdb_103928,CCC1(C)OC2(C)CC12,-0.2266,val
gdb_53247,CC#CC1CC(C=O)O1,-0.2456,val
gdb_52340,N#CCN=COCC=O,-0.2692,val
gdb_121032,CCCC1CCC(=O)N1,-0.2352,val
gdb_40067,C1=C2CCC2CC12CC2,-0.2093,val
gdb_56962,CC(C#N)C1NC1C=O,-0.2631,val
gdb_73489,OC12COC3CC1CC32,-0.2384,val
gdb_50681,C#CC1CCOC1C=O,-0.246,val
gdb_106497,CCC12CC(CC1O)O2,-0.2398,val
gdb_14512,CC1(CO)C2CC1O2,-0.2379,val
gdb_112563,COC1CC(C)(C)C1O,-0.2409,val
gdb_97207,CN=C1OCOC1(C)C,-0.2513,val
gdb_26334,Cc1cc(N(C)C)c[nH]1,-0.1643,val
gdb_117109,CCOC(=N)C(N)C#N,-0.2604,val
gdb_130824,O=CC(=O)c1ncno1,-0.278,val
gdb_24282,c1occ2c1CC1CC21,-0.2124,val
gdb_63211,CC1(O)C=CC=CC=C1,-0.2159,val
gdb_60453,CC(C)CCCC1CC1,-0.2696,val
gdb_75399,CC1=CCC=CC=CC1,-0.2107,val
gdb_106257,O=C1CC2(CO)C(O)C12,-0.2429,val
gdb_54398,NC(=O)C12C=CC(C1)N2,-0.24,val
gdb_28707,Cc1ccc(OC=O)o1,-0.2242,val
gdb_107725,CCC12CC3(C)CN1C32,-0.2279,val
gdb_74709,CC1=CC2CC(C2)OC1,-0.228,val
gdb_92099,OC1C=CCC2NC2C1,-0.2434,val
gdb_5543,COc1[nH]cnc1C,-0.2066,val
gdb_112346,COC1CC(=O)C=C1C,-0.2339,val
gdb_29364,Cc1coc(C=O)c1C,-0.2364,val
gdb_116421,N=C1OCCCC1CO,-0.2446,val
gdb_66643,OC12C3C4CC1N(C4)C32,-0.222,val
gdb_130982,O=CCNc1nn[nH]n1,-0.2362,val
gdb_127051,CCOCc1ccn[nH]1,-0.2303,val
gdb_36654,N#CCCC1C2CCC12,-0.2649,val
gdb_68382,O=C1CN2CC(O)(C1)C2,-0.2174,val
gdb_129034,N=c1cccnoc1=O,-0.2785,val
gdb_92161,CC12C(O)CN3CC1C32,-0.2101,val
gdb_32129,CNc1cc(O)ncn1,-0.2229,val
gdb_24366,C1=Cc2occc2NC1,-0.1817,val
gdb_17262,CC12CC(O1)C21CO1,-0.2451,val
gdb_116452,CCC1COCOC1C,-0.2538,val
gdb_52288,O=CCOC1CCC1=O,-0.2399,val
gdb_26983,N#CCc1cc[nH]c1N,-0.1897,val
gdb_12821,CC12CCOCC1O2,-0.2495,val
gdb_79319,CC1C2C3CN1C32C=O,-0.2398,val
gdb_30576,OCC#Cc1ccc[nH]1,-0.198,val
gdb_130156,Nc1n[nH]c(N)c1CO,-0.1908,val
gdb_7051,C#CCC(O)C#CC,-0.2506,val
gdb_111664,COC1C2COC(=O)C21,-0.2637,val
gdb_59141,CC(C)C1C2C3CN3C12,-0.2175,val
gdb_34303,N#CC12CCC(C1)OC2,-0.261,val
gdb_20977,CN(C)c1cn[nH]n1,-0.1988,val
gdb_99341,CNC(=O)CCCC#N,-0.2567,val
gdb_92132,CC1CC2CC3C(O2)C13,-0.2199,val
gdb_26791,Cc1cc(C#N)[nH]c1O,-0.2067,val
gdb_62411,CC1(C#N)C(=O)N2CC21,-0.2689,val
gdb_115708,CC(O)C1COC1CO,-0.2449,val
gdb_70879,CC12CC3(C)C(O1)C23C,-0.2179,val
gdb_51219,N=COC12CN3CC1C32,-0.2329,val
gdb_47754,N#CC1CCCOC1=N,-0.2775,val
gdb_2092,CC1CCN=CO1,-0.2445,val
gdb_65410,C#CC1(C)CN1CC#N,-0.2558,val
gdb_10750,CC(C)(C=O)C1CC1,-0.2422,val
gdb_61985,CC(=O)NCC(C)C#N,-0.2599,val
gdb_83558,C#CC1C2CCC1C2O,-0.2514,val
gdb_68655,CC12CC(CC=O)(C1)C2,-0.2463,val
gdb_98571,COC(=O)C1=CCCC1,-0.2486,val
gdb_35556,C#CC1CC2CCC=C12,-0.2281,val
gdb_58842,CC(O)C12CC1N=CO2,-0.2432,val
gdb_44949,O=C1CC2CCCC1C2,-0.2303,val
gdb_129552,C#CC(N)c1ncon1,-0.258,val
gdb_85977,CC1CC(C)(C2CN2)O1,-0.2391,val
gdb_79510,CC1C(=O)C2C3OC2C13,-0.2334,val
gdb_29760,OC1C2c3cncn3C12,-0.2181,val
gdb_88728,CC1CC1C1CC1C=O,-0.241,val
gdb_94131,C#CC1(C#N)OCC1C,-0.2827,val
gdb_48299,C#CCCN(C=N)C=O,-0.2557,val
gdb_53973,CC(O)(CC#N)C(N)=O,-0.2554,val
gdb_106212,COC12C=CC3C1NC32,-0.2251,val
gdb_110957,CCN1C2CC1(C)C2=O,-0.2406,val
gdb_3932,O=Cn1nnnn1,-0.3256,val
gdb_15514,O=CC1OCOC1=O,-0.2688,val
gdb_18772,CC12C3C4CC1N4C32,-0.2158,val
gdb_16209,O=C1CCCC12CO2,-0.2389,val
gdb_90226,CC1CC23COC12CO3,-0.2398,val
gdb_61606,CC(C#N)CC1OC1C,-0.2759,val
gdb_105560,C#CC1(CC)OCC1=O,-0.2519,val
gdb_91735,CC1CC2CC1CC2O,-0.2572,val
gdb_88886,CC1CC1N=C1CCO1,-0.2256,val
gdb_41607,C1=NC2(CO1)C1COC12,-0.224,val
gdb_114066,CCC1OC2(C)CC12O,-0.2234,val
gdb_76756,CC1C(O)C2(C)OCC12,-0.2431,val
gdb_99022,CC(C)(O)CC(=O)CO,-0.2606,val
gdb_45897,O=C1CC=CCC=CN1,-0.2195,val
gdb_87039,C#CC1(C2CO2)CC1C,-0.2431,val
gdb_24733,c1cc2n(c1)CCCO2,-0.1771,val
gdb_85064,CC1OC(=O)C(N)C1O,-0.2693,val
gdb_122388,OCCCC1C2COC12,-0.2334,val
gdb_107806,OCC12OC3C(C1O)C32,-0.244,val
gdb_73619,CC12OCCC1C2C=O,-0.2346,val
gdb_117675,CCCC(C)(O)C1CO1,-0.2605,val
gdb_81824,C#CC1C(C)C2NC12C,-0.2252,val
gdb_118373,C#CCC(C#N)NCC,-0.2458,val
gdb_48799,O=CC12OC1CC21CN1,-0.254,val
gdb_103783,OCC1(O)CC12COC2,-0.2406,val
gdb_125200,Cc1[nH]nc2ncoc12,-0.2317,val
gdb_75740,CC1C(=O)C=CC1(C)C,-0.2341,val
gdb_54544,CC(=O)C12CC3C1N3C2,-0.2388,val
gdb_70203,CC12CCC(=O)CC1N2,-0.2352,val
gdb_128644,COc1ncn[nH]c1=O,-0.2414,val
gdb_95510,CC1CCC=CC1(C)C,-0.2357,val
gdb_97100,CN=C1OCC1(C)C=O,-0.2541,val
gdb_12584,CC1=CNC(=O)C1=O,-0.2388,val
gdb_34478,N#CC1=C(C#N)COC1,-0.2802,val
gdb_6535,CCC1(C)OC1(C)C,-0.252,val
gdb_92277,CC1CC2C=CCC2O1,-0.2364,val
gdb_125224,Cc1cc(C2CO2)n[nH]1,-0.2342,val
gdb_126579,CCCCc1ccno1,-0.2501,val
gdb_42104,C1COC2(C1)CCCO2,-0.2504,val
gdb_56506,C#CC(C)(N)C(C)C#N,-0.2578,val
gdb_124392,C#CC(C)c1cn[nH]c1,-0.2381,val
gdb_116811,COC=NCCN1CC1,-0.2309,val
gdb_54864,CC(=O)C1N=CN2CC12,-0.2409,val
gdb_82432,O=C1CCC2NC2C1O,-0.2519,val
gdb_11843,N#CC1CC2(CC2)O1,-0.255,val
gdb_16639,O=C1OC2CC2C1O,-0.27,val
gdb_70399,CC12OC1CC2(O)C#N,-0.2691,val
gdb_65561,CC1(CC2CO2)CCO1,-0.246,val
gdb_99742,CC(O)C(CO)C(N)=O,-0.2439,val
gdb_96436,O=CC1CCCCC1O,-0.2367,val
gdb_65261,CC1(C2CCOC2)CC1,-0.2382,val
gdb_75221,CC1=CCC2(C#N)NC12,-0.2488,val
gdb_1772,N#CC1(N)CC1N,-0.2386,val
gdb_54075,C#CC(NC=O)C(N)=O,-0.2547,val
gdb_89813,OC1CC2(CO2)C2NC12,-0.2457,val
gdb_131577,OCC#Cc1cn[nH]n1,-0.2427,val
gdb_39427,C1OCC2OC2C2NC12,-0.2461,val
gdb_113721,C#CC(O)C1CC1CC,-0.2613,val
gdb_95491,CN1CCC=CC(=O)C1,-0.2186,val
gdb_116070,CCC1CCNC(=O)N1,-0.2335,val
gdb_8127,CC12CC(=N)OC1C2,-0.2455,val
gdb_22153,CC(CNCC=O)=NO,-0.2359,val
gdb_21702,NC=Nc1ccno1,-0.2109,val
gdb_2256,NC12CC1OC2=O,-0.2483,val
gdb_124078,c1nc(C2COC2)n[nH]1,-0.2409,val
gdb_26466,CC1(C)Cn2ccnc21,-0.2133,val
gdb_62003,C#CC(O)CNC(N)=O,-0.2453,val
gdb_74370,CC1=NC(C#N)CCO1,-0.265,val
gdb_68430,N#CC1CN2CC1(N)C2,-0.2389,val
gdb_111634,CCC1C2CC=CC12O,-0.224,val
gdb_44018,O=C1NC23CC4C2C1C43,-0.2401,val
gdb_99904,CCC(O)(C#N)C1CO1,-0.2868,val
gdb_25953,CC(=N)Oc1cnco1,-0.2349,val
gdb_55559,C#CCC(=O)NC(C)=N,-0.2495,val
gdb_85436,CC1CC(=O)CC12CN2,-0.2348,val
gdb_31495,Cc1nc(CO)oc1N,-0.1977,val
gdb_119154,COCC1(C(C)O)CO1,-0.2508,val
gdb_100792,COC(C)C(O)C1CC1,-0.2514,val
gdb_127913,CN=c1[nH]c(C=O)no1,-0.2334,val
gdb_45241,O=C1NC2CN3CC2C13,-0.2339,val
gdb_102661,COC(CO)CN1CC1,-0.2316,val
gdb_43922,O=C1C=CC2(CCC2)O1,-0.2654,val
gdb_7081,CC(CC=O)OC=N,-0.252,val
gdb_73774,CC1=C(C)C(=O)OC1=N,-0.275,val
gdb_26007,CC(=O)Oc1cc[nH]c1,-0.2029,val
gdb_121502,CCOC=NCC1CO1,-0.2433,val
gdb_110186,CCC1C(=O)CN1C=O,-0.2582,val
gdb_40355,C1OC2(C3CC3)CC1C2,-0.2324,val
gdb_95498,CC1CC(O)C=CCO1,-0.2434,val
gdb_90484,CC1CN2C1C2C1CN1,-0.2261,val
gdb_71804,CC12CC3C4CC4C1C32,-0.2373,val
gdb_51104,O=CCC12CC1C(=O)O2,-0.2633,val
gdb_68699,C#CC12CC1(C)OC2=N,-0.2467,val
gdb_37961,C1CCC2C3CC(C1)C23,-0.2435,val
gdb_107450,OCC12NC1CN1CC12,-0.2233,val
gdb_109449,CCN1C(=O)CC12CC2,-0.2278,val
gdb_107945,COC12CN3C1C3(C)C2,-0.2223,val
gdb_60798,CC(C=O)C(C)(O)C=O,-0.2464,val
gdb_60782,C#CC(C#N)N(C)C=O,-0.2747,val
gdb_122437,CC1(O)CC1CCCO,-0.2465,val
gdb_52182,O=CNCC1CC(=O)N1,-0.2529,val
gdb_93714,CC1CCC(C)(C#N)O1,-0.2774,val
gdb_114015,COC1CC1COC=O,-0.2607,val
gdb_28111,Cc1cc2ocnc2o1,-0.2096,val
gdb_80674,CC1C2CC(C3CO3)C12,-0.2443,val
gdb_20765,Cc1noc(N)c1N,-0.2049,val
gdb_62304,N#CC1(N)C2C3CN2C31,-0.2505,val
gdb_31324,CNc1cc[nH]c1C=O,-0.1933,val
gdb_126521,CCCc1cn[nH]c1O,-0.2105,val
gdb_82943,CC1C2OC3CC3C12O,-0.2283,val
gdb_8564,O=C1CC2CC(C1)O2,-0.2424,val
gdb_30987,Nc1[nH]c(=O)[nH]c1CO,-0.1757,val
gdb_111575,CCC1C2CC3CC1C32,-0.2538,val
gdb_110608,CCC1C2C3NC3(C)C12,-0.2472,val
gdb_8176,CC12CC(CC1O)C2,-0.2577,val
gdb_31084,COc1nc(O)[nH]c1N,-0.1757,val
gdb_8881,CCC(C)C(=O)CO,-0.2611,val
gdb_50063,C#CC(=O)C1OC1C=O,-0.2652,val
gdb_79711,CN1C2C(O)C1C1OC12,-0.2198,val
gdb_87969,CC1CCC2(C1)CC2O,-0.2505,val
gdb_16850,O=C1C=CC2CN2C1,-0.2225,val
gdb_108590,COC12CCCC1C2O,-0.2378,val
gdb_22820,CC1CCC=CC1=NO,-0.2217,val
gdb_118529,CCOC(CC)CC#N,-0.259,val
gdb_96783,CN=C1C=CC(=O)N1C,-0.243,val
gdb_52038,O=CCCC(C=O)C=O,-0.2608,val
gdb_131113,N#CC(O)c1c[nH]nn1,-0.2853,val
gdb_92714,C#CC1C(C)=CCC1C,-0.2343,val
gdb_128331,CNc1n[nH]cc1C=O,-0.2124,val
gdb_122596,CCCOC1COC1=O,-0.2531,val
gdb_5470,C#Cc1ocnc1O,-0.2161,val
gdb_128917,N#CCCc1nnon1,-0.3328,val
gdb_111132,OCC1C2OC1C1CC12,-0.2404,val
gdb_47269,N=C1OCCC(=O)C1=O,-0.2575,val
gdb_122429,COCCN1CC(O)C1,-0.217,val
gdb_69180,CC12OC1C(=O)C21CO1,-0.2425,val
gdb_74927,CC1=CC2CC3N2C13C,-0.2058,val
gdb_125436,C#CCc1n[nH]c(C)n1,-0.2525,val
gdb_65175,C#CC1OC1C1(C)CO1,-0.256,val
gdb_81274,CN1C(=O)C2CC1C2O,-0.2284,val
gdb_87356,CN1CC1(C=O)CC=O,-0.2452,val
gdb_89178,CC1CC2(C)C1C2(C)C,-0.237,val
gdb_42419,C#CC(=O)CC1COC1,-0.2456,val
gdb_10100,CCC(C#N)NC=O,-0.2744,val
gdb_124613,CC(C)n1nnc(O)n1,-0.2547,val
gdb_47170,O=C1NCC=C2COC12,-0.2321,val
gdb_31018,CCc1cc(C)[nH]c1C,-0.1818,val
gdb_107182,CCC12OC1C1C(C)C12,-0.2223,val
gdb_103919,CC12CC(O)(CO)C1O2,-0.2469,val
gdb_97695,CCC#CC1(C#N)CN1,-0.2548,val
gdb_75665,C#CC12CN1C(=O)C2C,-0.2507,val
gdb_95418,CC1CCC=C(C#N)C1,-0.2585,val
gdb_102351,C#CC(C#C)(CO)CO,-0.2541,val
gdb_93739,CC1OCC(C)(C=O)O1,-0.2462,val
gdb_12817,CC12CC1OCCO2,-0.226,val
gdb_61561,CC(OC1CC1)C(N)=O,-0.2335,val
gdb_101665,COC(C)CC(O)C=O,-0.2555,val
gdb_118740,CCOC1(C)CC(=O)C1,-0.2399,val
gdb_63203,CC1(O)C=CC2CC1O2,-0.2344,val
gdb_40553,C1=C(C2CO2)C2NC2C1,-0.2289,val
gdb_27302,Cc1c[nH]c(N)nc1=O,-0.2223,val
gdb_121315,CCCN1CCNC1=O,-0.2275,val
gdb_30784,COc1ncn(C)c1N,-0.1837,val
gdb_65909,N#CC(=O)C1(O)COC1,-0.2753,val
gdb_107117,CC12NC1C1(CO)NC21,-0.2022,val
gdb_107791,CCC12CC3C(C1C)N32,-0.2375,val
gdb_56086,N#CC#CCOC(N)=O,-0.2888,val
gdb_6660,N#CCOCC(N)=O,-0.2619,val
gdb_98005,CC#CC#CC(=O)CC,-0.248,val
gdb_95186,CC1OCC2NC2C1=O,-0.232,val
gdb_104540,CC#CCC1(CO)CN1,-0.237,val
gdb_95509,CC1(O)C=CCCC1O,-0.2413,val
gdb_26519,OC12CC1n1cccc12,-0.204,val
gdb_10729,CCC1(C(C)O)CN1,-0.2379,val
gdb_101561,CC(CO)OC(=N)CO,-0.2596,val
gdb_10172,CN=C(CCO)OC,-0.2437,val
gdb_117315,COCC(=N)OC(C)=O,-0.2577,val
gdb_130076,Nc1nc2n(n1)C1CC21,-0.2122,val
gdb_36809,N#CCOCCC1CO1,-0.2775,val
gdb_78512,CC12CC3(O)C1C(O)C23,-0.2502,val
gdb_84367,CC1C=CC(C)(C)C1C,-0.233,val
gdb_51438,N=COC1C(=O)N2CC12,-0.2525,val
gdb_99453,C#CC(C#CC=O)OC,-0.2734,val
gdb_126581,CCCCc1cnno1,-0.2672,val
gdb_22483,C#CCCC(CC)=NO,-0.2441,val
gdb_122955,CCC(O)CCCCO,-0.2615,val
gdb_74265,CC1=NC(C)(C)C(=O)O1,-0.263,val
gdb_42267,C#CC(=O)C1CC2NC21,-0.2336,val
gdb_47888,O=C1OCCCOC1=O,-0.2711,val
gdb_47639,O=C1C=CC=CCCC1,-0.2371,val
gdb_40899,C1CC2(C1)C1CCOC12,-0.2201,val
gdb_22405,CCCN1CC(=NO)C1,-0.2192,val
gdb_16560,C1=CC2CCC(C1)O2,-0.2375,val
gdb_20664,Cc1cnnoc1=N,-0.2602,val
gdb_24665,c1cc(C2CO2)ccn1,-0.2543,val
gdb_70268,N#CC1CC2CC2(O)C1,-0.2713,val
gdb_82436,O=C1CCC2OC2C1O,-0.2655,val
gdb_85545,N=C1CC(O)C2CC2O1,-0.2471,val
gdb_42435,N#CCCC(=O)C1CC1,-0.2635,val
gdb_7043,CC#CC(=O)NC=N,-0.246,val
gdb_22697,C#CC12CC(N1)C2=NO,-0.238,val
gdb_117494,CCOC(=NC)C1CO1,-0.2365,val
gdb_121074,O=C1CCC(CCO)N1,-0.2375,val
gdb_83077,O=CC12N=CNC1C2O,-0.2296,val
gdb_8704,CCC(O)(C=O)CO,-0.2527,val
gdb_52115,O=CNCC12CCC1C2,-0.2433,val
gdb_51442,O=CCC1C(=O)N2CC12,-0.2566,val
gdb_22657,O=CC1CC(=NO)CO1,-0.2484,val
gdb_108583,CCC12OCCC1C2C,-0.2287,val
gdb_127630,Cn1ncc2ncoc21,-0.2313,val
gdb_113813,CCC1CC1C1CC1C,-0.2393,val
gdb_105321,CNC1(C#N)CN2CC21,-0.238,val
gdb_14808,C#CC1COC1C#N,-0.2824,val
gdb_9793,C#CC(O)C1(C)CO1,-0.2673,val
gdb_129841,Nc1cc(CCO)no1,-0.2154,val
gdb_42441,C#CCNC(=O)C1CO1,-0.2529,val
gdb_42461,C#CCCC(=O)CC#C,-0.2517,val
gdb_93434,CC1CCC(=O)NC1=N,-0.2563,val
gdb_34302,N#CC12CC(CO1)CO2,-0.274,val
gdb_42725,O=C1C2C=CC3CN2C13,-0.2327,val
gdb_118914,CCCC1(C)CCC1=O,-0.2326,val
gdb_99447,C#CC#CC(C#N)CO,-0.2638,val
gdb_34976,N#CC1C2CC3CC2N31,-0.2526,val
gdb_111601,OCC1C2CC3CC2N31,-0.2362,val
gdb_75052,CC1=CNC(=N)C(=O)C1,-0.2106,val
gdb_11224,C#CC1C=C(C)CO1,-0.2409,val
gdb_59481,CC(O)C1NC1C1CO1,-0.2513,val
gdb_49791,N=C1CCC=CN1C=O,-0.2332,val
gdb_87268,CC(=O)C1(C=O)CC1O,-0.2561,val
gdb_126214,CCc1[nH]nnc1CO,-0.2442,val
gdb_113910,NC(=O)CC1OC1CO,-0.2458,val
gdb_61251,CN1CC1C(N)CC#N,-0.2413,val
gdb_124921,Cc1onc(O)c1C#N,-0.2738,val
gdb_80578,CC(=O)C1CC2C(O)C12,-0.2394,val
gdb_51581,O=COC1CC1N1CC1,-0.2281,val
gdb_107312,NC1=NC2CC2(CO)O1,-0.222,val
gdb_30546,N=c1[n-]cc([NH+]=CN)o1,-0.1663,val
gdb_106442,N#CC1C2CC1(CO)C2,-0.2793,val
gdb_107276,OCC12OC1C1CC2C1,-0.2485,val
gdb_49936,N#CCC1CC(C=O)N1,-0.2463,val
gdb_117168,CCNC(=O)C(O)CO,-0.2509,val
gdb_93555,O=C1CC=CC(O)CN1,-0.2426,val
gdb_106939,O=C1CCC2(CO)CC12,-0.2341,val
gdb_90239,CC1CC23CN1C2CO3,-0.2214,val
gdb_32217,CCc1ncccc1N,-0.2075,val
gdb_31128,CCc1c(O)c[nH]c1C,-0.1789,val
gdb_37202,C1NC23CNC12C1NC13,-0.2061,val
gdb_100906,COC(C)C(C#N)OC,-0.2643,val
gdb_55648,CC(=N)OC(C)(C)C=O,-0.2534,val
gdb_44600,N=C1OC2C3OCC1C32,-0.241,val
gdb_75051,CC1=CCC(=O)C(=O)C1,-0.2364,val
gdb_110484,OCC1C2C3C4C1N2C34,-0.2206,val
gdb_31750,COc1coc(CO)n1,-0.218,val
gdb_26221,CC(C)c1ccc(O)[nH]1,-0.1743,val
gdb_9108,C#CC(=O)OC=NC,-0.2702,val
gdb_55160,NC(=O)C1CC2OC2C1,-0.2427,val
gdb_10252,N=CN(C=O)C(N)=O,-0.2678,val
gdb_28249,Oc1cc2c([nH]1)CCN2,-0.1553,val
gdb_91700,CC1=CC2CC1OC2C,-0.2291,val
gdb_125356,Cc1cnnn1CC=O,-0.2577,val
gdb_119641,COCC12CC3C(C1)C32,-0.243,val
gdb_103732,CC1(C=O)OC1(C)CO,-0.2591,val
gdb_76869,CC1C(O)C2CC=CC12,-0.2394,val
gdb_127742,Cn1nnc(N)cc1=O,-0.2342,val
gdb_94735,CC1OCC2(C)COC12,-0.2442,val
gdb_8836,CCC(=N)N(C)C=O,-0.2589,val
gdb_122857,COCCCC(=N)OC,-0.2517,val
gdb_24515,c1ccc2ocnc2c1,-0.2405,val
gdb_123815,C1CC1Oc1nn[nH]n1,-0.253,val
gdb_123243,O=CNCCOCCO,-0.2536,val
gdb_56061,N#CCN=CNC(N)=O,-0.2555,val
gdb_78513,CC12OC3(C)C1C(O)C23,-0.2228,val
gdb_12450,O=C1CCCC=CN1,-0.2167,val
gdb_113372,CCC1(CC)OC1CO,-0.2586,val
gdb_113731,CCC1OC1C(N)C#N,-0.2741,val
gdb_12199,CC1CC(C#N)N1C,-0.2386,val
gdb_109312,CCC1=CCOC12CC2,-0.2055,val
gdb_18162,CCC1CC2C(O)C12,-0.2443,val
gdb_36877,C1C2OC1C2CN1CC1,-0.234,val
gdb_47247,N=C1NC=CCNC1=O,-0.2215,val
gdb_6662,N#CCCNC(N)=O,-0.2673,val
gdb_2882,C#CC1C=CCO1,-0.2464,val
gdb_10603,CCC1(CC)CC1C,-0.2549,val
gdb_33106,COCc1c[nH]c(O)c1,-0.1786,val
gdb_106020,CCC12C(=O)C3CC1N32,-0.2437,val
gdb_12603,CN1C(=N)CCC1=O,-0.2539,val
gdb_111017,CCC1C2CC1(C#N)C2,-0.3015,val
gdb_119623,COCC12COCC1N2,-0.2466,val
gdb_80102,C#CC12NC=NC1C2C,-0.2229,val
gdb_51338,O=COC1C2CN3C2C13,-0.2523,val
gdb_61124,N#CCC(O)(C=O)C=O,-0.2814,val
gdb_17065,COC1C2OC1C2C,-0.2332,val
gdb_130509,c1cc2noncc-2n1,-0.2586,val
gdb_93127,CC1CC=CCN1C=O,-0.2363,val
gdb_103878,CCC1(C)CC1CC#N,-0.279,val
gdb_58361,CC(O)C(C=O)C1CO1,-0.2529,val
gdb_77668,CC12CCCC1(O)C2O,-0.2259,val
gdb_13348,O=CCC1CCOC1,-0.2495,val
gdb_79857,CN1C2C3COC2(C)C31,-0.2074,val
gdb_74308,CC1=CN(C=N)C(=O)C1,-0.2165,val
gdb_84628,O=C1C2C=CC(O)C1C2,-0.2338,val
gdb_11803,CC1C(=O)OC12CC2,-0.2706,val
gdb_99175,CNC(=O)OC1CCC1,-0.2481,val
gdb_108711,N=C1NC(CO)=CC1=O,-0.2282,val
gdb_124791,CC(O)c1n[nH]c(=O)[nH]1,-0.2233,val
gdb_51914,C#CCOC=NCC=O,-0.2447,val
gdb_105628,CCC1(C#N)CCN1C,-0.2331,val
gdb_94031,CC1C=C(CC#N)CC1,-0.2498,val
gdb_36009,C#CCC(C#N)C1CN1,-0.2616,val
gdb_55575,C#CCC(=O)NC(N)=O,-0.2494,val
gdb_72526,O=C1C2OCC1(O)CO2,-0.2483,val
gdb_48538,O=CC12C3C=CC1C2O3,-0.2407,val
gdb_111110,OCC1C2CC(O)C1O2,-0.2442,val
gdb_127479,Cn1nc(N)c(O)c1N,-0.1899,val
gdb_1086,C#CCC(C)(C)O,-0.2559,val
gdb_108757,CCC1=CC(=O)CC1C,-0.2289,val
gdb_81442,CC1C2CC1C1(CC1)O2,-0.2187,val
gdb_21194,CNc1nc(O)n[nH]1,-0.2052,val
gdb_37719,C1CN2C3C4CC(C14)C32,-0.2192,val
gdb_128236,CNc1c[nH]ncc1=O,-0.1932,val
gdb_8295,CCCC1CC(=O)N1,-0.2458,val
gdb_59058,CC(C)C1C(O)C1(C)O,-0.2297,val
gdb_81664,CC1C2CC(=N)OC1C2,-0.2467,val
gdb_35034,N#CC1C2CCC1CC2,-0.2993,val
gdb_73052,CC12CCC1C2NC=O,-0.2394,val
gdb_77541,C#CC12CC(C)(O1)C2C,-0.2352,val
gdb_39843,C1C2C3OC3C3(CN3)C12,-0.2421,val
gdb_79822,CC1N2C3CCC1(C)C32,-0.2173,val
gdb_47137,N=C1OCC=C1C1CN1,-0.231,val
gdb_89503,CC12CCC=C1C(O)C2,-0.2321,val
gdb_121427,CC(=NCCO)NC=O,-0.2512,val
gdb_46778,N=C1CC2CC(CO1)O2,-0.2505,val
gdb_16903,CC1CC2NC2CO1,-0.2394,val
gdb_16028,C1OCC2(CO1)CO2,-0.2534,val
gdb_94391,CC1OCC12CC=CC2,-0.2397,val
gdb_51621,O=CNC1CC2(CN2)C1,-0.245,val
gdb_23202,COC12CC1CC2=NO,-0.2306,val
gdb_58757,CC(O)C12CC(C1)C2O,-0.2552,val
gdb_64278,CC1(O)CCC2CC2C1,-0.2534,val
gdb_99586,CNC(C#N)C(C)C=O,-0.2595,val
gdb_75603,CC1=CCOCCCC1,-0.2301,val
gdb_119483,CCCC12CC1C1NC12,-0.2024,val
gdb_90633,CC1CC2C1C2(O)C#N,-0.2743,val
gdb_36,CNC=O,-0.2516,val
gdb_73414,CC12COC3C4C(C31)N42,-0.2342,val
gdb_110157,C#CC1CC(=O)N1CC,-0.248,val
gdb_37495,C1=C2CN3C1C1CC3C21,-0.1912,val
gdb_47668,O=C1NCCC=CCO1,-0.2475,val
gdb_41370,C1=CC23COC2(C1)CN3,-0.2226,val
gdb_45812,O=C1NC=NC2CC2N1,-0.2395,val
gdb_40516,C1NC1C12COC1CN2,-0.2205,val
gdb_118307,N=COCC(O)CCO,-0.2516,val
gdb_89334,CC1NC2(C)CC12C#N,-0.2319,val
gdb_131255,N#CCn1nncc1O,-0.2521,val
gdb_79053,OC1C2C3N4CCC13C24,-0.2164,val
gdb_20430,c1nc(N2CC2)no1,-0.247,val
gdb_78518,CC1C2C3(O)CC2(O)C13,-0.2494,val
gdb_101936,NC(=O)C(CO)C1CO1,-0.2427,val
gdb_1631,CC(=O)C(C)C=O,-0.253,val
gdb_95855,CC1COCC(C#N)C1,-0.264,val
gdb_10093,CN=C(CO)OC=O,-0.2704,val
gdb_88374,CC1NC1C(C)(C)C#N,-0.2582,val
gdb_106271,CC12CC(CO)(C1)C2O,-0.2446,val
gdb_129725,N=c1onnc(O)c1N,-0.2129,val
gdb_92478,CC1OC2CCC1CC2,-0.2315,val
gdb_89977,O=C1C(O)CC12COC2,-0.2498,val
gdb_68647,NC12C=CC(C1)OC2=O,-0.2379,val
gdb_88683,CC1NC1C1NC1(C)C,-0.2311,val
gdb_20323,C#CCc1cn[nH]n1,-0.2615,val
gdb_62488,CC1(O)C(=N)OCC1=O,-0.2567,val
gdb_79889,OC1C2C3OCC3C12O,-0.2328,val
gdb_123352,C#CCCc1cnon1,-0.2756,val
gdb_66260,C#CC1(C)CCOC1=O,-0.2586,val
gdb_43087,O=C1C2CC3OC1C3O2,-0.2323,val
gdb_73531,CC12OCC=C3CC1C32,-0.2241,val
gdb_11744,CC1CC2(CO)CN12,-0.2354,val
gdb_112879,CCC1CN(C)CC1=O,-0.2065,val
gdb_69676,CC12CC1N1C(C#N)C12,-0.24,val
gdb_110932,CCC1C2OC(CO)C12,-0.2416,val
gdb_54999,CC(=O)C1CC1C(C)=O,-0.2415,val
gdb_16913,OC1CCC2CN2C1,-0.2171,val
gdb_49136,O=CC1=CC(=O)NCC1,-0.2528,val
gdb_1741,CC1(NC=O)CC1,-0.2461,val
gdb_47235,O=C1OCC=CC2CC12,-0.2485,val
gdb_62591,CC1(O)C2C(=O)C3C2C31,-0.2355,val
gdb_1401,C#CCC(O)C#C,-0.2606,val
gdb_36710,N#CCCC1CN=CO1,-0.2631,val
gdb_19261,CN=C1C(O)C2CN12,-0.2376,val
gdb_22253,CC(O)C(=N[O-])C(N)=[NH2+],-0.1776,val
gdb_127746,Cn1nnc(NC=N)n1,-0.2289,val
gdb_34279,C#CC12C=CC(CO1)C2,-0.2419,val
gdb_60227,CC(C)CC1CCC1=O,-0.2389,val
gdb_115539,CCC1OCC1(C)C#N,-0.2659,val
gdb_121970,C#CCC(C)CCOC,-0.2532,val
gdb_79845,OC1C2COC3C1C23O,-0.2167,val
gdb_116632,CCN=C1OCCC1O,-0.2542,val
gdb_44406,O=C1NC2C3C=CC12C3,-0.2358,val
gdb_48603,C#CC1C2CC1(C=O)C2,-0.246,val
gdb_120145,CCOC1C2CC(O)C21,-0.2467,val
gdb_10181,CCCC(C#N)CO,-0.282,val
gdb_124719,CC(N)=Nc1ncon1,-0.2252,val
gdb_107033,CC1C=CC2(CO)NC12,-0.2266,val
gdb_92786,CC1CC=C(CC#N)C1,-0.2494,val
gdb_3569,C1CC2C1C1OC21,-0.252,val
gdb_96982,CN=C1OC2CC2C1O,-0.2512,val
gdb_41979,C1OCC2C3OCC1C23,-0.2223,val
gdb_108672,CCC1=C(C)CCOC1,-0.2238,val
gdb_61595,OC(CN1CC1)C1CC1,-0.2311,val
gdb_4375,Nc1ncnc(O)n1,-0.2528,val
gdb_97173,CN=C1OCC=CC1O,-0.2541,val
gdb_5300,NC(=O)n1ccnc1,-0.2402,val
gdb_89643,OC1CC2(C3CO3)CC12,-0.2483,val
gdb_117903,C#CC(=O)N(C)CCC,-0.2413,val
gdb_41912,C1CC2C3CCC1OC23,-0.216,val
gdb_76252,CC1C(=O)N(C=O)C1C,-0.2525,val
gdb_60327,CC(C)CNC(=N)C=O,-0.234,val
gdb_31706,CCc1coc(CN)n1,-0.2308,val
gdb_68480,CC12CC(COCO1)C2,-0.2487,val
gdb_118252,COCC(O)CN1CC1,-0.2187,val
gdb_48669,N=C1OCC2(C=O)CC12,-0.2615,val
gdb_16072,CNC12COC1C2O,-0.2118,val
gdb_58607,CC(C)C1(C(N)=O)CC1,-0.239,val
gdb_48777,O=CC12CN1CC1CC12,-0.2314,val
gdb_30346,CC1CNc2c[nH]cc21,-0.1707,val
gdb_12572,OC1CCOCOC1,-0.2548,val
gdb_113743,COC1CC1C(O)C#N,-0.2601,val
gdb_111014,OCC1C2CC1(O)CO2,-0.2377,val
gdb_127079,CN(C)c1onnc1N,-0.2058,val
gdb_2730,OCCCCCO,-0.2624,val
gdb_100624,C#CC(C#N)C(C)OC,-0.2699,val
gdb_129829,Nc1cc(=O)c(O)no1,-0.2367,val
gdb_14508,O=CC1(O)C2CC1C2,-0.2604,val
gdb_2307,C#CCC1CC1C,-0.2552,val
gdb_58896,CC(O)C12CCCC1C2,-0.2547,val
gdb_120496,COCC1OC(C)C1O,-0.2479,val
gdb_73047,C#CCC1C2CCC12O,-0.2442,val
gdb_82200,CC12OC1C1OC1C2O,-0.2515,val
gdb_94881,CC1OCC23CCC12N3,-0.2226,val
gdb_53956,CC(C)(C(N)=O)N1CC1,-0.2291,val
gdb_43401,C#CC1CCC=CC1=O,-0.2414,val
gdb_29482,Cc1c[nH]c2nc[nH]c12,-0.1833,val
gdb_95167,CC1CCC2OC2(C)C1,-0.2532,val
gdb_94147,C#CC1(C#N)CCC1O,-0.2771,val
gdb_57165,CC(=O)N(C)C(=O)C#N,-0.2674,val
gdb_84191,N#CC1=CC(N)C(=O)N1,-0.2509,val
gdb_18415,C#CC1C2CC(=O)C12,-0.2445,val
gdb_41556,C1OC2C3C4CN(C12)C43,-0.2241,val
gdb_124103,c1[nH]nc2c1OCOC2,-0.2165,val
gdb_6100,CC(O)CNC(N)=O,-0.2405,val
gdb_20137,C1NC1C1CC2CN21,-0.2273,val
gdb_121995,COCCN(C)CC=O,-0.2285,val
gdb_62481,CC1(O)C(=O)NC12CC2,-0.2399,val
gdb_83680,N#CC1C(O)C2CNC12,-0.2498,val
gdb_63112,CC1(C)N2CCC21C#N,-0.2511,val
gdb_39587,C1=CC2CCCC=C2C1,-0.2216,val
gdb_110766,N=C1NC2C(CO)C12O,-0.2351,val
gdb_16003,C1=NCCC2(CC2)O1,-0.2394,val
gdb_65189,CC1(C2NC2C=O)CN1,-0.235,val
gdb_4297,Cc1ccoc(=N)c1,-0.2097,val
gdb_7752,NC1=NCCC(=O)N1,-0.2364,val
gdb_128517,COc1c(N)cnn1C,-0.1985,val
gdb_129320,C#Cc1cnnoc1=N,-0.2606,val
gdb_53533,CC#CCC1(O)CC1O,-0.2401,val
gdb_4827,Cc1ncc(CO)o1,-0.2362,val
gdb_23348,OCC1C2OC1C2=NO,-0.2515,val
gdb_28283,Cc1cn2c(n1)C1CC12,-0.2109,val
gdb_80423,CC1C(O)C2CC1(O)C2,-0.2562,val
gdb_94350,CC1CCC12CN2C=O,-0.2473,val
gdb_13841,CC(=O)C1C=CCC1,-0.2276,val
gdb_88090,OC1CC12CCC1CN12,-0.2278,val
gdb_53536,CC#CCC1(C)COC1,-0.2421,val
gdb_62402,N#CC1(O)C2CCC1N2,-0.253,val
gdb_128707,COc1cnc(=N)on1,-0.2466,val
gdb_14322,N=C1CC2CCC2O1,-0.2524,val
gdb_126640,CCCn1nnoc1=O,-0.2788,val
gdb_34271,C#CC12CN=C3CC1N32,-0.2446,val
gdb_7577,CC(C)C1(C)CCC1,-0.2761,val
gdb_132653,Nc1cc(O)c(F)cn1,-0.212,val
gdb_14822,C#CC1CCN1C=O,-0.2452,val
gdb_29967,Cn1ccc(CC=O)c1,-0.2087,val
gdb_65311,CC1(C=O)OC12COC2,-0.2627,val
gdb_81682,CC1C2CC(O)CC1O2,-0.2358,val
gdb_47883,O=C1COCCNC1=O,-0.2359,val
gdb_12955,NC1C2OC(=O)C12N,-0.2354,val
gdb_64998,N=CNC(=O)C1(O)CC1,-0.2364,val
gdb_80396,CC1(C)CC2C(O)C2C1,-0.2473,val
gdb_123932,c1n[nH]c2c1NCCO2,-0.1933,val
gdb_61591,OC(CC1CC1)C1CO1,-0.2574,val
gdb_4485,Cc1cc(C)c(C)o1,-0.1968,val
gdb_4306,Cc1cc[nH]c(=O)n1,-0.2348,val
gdb_109305,CC1(O)CCC=C1CO,-0.2351,val
gdb_97188,CN=C1COCC(=N)N1,-0.2412,val
gdb_17815,CC1CC1C1CCC1,-0.2567,val
gdb_48766,O=CC12CC1NC(=O)O2,-0.2656,val
gdb_79634,CC1C2NC2C2C(O)C12,-0.2181,val
gdb_84777,C#CC1(O)CC=CC1O,-0.2518,val
gdb_98827,N=C1CCN1C(=O)CO,-0.2566,val
gdb_54239,NC(=O)C1(O)CCC1=O,-0.2491,val
gdb_116564,CCN=C1CC(C=O)O1,-0.2549,val
gdb_67806,CC12C=CC3NC1C32O,-0.2096,val
gdb_109062,CCC1=CC2OC3C1C23,-0.2218,val
gdb_97253,CN=C1C=CCOCO1,-0.2365,val
gdb_47898,O=C1C=CCOCOC1,-0.2468,val
gdb_456,CC1=CCCC1,-0.2238,val
gdb_117190,CC1(C(=O)CCO)CO1,-0.2482,val
gdb_132704,Fc1ncc(F)c(F)n1,-0.2837,val
gdb_98447,COC(=O)C1(C)CCC1,-0.2611,val
gdb_89077,CC1CC1CCCC#N,-0.2759,val
gdb_33260,CCCCn1cccc1,-0.1988,val
gdb_79795,OC1C2C3OC4C3C1C42,-0.2377,val
gdb_69304,CC1(C)C(=O)C2(C)CN12,-0.2339,val
gdb_117303,CCOC(=N)CC(N)=O,-0.2492,val
gdb_64923,CC1(C=O)CC1(O)C=O,-0.2475,val
gdb_63227,CC1(C)C=CCN1C=O,-0.2348,val
gdb_7180,CCCC(C)NC=O,-0.2482,val
gdb_116306,COC1COCC1CO,-0.2406,val
gdb_28520,Nc1ccc(O)nc1N,-0.1838,val
gdb_101840,CCC(C)OCC1CO1,-0.2466,val
gdb_43311,O=C1C=CC2C3OC3C12,-0.2347,val
gdb_35257,N#CC1CC1N1CCC1,-0.2169,val
gdb_34907,C#CC1C2CC2C2CC12,-0.2423,val
gdb_131212,Oc1cc(C2CN2)n[nH]1,-0.2151,val
gdb_49274,O=CC1=CNCC12CO2,-0.2142,val
gdb_108459,O=C1CC2COC12CO,-0.238,val
gdb_29210,N=c1cc(N)c(O)co1,-0.1862,val
gdb_62444,N#CC1(O)C2N=COC21,-0.2653,val
gdb_27000,C#CCc1ocnc1N,-0.199,val
gdb_23472,ON=C1COCC2NC12,-0.2399,val
gdb_41344,C1OC23COC(C2)OC13,-0.2509,val
gdb_54283,C#CCC1(C(N)=O)CC1,-0.2446,val
gdb_45316,N=C1NC2CN=COC12,-0.2374,val
gdb_96780,CN=C1C(=O)CC2CN12,-0.226,val
gdb_104836,COC1(CO)COC1=O,-0.2716,val
gdb_38835,C1OC2CC1N1CC1C2,-0.2201,val
gdb_36810,N#CCOCCN1CC1,-0.2415,val
gdb_58153,CC(C)C(O)C#CC#N,-0.2865,val
gdb_72384,CC12OC=NC3C1NC32,-0.2322,val
gdb_111708,CCC1N2CCC12C#N,-0.2532,val
gdb_78192,CC1C(C#N)C2C(O)C12,-0.2702,val
gdb_60304,CC(O)CCC#CC=O,-0.2594,val
gdb_113929,CCC1CC1OC(C)C,-0.2289,val
gdb_49843,N=C1OC(C=O)C1C=O,-0.2618,val
gdb_6693,C#CC#CCC(C)C,-0.2399,val
gdb_64694,C#CC1CC1(O)CC#N,-0.2552,val
gdb_70535,CC12CC(=O)NCC1O2,-0.2417,val
gdb_31972,CNc1ccc(OC)o1,-0.1866,val
gdb_28388,N=c1oc(O)ccc1N,-0.1757,val
gdb_13918,O=C1CCC12CCC2,-0.2329,val
gdb_52576,CC#CC(C#N)C#CC,-0.2636,val
gdb_55417,CC(=O)N1CCNC1=O,-0.2556,val
gdb_69475,CC12CC(CC=O)C1C2,-0.2435,val
gdb_67723,OC12C=C3CC4C3C1C42,-0.1993,val
gdb_98450,COC(=O)C1(C)COC1,-0.2499,val
gdb_19155,CCC1(C2CO2)CO1,-0.2571,val
gdb_50133,O=CC1CC2(C=O)OC12,-0.2559,val
gdb_121509,N#CCOC=NCCO,-0.2594,val
gdb_111189,N#CC1C2CC1C2CO,-0.2751,val
gdb_69630,N#CC12NC1C1(O)CC12,-0.2364,val
gdb_57592,CC(C)(C=O)C1(O)CC1,-0.2422,val
gdb_111960,CCN1C=NC(C)C1=N,-0.2222,val
gdb_92943,CC1OC=NC1(C)C#N,-0.2733,val
gdb_17005,C1OCC23CC12CO3,-0.2356,val
gdb_35336,N#CC1CC2(COC2)O1,-0.2645,val
gdb_99408,CN=C(OC)N1CC1C,-0.2248,val
gdb_117131,CCNC(=O)C(C)C=O,-0.2489,val
gdb_80859,CC1OC2CC1(C)C2C,-0.2304,val
gdb_66039,C#CC1(N)CNC1C#N,-0.251,val
gdb_110160,CNC1C(=N)NC1C#N,-0.24,val
gdb_38181,C1OCC1C1CC2CC21,-0.2421,val
gdb_89078,CC1CC1CNCC#N,-0.2407,val
gdb_64443,CC1(C)COCCC1=O,-0.2392,val
gdb_62934,CC1(O)C2COCC1N2,-0.227,val
gdb_73064,CC12OCC1C2OC=O,-0.2522,val
gdb_103753,CCC1(C)OC1(C)CO,-0.255,val
gdb_94277,OC1CCC12C1CC2C1,-0.2486,val
gdb_95606,CN1CCNC(=N)C1=O,-0.2324,val
gdb_44112,O=C1NC2=NCC3C1N23,-0.2551,val
gdb_131745,N#Cc1cc(CO)no1,-0.2836,val
gdb_67963,CC12CCOC1C(=N)N2,-0.2315,val
gdb_22557,CC(=NO)C1(CO)CC1,-0.2394,val
gdb_84465,C#CC12CC1N(C)C=N2,-0.2143,val
gdb_85790,CC1CC(C)(C#N)C1=O,-0.2589,val
gdb_22560,CCC1(C(C)=NO)CN1,-0.2315,val
gdb_99950,C#CC(=O)C(C)(O)CC,-0.2534,val
gdb_133325,Nc1c(F)cnoc1=O,-0.2347,val
gdb_34391,C#CC12CCCC1CC2,-0.2469,val
gdb_32337,CCc1ccc(=N)oc1,-0.2084,val
gdb_18247,OCC1=NCC2CN12,-0.2516,val
gdb_121931,CCCCC(C)C1CO1,-0.2608,val
gdb_99267,CCC(=O)COC(C)C,-0.2409,val
gdb_107761,COC12CC3C(C1)C3C2,-0.2422,val
gdb_29281,Nc1c[nH]c(C2CN2)c1,-0.177,val
gdb_94491,CC1COC1C#CC#N,-0.2755,val
gdb_17936,OC12C3=NCC1C2O3,-0.2177,val
gdb_16477,CC12C(=O)N3CC1C32,-0.2405,val
gdb_129870,C#CCn1nccc1N,-0.2039,val
gdb_81497,C#CC1(O)C2CC1C2C,-0.2512,val
gdb_124196,CC#CCn1cccn1,-0.2362,val
gdb_70214,CC12COC(=O)CC1O2,-0.2634,val
gdb_31587,COc1nc(O)c(N)o1,-0.1967,val
gdb_28330,Oc1cc2n(c1)CCC2,-0.177,val
gdb_40972,C1COC2(CO1)COC2,-0.2402,val
gdb_58085,CC(=O)C(C)(C)C(C)C,-0.2361,val
gdb_133640,C#CCOCC(F)(F)F,-0.2726,val
gdb_77415,CC1C2(C)C3CC3C12O,-0.2008,val
gdb_8438,CC1(C)OC2CC21C,-0.2259,val
gdb_58493,CC(O)C1(O)CC1C#N,-0.2707,val
gdb_33618,C#CC12C3NC1C1C3N12,-0.2329,val
gdb_122088,C#CC(CO)COCC,-0.2553,val
gdb_109107,CC1C(=O)NC=C1CO,-0.206,val
gdb_3451,OC1CCC2OC12,-0.2519,val
gdb_23007,C#CC(=NO)C1CC1O,-0.2346,val
gdb_6604,CCC12CC(O)(C1)C2,-0.2547,val
gdb_104646,CCC1(C=O)CC(C)C1,-0.2445,val
gdb_101719,CCC(C)OC1CC1C,-0.2324,val
gdb_84972,CC1C=CC(=O)C(=N)O1,-0.2577,val
gdb_85593,CN1CC(=O)COC1=O,-0.2557,val
gdb_50685,C#CC1CCCN1C=O,-0.2405,val
gdb_5216,NC=Nc1cnco1,-0.1996,val
gdb_44090,O=C1CC23OCC2CC13,-0.235,val
gdb_3868,Nc1c[nH]nc1O,-0.1892,val
gdb_42650,N#CC12C3OC1C2C3=O,-0.2617,val
gdb_93124,C#CC1OC=NCC1O,-0.2488,val
gdb_123925,c1noc2c1CCCO2,-0.2233,val
gdb_113642,CCC1CC1C(=O)C=O,-0.247,val
gdb_85369,CC1C=CC=CC(=O)N1,-0.2351,val
gdb_3642,C#Cc1nc[nH]n1,-0.2482,val
gdb_104807,CCC1(CO)CN=CO1,-0.2511,val
gdb_46327,O=C1COC12CCOC2,-0.2522,val
gdb_95000,CC1CCC2C3OC2C13,-0.228,val
gdb_41154,C1OC2CCC23CC1O3,-0.2301,val
gdb_90431,CC1C(O)C2CC(O)C12,-0.2404,val
gdb_129588,C#Cc1c(O)n[nH]c1N,-0.2031,val
gdb_92743,CC1=CCC(O)C(O)C1,-0.2417,val
gdb_46115,N#CCC1CCC(=O)C1,-0.2491,val
gdb_81372,CC1OCC2CC1C2C,-0.2393,val
gdb_30153,OC1CC1n1ccnc1,-0.2301,val
gdb_88068,O=CC1OCC12CC2O,-0.243,val
gdb_12385,CC1NCCCC1=O,-0.2217,val
gdb_87744,CC1OC12CC(C#N)C2,-0.2752,val
gdb_131343,N=c1[nH]nc(O)[nH]c1=N,-0.2058,val
gdb_49386,O=CC1C2C3CCC3C12,-0.2437,val
gdb_34463,N#CC12CNC3CN1C32,-0.2509,val
gdb_72894,OC12COC1C1(CN1)C2,-0.242,val
gdb_70428,CC12NC1CC21COC1,-0.2276,val
gdb_126486,CCc1nonc1C#N,-0.3189,val
gdb_43818,N=C1OC2(CC2)C2CC12,-0.2399,val
gdb_30351,CC1OCc2cocc21,-0.2259,val
gdb_105705,N=COCC1(CO)CN1,-0.2537,val
gdb_33612,N#CC12C3C4CC3N1C42,-0.2549,val
gdb_77874,CC1C(=O)C2(O)C(C)C12,-0.2281,val
gdb_23253,O=C1C(=NO)CC2NC12,-0.2316,val
gdb_109328,N#CC1OCC=C1CO,-0.2581,val
gdb_74563,CC1=NC2C(C#N)C2O1,-0.26,val
gdb_27911,Nc1cc(O)nc(O)c1,-0.2125,val
gdb_121215,COCC1CCC1C=O,-0.2441,val
gdb_28925,Oc1cccc(O)c1O,-0.2132,val
gdb_59082,CC(C)C1C(C)C1C=O,-0.2408,val
gdb_20175,C1=CC2CC3C(C1)C23,-0.2305,val
gdb_76996,O=CC1C=CC(=O)C1O,-0.2589,val
gdb_74731,CC1=CC2CC13OCC23,-0.2206,val
gdb_31788,COc1ccc(O)n1C,-0.1606,val
gdb_45179,O=C1CC2NC3C1NC23,-0.2207,val
gdb_81932,N=C1C(O)C(O)C2CN12,-0.2433,val
gdb_124768,CC(O)c1cn(C)nn1,-0.2535,val
gdb_6690,CC(O)C#CCC=O,-0.2527,val
gdb_22323,CC1=CC(=O)C(=NO)C1,-0.2282,val
gdb_17298,OC12CCC1C1CC12,-0.2236,val
gdb_116710,COC=NC1CC1CO,-0.2424,val
gdb_120300,CCCC1C2CCC12O,-0.2414,val
gdb_130790,C#Cc1nnoc(=O)n1,-0.2908,val
gdb_21344,N#CCn1cncn1,-0.2844,val
gdb_7741,NC1=CC(=O)COC1,-0.2185,val
gdb_43577,N#CC1OC(=N)C2OC12,-0.292,val
gdb_112728,CCC1CC(O)C1(C)C,-0.2507,val
gdb_84794,CC1C=CCC1C(N)=O,-0.2357,val
gdb_112727,CCC1CC(C)C1(C)O,-0.2465,val
gdb_128437,COC(=N)n1ncnn1,-0.2878,val
gdb_130524,c1cc2nnoc2cn1,-0.2732,val
gdb_42499,C#CC(=O)COCC#N,-0.2815,val
gdb_24212,c1cn2c(n1)N1CC2C1,-0.2122,val
gdb_116528,CCN=C(N)C(=O)CO,-0.2459,val
gdb_109051,CCC1=CC2NC2CC1,-0.2167,val
gdb_129742,N=COc1onnc1N,-0.2199,val
gdb_2837,C#CC1CC1OC,-0.231,val
gdb_75065,NC1=NCC(=O)C12CN2,-0.2306,val
gdb_117890,CCCC(O)C#CCO,-0.2593,val
gdb_69285,C#CC1=CCC2(C)NC12,-0.2235,val
gdb_30225,NC1Cn2c(O)cnc21,-0.1958,val
gdb_33097,CCOc1coc(C)c1,-0.1989,val
gdb_129710,Nc1cnoc(=O)c1O,-0.2246,val
gdb_108696,CCC1=C2CC3C(C1)C23,-0.1978,val
gdb_46348,N#CC#CC1COC1=O,-0.2895,val
gdb_111810,OCC1C2CCC1CC2,-0.261,val
gdb_99560,C#CC(C)C(C#N)OC,-0.2755,val
gdb_127374,Cn1cnoc(=O)c1=O,-0.2721,val
gdb_9829,CNC(=O)C1(C)CN1,-0.2451,val
gdb_49105,O=CC1=C(C=O)COC1,-0.2609,val
gdb_110716,COC1C2C=CC1N2C,-0.213,val
gdb_90237,CC1CC23CCC2C1C3,-0.2288,val
gdb_104604,CC(C)CC1(CO)CN1,-0.2441,val
gdb_27406,Cc1cc(=N)nccn1,-0.2373,val
gdb_26688,Cc1[nH]c(O)c(C)c1O,-0.1633,val
gdb_44073,O=C1NC23COC2C1C3,-0.2341,val
gdb_47602,O=C1COCC2COC12,-0.233,val
gdb_43091,O=C1C2CC3CC2C1O3,-0.2264,val
gdb_34715,N#CC1C2C=CC3C2N13,-0.2494,val
gdb_7803,CC1OCCC(=O)O1,-0.265,val
gdb_71137,CC12CC(=O)C3C(C1)C32,-0.23,val
gdb_92283,CN1CC2N=COC2C1,-0.2193,val
gdb_107885,CN1C2C3CC2(CO)C31,-0.2076,val
gdb_50298,O=CN1CC2C=CC1C2,-0.2339,val
gdb_39922,C1=CC2(CC2)C2CCC12,-0.2177,val
gdb_119333,OCCC12C3C4C(C31)N42,-0.2153,val
gdb_116737,C#CC(=O)CN=COC,-0.2519,val
gdb_19119,C#CC1(C2CC2)CC1,-0.235,val
gdb_87589,CC1CC12C=CC1CC12,-0.2116,val
gdb_2642,C#CC#CC#CC,-0.2323,val
gdb_128130,CNc1c(N)cnn1C,-0.1826,val
gdb_7604,CC(=O)C1(C)CC1C,-0.2379,val
gdb_104518,COC1(CC#N)CC1C,-0.2586,val
gdb_20497,CC#Cc1cnn[nH]1,-0.2382,val
gdb_118296,CCOC(C)COC=O,-0.2645,val
gdb_40705,C1OC1C1CC1N1CC1,-0.2382,val
gdb_34847,N#CC1C2CC1OC=N2,-0.2706,val
gdb_106104,CC1C2OC3C1C23CO,-0.2329,val
gdb_10165,COCC(C=O)C=O,-0.2576,val
gdb_106666,CC12OC1(CO)CC2O,-0.2521,val
gdb_99326,O=C(CO)OCC1CO1,-0.2716,val
gdb_21581,Nc1ccnoc1=O,-0.2315,val
gdb_95074,CC12CC(C1)OCC2O,-0.2376,val
gdb_45435,O=C1CC2OCC1CO2,-0.2486,val
gdb_5301,CC(C)c1ccc[nH]1,-0.1937,val
gdb_101919,CCC(C(C)=O)C1CO1,-0.2426,val
gdb_132157,N=c1cc(N)[nH]cc1F,-0.1918,val
gdb_97991,N#CCOCC#CCO,-0.2662,val
gdb_128262,CNc1nn[nH]c(=O)n1,-0.2491,val
gdb_12178,CN1C(=O)CC1C=O,-0.2474,val
gdb_53111,CC#CC1C(=N)OC1C,-0.251,val
gdb_67704,CC12C3CCC1C2CC3,-0.2474,val
gdb_28079,N=COc1coc(N)n1,-0.2074,val
gdb_10671,C#CC1(C(N)=O)CN1,-0.2525,val
gdb_97772,CC1(O)CC1C#CCO,-0.2402,val
gdb_67782,CC12C=CC3C4C(C31)N42,-0.2295,val
gdb_128154,CNc1nn[nH]c1C=O,-0.2233,val
gdb_95152,OC1CCC2C=CC1O2,-0.2365,val
gdb_36531,N#CCC1COCCO1,-0.2522,val
gdb_44330,O=C1CC2C3C=CN1C32,-0.2176,val
gdb_19368,COC12CC1N1CC12,-0.2205,val
gdb_35602,C#CC1CN=C2OCC21,-0.2527,val
gdb_21349,N#CCn1nnnn1,-0.3394,val
gdb_132626,Nc1cnc(F)c(N)c1,-0.197,val
gdb_108267,COC12CCC=C1CC2,-0.2288,val
gdb_115999,O=CC1=CCCC1CO,-0.2505,val
gdb_80777,C#CC12CC(C1=O)C2C,-0.2365,val
gdb_108203,COC12CCC(CC1)C2,-0.2398,val
gdb_104837,O=C1CCC1(CO)CO,-0.2481,val
gdb_98081,CNC(=O)C(=O)N(C)C,-0.235,val
gdb_43844,N=C1OC2(CC2)CC1=O,-0.2574,val
gdb_39651,C1OCC1C1C2CC1O2,-0.2404,val
gdb_49711,O=CC1C2COC1CO2,-0.2525,val
gdb_15957,C#CC1OCC12CN2,-0.2538,val
gdb_125293,Cc1ccnn1C1CC1,-0.225,val
gdb_58248,CC(C)C(O)C1OC1C,-0.257,val
gdb_95472,CC1CCC=C2CCC21,-0.2247,val
gdb_901,Cn1ccc(N)c1,-0.1719,val
gdb_75489,CC1=CCCC2(CC2)C1,-0.2261,val
gdb_70645,C#CC1CCC2OC12C,-0.2499,val
gdb_122157,CC1CC1(O)CCCO,-0.2509,val
gdb_90453,CC1CC2C(C1)C2(C)C,-0.2514,val
gdb_106697,CC12OC1(CO)C1NC12,-0.24,val
gdb_121927,CC(OCCO)C1CC1,-0.2556,val
gdb_80832,CC1C2CC1(C)C(=O)O2,-0.2567,val
gdb_51923,O=CCCC#CC1CC1,-0.2367,val
gdb_122956,CCC(O)CCCOC,-0.2499,val
gdb_39101,C1CC23COC(C2)C3O1,-0.2342,val
gdb_11672,CCC12CC(O1)C2C,-0.2312,val
gdb_80305,O=C1CC2C(O)C2(O)C1,-0.2378,val
gdb_70468,N#CCC1OC2CC12O,-0.25,val
gdb_66143,CC1(OCC2CC2)CC1,-0.2425,val
gdb_73818,CC1=C(C)C2(CC1)CO2,-0.2222,val
gdb_116082,CCC1COCC(=O)C1,-0.231,val
gdb_43124,O=C1C2C=CCC1C=C2,-0.2258,val
gdb_24320,c1ccc2c[nH]cc2c1,-0.1769,val
gdb_76388,CC(=O)C1(C)C(C)N1C,-0.2197,val
gdb_123307,C#Cc1c[nH]nc1C#N,-0.2518,val
gdb_100766,COC(C)C(O)C(C)C,-0.2514,val
gdb_11833,CC1OC2(CC2)C1C,-0.2214,val
gdb_47654,O=C1CCC=CCOC1,-0.2312,val
gdb_2187,CC1NC(=O)C1C,-0.2416,val
gdb_82112,OC1C2OC2C1N1CC1,-0.2269,val
gdb_14665,CC#CCC#CCO,-0.2424,val
gdb_41276,C1CC23CC4CC12OC43,-0.2342,val
gdb_51159,O=COC12CC1OC2=O,-0.2911,val
gdb_84229,CC1C=C2CC3C1C23O,-0.21,val
gdb_70851,CC12CC3(C)C4C1C2C43,-0.2134,val
gdb_124963,C#CCc1cnoc1C,-0.247,val
gdb_33381,C#CC#CCOC1CC1,-0.2462,val
gdb_16411,CC1=CCC2CC1C2,-0.2199,val
gdb_100770,CC(C(O)CO)C1CO1,-0.2515,val
gdb_123558,C1c2[nH]nnc2N2CC12,-0.226,val
gdb_39861,C1C2C3CC2C2(CO2)C13,-0.252,val
gdb_115127,CNC1CNC(=N)C1=O,-0.2261,val
gdb_71236,CC12CCC3OC1C3O2,-0.2366,val
gdb_116941,CC(=O)CC#CCCO,-0.2424,val
gdb_56864,C#CC(C)N1CC(=O)C1,-0.2379,val
gdb_20119,O=C(N1CC1)N1CC1,-0.2473,val
gdb_44272,N=C1OC2C3C2C2C1C32,-0.234,val
gdb_92472,CC1CC2CCC1CO2,-0.2323,val
gdb_12684,N=C1OCC(O)C1O,-0.2747,val
gdb_40391,C1OC1C12CC1C1NC12,-0.2092,val
gdb_114020,N=COCC1CC1CO,-0.2586,val
gdb_40018,C1=CC2(CN2)CC2NC12,-0.2244,val
gdb_102144,CCC(CC#N)C(N)=O,-0.2615,val
gdb_71045,CC12CC3=CC4C1N4C32,-0.2055,val
gdb_16217,O=C1NCCC12CN2,-0.2465,val
gdb_12328,CC1C=CCOC1=N,-0.2508,val
gdb_39291,C1CC2CCC3C1CC23,-0.269,val
gdb_5544,COc1ocnc1C,-0.2169,val
gdb_102645,CCC(CO)OC(C)C,-0.2463,val
gdb_103739,COC1(C)CC1(C)C=O,-0.2478,val
gdb_59561,CC(O)C1CC2CC1O2,-0.2418,val
gdb_6559,CC(C)(C)OC1CC1,-0.2347,val
gdb_49683,O=CC1C2OCC(=O)C12,-0.2545,val
gdb_84196,C#CC1=CC(O)C(=O)N1,-0.2319,val
gdb_28524,Nc1cc(O)c(N)cn1,-0.1795,val
gdb_64114,CC1(C)C=C(C#N)CO1,-0.2552,val
gdb_67702,OC12C3C=CC1C2CO3,-0.2257,val
gdb_12796,OC12CCC=CC1C2,-0.2236,val
gdb_86956,CC1C=CC(OC=O)C1,-0.2597,val
gdb_21849,O=COc1nnon1,-0.3255,val
gdb_112267,CCC1OC(=N)C1OC,-0.2532,val
gdb_106773,CCC12CC1(O)CN2C,-0.1967,val
gdb_49178,O=CC1=CC2OC2CC1,-0.2538,val
gdb_3615,C1CC2C3CC1C23,-0.2495,val
gdb_19325,C#CC12NC1C1OC12,-0.2225,val
gdb_132119,Nc1ncc(=O)[nH]c1F,-0.2014,val
gdb_27339,Nc1nc(=O)c(O)c[nH]1,-0.2133,val
gdb_121741,CCCNC(=O)OCC,-0.2452,val
gdb_74426,CC1=CC2(C)CC2OC1,-0.213,val
gdb_83589,OC1C2CCC1OCO2,-0.2463,val
gdb_120612,CCOC1CC1(O)C=O,-0.2426,val
gdb_85618,O=C1CCC=CC(O)C1,-0.2346,val
gdb_100027,CC(C)(CO)C1CC1O,-0.255,val
gdb_65709,CC1(CC=O)CN1C=O,-0.2549,val
gdb_129134,N=c1nconc1C=O,-0.2684,val
gdb_42225,C#CC(=O)C1C2CCN21,-0.2438,val
gdb_57393,CC(C)(O)C12CCC1O2,-0.255,val
gdb_93401,CC1=CC(=O)CCC1C,-0.23,val
gdb_17566,CC12CC(C1)C1CC12,-0.2475,val
gdb_114000,CCC1CC1COC=O,-0.2732,val
gdb_59770,CC(O)C1OCOC1C,-0.251,val
gdb_45918,N=C1COC(=N)C(=O)N1,-0.2785,val
gdb_42925,O=C1C2OC2C1N1CC1,-0.2397,val
gdb_121897,COCCC(O)C(C)=O,-0.2534,val
gdb_73512,CC12CCN=C1N1CC12,-0.2315,val
gdb_39391,C1CC2CC3(CC3C1)O2,-0.2169,val
gdb_43967,N=C1OC23C=CCC12C3,-0.2463,val
gdb_19166,OCC1(C2CC2)CO1,-0.2602,val
gdb_93239,CC1CNC(=O)N(C)C1,-0.2246,val
gdb_55685,CC(=O)NC1(C)CCC1,-0.2358,val
gdb_43516,N#CC1CC(=O)NC1=N,-0.2789,val
gdb_117359,CCCC(=O)CC1CO1,-0.246,val
gdb_57924,CC(=O)CC(=O)C(C)C,-0.2467,val
gdb_9727,C#CC1(C)COCO1,-0.2599,val
gdb_49912,O=CC1CC(C2CO2)O1,-0.2478,val
gdb_38788,C1C2CC3C4CC1C4C23,-0.2503,val
gdb_22397,N#CCN1CC(=NO)C1,-0.2463,val
gdb_76999,C#CC1C=CC(=O)N1C,-0.2442,val
gdb_50617,N=C1C=CCCN1C=O,-0.2383,val
gdb_22143,CC(CC#CC=O)=NO,-0.2607,val
gdb_46907,O=C1CCC2CC2NC1,-0.2197,val
gdb_83126,CC12C(=O)OCC1C2O,-0.2566,val
gdb_36662,C#CC1CC1CCC#N,-0.2543,val
gdb_31700,CCc1cc(OC)co1,-0.2004,val
gdb_71688,OC12CC3C4C(OC41)C32,-0.2347,val
gdb_1197,CC#CCC(C)C,-0.2402,val
gdb_73221,CC12COC1CNC2=O,-0.243,val
gdb_71308,C#CC1C2C3CC2(C)C13,-0.253,val
gdb_131689,O=Cc1nocc1CO,-0.2687,val
gdb_70592,CC1(C)CCC2CC21O,-0.2502,val
gdb_1925,CC12COC(C1)C2,-0.2348,val
gdb_90114,OC1CC23C=CC(C2)C13,-0.2219,val
gdb_47570,O=C1COCC2CC2O1,-0.2557,val
gdb_75961,CN1C(=N)CCNC1=O,-0.2463,val
gdb_46885,O=C1C=CC2CC2NC1,-0.2125,val
gdb_15979,O=CN1CCC12CC2,-0.2271,val
gdb_27387,Nc1cc(=O)nc(O)[nH]1,-0.223,val
gdb_127062,CCOCc1nc[nH]n1,-0.249,val
gdb_79653,C#CC12C(C)C1N1CC12,-0.2155,val
gdb_120297,CC12COC1C2CCO,-0.2334,val
gdb_88537,CN1CC1C12CN(C1)C2,-0.2205,val
gdb_116325,COC1CCCC2CC21,-0.2421,val
gdb_130936,O=CCCc1cnn[nH]1,-0.2573,val
gdb_14513,CCC1(C)C2CC1C2,-0.279,val
gdb_66447,OC12C3C1C1(O)C3C21O,-0.2117,val
gdb_25243,N=C1NCc2ccoc21,-0.2199,val
gdb_96605,C#CC(=NC)N(C)C=O,-0.2475,val
gdb_26777,C#Cc1nc(C)c(N)[nH]1,-0.193,val
gdb_4170,ON=C1CCC12CC2,-0.2286,val
gdb_86455,CC1CN(C)CC(=N)O1,-0.2251,val
gdb_81495,CC1C2CC1C2(C)C#N,-0.2961,val
gdb_111829,O=C1C(CO)C2COC12,-0.2418,val
gdb_67762,CC12C=CC3C(C=C1)C32,-0.2199,val
gdb_105518,CCC1(C(C)O)CCO1,-0.2343,val
gdb_36588,C#CCOC1(C#C)CC1,-0.2475,val
gdb_103469,CCC1(C)C2OCC21O,-0.222,val
gdb_118938,COCC1(N)COC1=N,-0.246,val
gdb_97316,CN=CNC(=N)C(C)=O,-0.2328,val
gdb_87044,CC1CC1(C#N)N1CC1,-0.2564,val
gdb_79318,CC1C2CC3C1C23C=O,-0.241,val
gdb_111919,CC1OC(N)=NC1CO,-0.2254,val
gdb_6592,CC12CC(C#N)(C1)N2,-0.2587,val
gdb_106444,C#CC1C2CC1(CO)O2,-0.2505,val
gdb_108818,CC1N=C(CO)NC1C,-0.2271,val
gdb_87713,CC1CC2(CN2C)C1O,-0.222,val
gdb_108410,C[NH2+]C12COC1[C-]2C=O,-0.1718,val
gdb_79288,CC1C2CN3C1C3C2O,-0.2371,val
gdb_42792,O=C1OCC2CC1C2=O,-0.2607,val
gdb_83330,O=C1C2OCC1(O)C2O,-0.2327,val
gdb_14225,CC12CC3C(O)C1C32,-0.2414,val
gdb_126200,C#Cc1cn[nH]c1CC,-0.2204,val
gdb_62404,C#CC1(C)C(=O)C2CC21,-0.2364,val
gdb_132664,Nc1ncc(F)nc1F,-0.227,val
gdb_91849,N#CC12CC(O)CC1N2,-0.2642,val
gdb_103183,COC1(C)C(C)CC1O,-0.2339,val
gdb_48962,O=CC12OC3CC1NC32,-0.242,val
gdb_75669,N#CC12CN1C(=N)C2N,-0.2677,val
gdb_2776,CCC1CCC1=O,-0.2364,val
gdb_81057,C[NH+]1C2CC1(C(=O)[O-])C2,-0.1939,val
gdb_121115,CCOC1CC(O)CO1,-0.2565,val
gdb_39594,C1=CC2CCCOC2C1,-0.2392,val
gdb_80272,O=C1C=CC2C(O)C2O1,-0.2584,val
gdb_93867,OC1CCC(O)C12CN2,-0.2396,val
gdb_75690,O=CC12CN1C(=O)C2O,-0.2583,val
gdb_126997,CCOc1nn[nH]c1O,-0.2056,val
gdb_13512,CC1CCC1C(N)=O,-0.2411,val
gdb_39323,C1NC2COC2C2NC12,-0.2187,val
gdb_105415,COC1(CC=O)COC1,-0.2509,val
gdb_116690,COC=NC12COC1C2,-0.2201,val
gdb_95012,OC1COC2C3NC2C13,-0.2383,val
gdb_43110,O=C1C2CCC3OC1C32,-0.2322,val
gdb_59859,CC(=O)C(=O)CN(C)C,-0.2184,val
gdb_77351,CC1C(=O)NCC1C=O,-0.2475,val
gdb_127158,CN(C)Cc1nnon1,-0.2323,val
gdb_114881,COC1CC2CCC=C21,-0.2226,val
gdb_124655,CC(C)Oc1ccon1,-0.2461,val
gdb_87799,CC1C2CC3(CC3C)C12,-0.2333,val
gdb_5316,CN(C)c1ncco1,-0.193,val
gdb_83277,CC1CC2C(C)C2CO1,-0.241,val
gdb_30534,NC=Nc1nc(N)co1,-0.179,val
gdb_104496,O=CC1(CO)C2CCN21,-0.2505,val
gdb_71577,CC12CC3C1CC3(O)C2,-0.2509,val
gdb_104226,OCC1(O)CCC12CN2,-0.2351,val
gdb_56541,C#CC(C)C(C)C(N)=O,-0.2435,val
gdb_93075,CC1CN=COC(=O)N1,-0.2532,val
gdb_89849,OC1CC2(CO2)CC1O,-0.2514,val
gdb_74429,CC1=CC2(O)CC2CC1,-0.2234,val
gdb_30616,CCC(=O)c1cc[nH]c1,-0.2237,val
gdb_5072,Cc1[nH]cc(N)c1O,-0.1748,val
gdb_65220,CC1(C2CN=CO2)CO1,-0.2515,val
gdb_96852,CN=C1OC(C)C1(C)C,-0.243,val
gdb_117245,COCC(=O)C1OC1C,-0.25,val
gdb_47152,N#CCC1=CCCC1=O,-0.2553,val
gdb_85229,CC1CC(=O)C2(C)CC12,-0.2331,val
gdb_111340,COC1C2NC2C12CO2,-0.2342,val
gdb_1055,OCc1ccc[nH]1,-0.1958,val
gdb_46421,N#CCCC1CNC1=O,-0.263,val
gdb_16704,OC1CC2OC1C2O,-0.2373,val
gdb_116899,COCC#CC(C)OC,-0.2485,val
gdb_1289,NC(=O)OCCO,-0.271,val
gdb_55340,CC(=O)C1CCN1C=O,-0.2389,val
gdb_36387,C#CCC1OC1CC#C,-0.2617,val
gdb_48591,O=CC12CC(O1)C1CC12,-0.2519,val
gdb_33531,C#CC1(C2CO2)CCO1,-0.2546,val
gdb_82474,CC1C2OC3(C)C1NC23,-0.2281,val
gdb_96563,OC1COCOCC1O,-0.2524,val
gdb_128182,CNc1cc(=N)nn[nH]1,-0.2006,val
gdb_91175,OC1CC2C=CC3C1C23,-0.2278,val
gdb_22376,ON=C1CC2(O)COC12,-0.2482,val
gdb_9607,CC1(CO)OC1C#N,-0.2846,val
gdb_26265,CC(C)c1ccncc1,-0.248,val
gdb_108746,CNC1=CC(=O)OC1=N,-0.2369,val
gdb_24646,c1cncc(N2CC2)c1,-0.2178,val
gdb_105771,C#CC1(CO)CCCO1,-0.2522,val
gdb_123412,c1n[nH]nc1CC1CC1,-0.257,val
gdb_120024,COCC1C(=O)CN1C,-0.2168,val
gdb_72063,C#CC12C3CN1CC32O,-0.2259,val
gdb_93249,CC1COC(=O)N(C)C1,-0.2388,val
gdb_119508,COCC12OC1C1OC12,-0.2502,val
gdb_32261,COc1ncccc1O,-0.2132,val
gdb_119619,COCC12CC1OCO2,-0.2273,val
gdb_128018,CN=CNc1ccno1,-0.2151,val
gdb_26897,Nc1ncc(=O)oc1N,-0.2058,val
gdb_120048,CCCC1C2CC3C2N13,-0.2334,val
gdb_86746,CC1C=CC(C2CC2)O1,-0.2328,val
gdb_24069,N#CCCc1ncc[nH]1,-0.2319,val
gdb_40715,C1CC1N1CC2(CO2)C1,-0.2177,val
gdb_45459,O=C1NC2CCC2C1=O,-0.2317,val
gdb_93778,CC1=CC(O)C(C)OC1,-0.239,val
gdb_30052,Cn1ccnc1C(N)=O,-0.2311,val
gdb_86119,CC1OC(N)=NCC1=O,-0.2274,val
gdb_7436,CC(O)C(=O)C(C)O,-0.274,val
gdb_24090,C#CCNc1cocn1,-0.2054,val
gdb_50405,O=CC1CC=CC(=O)N1,-0.2475,val
gdb_88061,CC1OC12CCC2C=O,-0.2488,val
gdb_101325,CCC(C)C1OC1CC,-0.2554,val
gdb_128747,COC=Nc1cnn[nH]1,-0.2295,val
gdb_91886,CC1CN2CC2C(=O)O1,-0.244,val
gdb_98932,CNC(=O)OC(=N)C#N,-0.2787,val
gdb_10415,COC1(C#N)CNC1,-0.2418,val
gdb_64265,CC1(O)CCC2CC1O2,-0.2376,val
gdb_68874,CC12OC1(C)C1CC2O1,-0.2354,val
gdb_117682,COCC(C)(O)C1CC1,-0.2429,val
gdb_125335,Cc1cn2nc[nH]c2n1,-0.2062,val
gdb_7509,CC#CC1(O)CC1C,-0.226,val
gdb_85334,CC1=CC(=O)CC(C)N1,-0.2097,val
gdb_5802,CC(C)(C)NC(N)=O,-0.2426,val
gdb_109580,CC1C(O)C(CO)C1O,-0.2469,val
gdb_75329,CC1=CCC2C=CC1O2,-0.2237,val
gdb_61336,CC(C=O)CC#CC=O,-0.2642,val
gdb_58376,CN(C)C(C#N)CC#N,-0.2507,val
gdb_54891,NC(=O)C1N=COC1=O,-0.2654,val
gdb_66329,C#CC1(C)C=CCCO1,-0.248,val
gdb_26837,Nc1nc(C=O)oc1N,-0.2108,val
gdb_97951,CC(=N)OCC#CCO,-0.2601,val
gdb_35639,N#CC1CC=CC=CC1,-0.227,val
gdb_115827,COC1CCC2(CC2)O1,-0.2331,val
gdb_11611,CC(C)C#CC1CN1,-0.2282,val
gdb_75512,CC1=CCCC=CC1=O,-0.2418,val
gdb_75968,CN1C(=N)OCOC1=N,-0.2422,val
gdb_91957,CC1OC2CC2C12CO2,-0.2419,val
gdb_5807,CC(C)CC(C)(C)O,-0.2603,val
gdb_124893,CC1(c2cnno2)CO1,-0.27,val
gdb_24765,O=C1C=Cc2nc[nH]c21,-0.2188,val
gdb_131029,C#Cc1ncnn1C=O,-0.276,val
gdb_1779,CC1NC1(C)C=O,-0.2557,val
gdb_33156,Nc1cn(CCO)cn1,-0.1833,val
gdb_1653,COC(=O)C(N)=O,-0.251,val
gdb_61651,C#CC(C)CC1CCC1,-0.2553,val
gdb_84821,CC1C=CCC1OC=O,-0.2521,val
gdb_112292,CCC1NC(=O)C2CC12,-0.2355,val
gdb_14563,C#CC#CC#CC#N,-0.2681,val
gdb_47173,O=C1OCC=C2CNC12,-0.2338,val
gdb_32003,OCc1cnc2n1CC2,-0.2181,val
gdb_107447,OCC12NC1CC1CC12,-0.23,val
gdb_77321,CC1C(=O)OCC1C#N,-0.2859,val
gdb_77792,C#CC12OC(=N)C1C2O,-0.2579,val
gdb_100875,C#CC(CC)C(C)CC,-0.2577,val
gdb_45501,N=C1CC2=CCOC2O1,-0.2564,val
gdb_105332,N#CC1(CN)OC2CC21,-0.2494,val
gdb_43436,N#CC1=CC(=O)OC1=N,-0.3109,val
gdb_20293,C1C2OC1C2N1CC1,-0.2313,val
gdb_111025,CNC1C2CC1(C#N)O2,-0.2389,val
gdb_4226,O=CCC(F)(F)F,-0.2745,val
gdb_104671,OCC1(CO)C(O)C1O,-0.2427,val
gdb_81936,CC1=C(C)C2CC2C1O,-0.2171,val
gdb_55099,CC(=O)C1CC2(CC2)O1,-0.2281,val
gdb_4149,N#CC1CCC1=NO,-0.2657,val
gdb_88770,OC1CC1C1CN2CC12,-0.2264,val
gdb_16394,OC1C2CC(C2)C1O,-0.2566,val
gdb_64260,CC1(C)COC2CC1C2,-0.2332,val
gdb_44123,N#CC1C2CC(=O)CC12,-0.2531,val
gdb_96055,O=CNC1CCCC1O,-0.2448,val
gdb_126972,CCNc1nonc1C,-0.2306,val
gdb_85071,CC1C=CC(O)C(=O)C1,-0.2314,val
gdb_34714,N#CC1C2C3N=CN1C32,-0.2557,val
gdb_133815,C1=C2CC3C1C1OC3C21,-0.1928,val
gdb_74178,CC1=CC(=O)CC2CC12,-0.2296,val
gdb_58264,CC(C)C(O)C1COC1,-0.244,val
gdb_51414,O=CCC1C2C=CC1O2,-0.2449,val
gdb_49166,O=CC1=CC2NC1C2=O,-0.2578,val
gdb_54989,NC(=O)C1NC12COC2,-0.2421,val
gdb_40423,C1=NC2(C3CO3)CC2O1,-0.2499,val
gdb_93615,C#CC1CCN(C)C1=O,-0.238,val
gdb_74455,CC1=CC2(C#N)CC1N2,-0.2473,val
gdb_92899,CN1C=CCN(C)C1=O,-0.2014,val
gdb_84731,CC1C=CC=CCC1=O,-0.236,val
gdb_104484,COC1(C=O)C2CC1N2,-0.2298,val
gdb_92095,CC1C=CCC2OC2C1,-0.2424,val
gdb_35840,C#CC1C=CC=CCO1,-0.2249,val
gdb_116970,COCC#CCCC#N,-0.2596,val
gdb_56953,C#CC1OC1C(O)C#N,-0.2818,val
gdb_21977,O=[N+]([O-])c1cnno1,-0.3229,val
gdb_40278,C1=CC2(CCOC1)CN2,-0.2263,val
gdb_94409,CC1OCC12CNC2=O,-0.2493,val
gdb_30682,CCC(C)c1cc[nH]c1,-0.1989,val
gdb_34190,N#CC12CC3C=CC1C32,-0.2436,val
gdb_133126,OCc1cccnc1F,-0.2478,val
gdb_81574,NC(=O)C1C2CC1C2O,-0.2368,val
gdb_55802,NC(=O)CC1C2CC1C2,-0.2435,val
gdb_57763,C#CC(C)C#CC(C)O,-0.2549,val
gdb_74427,CC1=CC2(C)NC2CC1,-0.225,val
gdb_74274,CC1=CC(C)(C)CC1=O,-0.2338,val
gdb_8123,CC12CC1CC(=O)O2,-0.2665,val
gdb_75499,CC1=CCCC2CC1C2,-0.2199,val
gdb_127172,CN(C=N)c1cnon1,-0.2394,val
gdb_75887,CC1(O)CCC(=O)C1O,-0.252,val
gdb_124814,CC(O)c1nonc1O,-0.2752,val
gdb_88530,CC1CN1C12CN(C1)C2,-0.2248,val
gdb_38387,C1CC2C1C21CC2NC21,-0.2226,val
gdb_4749,O=Cc1nc(O)c[nH]1,-0.2249,val
gdb_15984,CCC1CCC12CC2,-0.2597,val
gdb_64625,C#CC1(O)C=CC2NC21,-0.2419,val
gdb_32110,CNc1cccc(O)c1,-0.1893,val
gdb_52359,O=CC#CCOCC=O,-0.2696,val
gdb_34181,N#CC12CC3C4C3C1C42,-0.249,val
gdb_50132,O=CC1CC2(C=O)NC12,-0.2434,val
gdb_17890,CC1C2CC1OCO2,-0.2417,val
gdb_32871,COCc1cc(C)co1,-0.2163,val
gdb_69367,CC12CC(C3CC3)C1O2,-0.2407,val
gdb_23856,N=c1cnonc1F,-0.2779,val
gdb_78621,CC1C2C(=O)C3C2C13O,-0.2367,val
gdb_76105,N#CC1C(O)C1C1CO1,-0.2729,val
gdb_14335,O=C1OC2CCC2O1,-0.2921,val
gdb_63128,CC1(C)N2CCC21C=O,-0.2372,val
gdb_65440,C#CC1(C)CC1OC=N,-0.2426,val
gdb_27211,Oc1ccn2c1C=CC2,-0.1721,val
gdb_53817,NC(=O)C(=O)C1CCO1,-0.2367,val
gdb_25687,CC#Cc1c[nH]c(C)c1,-0.1887,val
gdb_76566,CC1C(O)C12C=CCO2,-0.2144,val
gdb_60928,CC1C(C)C1N(C)C=O,-0.2355,val
gdb_80121,CC1C2N=CNC12C=O,-0.2355,val
gdb_130042,NC1=NCc2n[nH]cc21,-0.2184,val
gdb_23883,CNC(=N)C(F)(F)F,-0.2438,val
gdb_101227,CC(CO)C1CC(O)C1,-0.2537,val
gdb_53588,CC#CCC1NC1C#N,-0.2527,val
gdb_81417,O=CC1=CC2CC1C2O,-0.2457,val
gdb_90561,CC1CC2C1N2CC=O,-0.2453,val
gdb_22559,CCC1(C(C)=NO)CC1,-0.2354,val
gdb_120481,CCCC1CC(C)C1O,-0.2482,val
gdb_79210,C#CC12CN3C(C1C)C32,-0.2356,val
gdb_41658,C1CC2C3CC4C(C13)C24,-0.2552,val
gdb_9136,CCC#CC(O)C#N,-0.2781,val
gdb_122014,CCCOC(C)CCO,-0.2457,val
gdb_87328,C#CC1(NC=O)CC1C,-0.2461,val
gdb_126532,CCCc1cnncn1,-0.2349,val
gdb_18986,C1CC2C1C1CCC21,-0.2446,val
gdb_72249,CC12CC3OCC1C32C,-0.2311,val
gdb_115828,COC1CCC2(CO2)C1,-0.2515,val
gdb_51709,O=CCC1CNC(=O)O1,-0.261,val
gdb_5605,Cn1cccc1CO,-0.1908,val
gdb_31647,CNc1cn(C)c(C)n1,-0.1707,val
gdb_9359,CNC(=O)CCOC,-0.2435,val
gdb_73823,CC1=C(C)C2CC(C1)C2,-0.2118,val
gdb_43602,C#CC1(C#N)CC(=N)N1,-0.2639,val
gdb_48058,C#CC(C#C)C(=O)C=O,-0.2565,val
gdb_95263,OC1CCC2CC3C1N23,-0.2253,val
gdb_115400,CCC1OCC(=NC)O1,-0.2519,val
gdb_129464,NC(=O)Cc1cn[nH]c1,-0.2308,val
gdb_89642,OC1CC2(C3CC3)CC12,-0.2329,val
gdb_46750,O=C1NCC2C3CC3N12,-0.2333,val
gdb_126598,CCCCn1cncn1,-0.2591,val
gdb_34266,N#CC12OC3CCC1C32,-0.2502,val
gdb_48346,O=CC1(C=O)CC(=O)N1,-0.2634,val
gdb_69499,CC12CN3CC3(C)C1N2,-0.2329,val
gdb_64471,CC1(C)C=CCOCO1,-0.2445,val
gdb_71842,OC12CC3C=CC1C32O,-0.2104,val
gdb_70319,CC12CN3CC3CC1O2,-0.2176,val
gdb_96675,CN=C(C)OCC(C)=O,-0.243,val
gdb_55409,CC(=O)C1COCC1=O,-0.2555,val
gdb_74419,CC12CC1C(=O)C(N)=N2,-0.2262,val
gdb_112753,COC1CC(O)C12CN2,-0.2398,val
gdb_77967,CC1C2C(C)N1C2C=O,-0.2365,val
gdb_15341,CC#CC1CC1OC,-0.2253,val
gdb_936,Cc1ncccn1,-0.2443,val
gdb_3504,O=CN1C2CC1C2,-0.2364,val
gdb_100129,CC(C)(CO)NCC#N,-0.244,val
gdb_4033,CC(=NO)C(C)CO,-0.2433,val
gdb_44309,N=C1OC2C3N4CC13C24,-0.2407,val
gdb_38928,C1CC2CC3CC(O1)C23,-0.2322,val
gdb_48859,O=CC12CC3=NCC1N32,-0.248,val
gdb_124312,CC(=O)Cc1nnon1,-0.2701,val
gdb_97195,CN=C1C=C(C)CCO1,-0.2271,val
gdb_99722,CCN(C(C)=O)C(N)=O,-0.2627,val
gdb_63770,CC1(C)CC2C(C=O)C21,-0.2373,val
gdb_30164,CC1Cc2[nH]ccc2N1,-0.1632,val
gdb_98364,COC(=O)C(C)CC=O,-0.2532,val
gdb_110144,CCC1C(OC)C1OC,-0.2262,val
gdb_105665,N#CC1(CO)OCC1O,-0.2711,val
gdb_95332,CC1COC2COC2=N1,-0.2529,val
gdb_22756,C#CC1CC(=NO)C1O,-0.2518,val
gdb_75809,N=C1NC2(COC2)C1O,-0.2477,val
gdb_64724,N#CCC1(O)CC2CC21,-0.2688,val
gdb_13421,CC#CC1C(C)C1C,-0.2227,val
gdb_62708,CC1(O)C2CCC3C1N32,-0.2279,val
gdb_31048,CNc1nc(C)oc1C,-0.181,val
gdb_42341,O=C(C1CN1)C1CCO1,-0.2463,val
gdb_78773,CC1(C)C2C(O)C3C1N32,-0.2465,val
gdb_15266,CCC1C(O)C1CO,-0.2473,val
gdb_129989,Nc1nc(O)noc1=O,-0.2483,val
gdb_46251,N=C1OCC12CC1OC12,-0.2575,val
gdb_84544,CC1C=CC2C(=O)OC12,-0.2529,val
gdb_67591,OC12C3OC4C(C31)C42O,-0.2156,val
gdb_3339,C1COC2CC2C1,-0.2232,val
gdb_109862,CC1C(CO)C2(C)NC12,-0.2208,val
gdb_64083,CC1(C)CCC(=N)OC1,-0.2537,val
gdb_68069,CC12C=CCC(C)(C1)O2,-0.2296,val
gdb_104208,CC1(CO)OCC12CC2,-0.2432,val
gdb_55582,CC(=N)OC(=O)NC=N,-0.2591,val
gdb_17192,CC1C2OC1C21CN1,-0.237,val
gdb_45532,O=C1OC2COC=NC12,-0.2632,val
gdb_20641,Cc1cc(=O)cno1,-0.2476,val
gdb_46128,C#CCC1CNC(=O)O1,-0.265,val
gdb_112485,CN=C1OC(CO)C1O,-0.259,val
gdb_98941,C#CC(=O)NC(=O)CN,-0.2485,val
gdb_25958,CC(=O)Cc1cnc[nH]1,-0.2141,val
gdb_99865,CCC(N)(C#N)C(C)N,-0.2399,val
gdb_2792,O=C1OCC1CO,-0.2799,val
gdb_70827,CC12NC3C1(O)CC32O,-0.2233,val
gdb_77672,CC12OCCC1(O)C2O,-0.2107,val
gdb_68053,C#CC1C2(C)CC1(C)C2,-0.2485,val
gdb_88955,CC1(OC2CC2O)CC1,-0.2366,val
gdb_39363,C1CN2CC23COC3=N1,-0.238,val
gdb_88106,CC1CC12CCN=CO2,-0.2369,val
gdb_91863,O=CC12CC(O)CC1C2,-0.2448,val
gdb_23590,ON=C1C2OC3C(O2)C13,-0.2474,val
gdb_21840,O=COc1c[nH]nn1,-0.2631,val
gdb_130541,C#CC(=O)c1cnno1,-0.2977,val
gdb_67556,O=C1OC2C3OC3C12O,-0.2697,val
gdb_71113,O=C1C2C3CC1(O)CN32,-0.2468,val
gdb_51017,O=CCC1(CC=O)CN1,-0.2401,val
gdb_124259,CC(=O)c1cc(O)no1,-0.2671,val
gdb_62965,CC1(O)C2NC2C12CO2,-0.2362,val
gdb_130507,c1cc2cnonc-2n1,-0.2617,val
gdb_80630,CC1C2CC(C2)C1C#N,-0.3024,val
gdb_119548,COCC12CC1NC2=O,-0.2444,val
gdb_109101,CCC1=CNC(=O)C1=O,-0.2385,val
gdb_80639,N#CC1C2CC(N2)C1O,-0.2565,val
gdb_41381,C1OCC23COC12CO3,-0.2538,val
gdb_100513,CCC(O)C(=O)C(N)=O,-0.255,val
gdb_113566,CCC1NC12C=CCC2,-0.2181,val
gdb_104746,C#CC1CC1(CC)OC,-0.2319,val
gdb_35112,C#CC1N=COC2CC12,-0.255,val
gdb_19112,OC1C2C3C1C1C2N31,-0.2359,val
gdb_84349,C#CC1C=CC(C)C1O,-0.2521,val
gdb_85134,CC1NC(=O)C12COC2,-0.2477,val
gdb_30361,CC1CCn2ccnc21,-0.2104,val
gdb_54723,CC(=O)C1C2C3CC3C12,-0.2125,val
gdb_72243,CC12C3CC1(O)C2CO3,-0.2349,val
gdb_32424,CCc1coc(C)c1N,-0.1854,val
gdb_54691,O=C([O-])C1=CCC[NH2+]C1,-0.1666,val
gdb_68901,CC12CC(=O)NC1(C)C2,-0.2326,val
gdb_107436,COC12CC1CN1CC12,-0.2219,val
gdb_95488,CC1CNC=CC(=O)O1,-0.248,val
gdb_126445,CCc1n[nH]nc1NC,-0.2012,val
gdb_29399,Cc1c[nH]c(OC=O)c1,-0.211,val
gdb_89785,CC1CC2(CO2)C1C=O,-0.246,val
gdb_45201,O=C1NC2CC3CC12O3,-0.2564,val
gdb_10977,CC12C=CC(N1)C2O,-0.231,val
gdb_32974,CCOc1cccn1C,-0.1906,val
gdb_129850,Nc1cc(O)noc1=O,-0.2298,val
gdb_17847,C1CC2(O1)C1CC2O1,-0.2359,val
gdb_127896,CN=c1nnocc1C,-0.2328,val
gdb_97283,CN=CN(C=O)C1CC1,-0.2344,val
gdb_42172,C#CC(=O)C1(C#N)CC1,-0.2854,val
gdb_124223,CC(=N)Oc1cn[nH]c1,-0.2491,val
gdb_3745,Cn1ccc(N)n1,-0.195,val
gdb_83447,CC1C2OCC12CC#N,-0.2486,val
gdb_118331,CCOC(C=O)C(N)=O,-0.2409,val
gdb_81367,OC1C=CC2CC1C2O,-0.2361,val
gdb_122716,CCCCN=COCC,-0.2397,val
gdb_81653,CC1C2C=CCOC1C2,-0.2329,val
gdb_132606,Nc1ccc(F)c(N)c1,-0.186,val
gdb_90017,CN1CC2(C1)OCC2=O,-0.2249,val
gdb_124865,CC1(n2cccn2)CC1,-0.2368,val
gdb_62971,CC1(C)C(C#N)C2CC21,-0.2777,val
gdb_106906,O=C1C(O)C2(CO)NC12,-0.235,val
gdb_73121,CC12CCC1CC1CC12,-0.2566,val
gdb_23226,ON=C1COC2CC1C2,-0.2379,val
gdb_9605,CC1(CO)NC1C#N,-0.2665,val
gdb_40170,C1CC2(CN2)C2CC1O2,-0.2362,val
gdb_114596,CCC1CC2CC12C=O,-0.2428,val
gdb_85441,CC1NC(=O)CC12CN2,-0.2372,val
gdb_115464,CCC1C=C(C=O)CC1,-0.2463,val
gdb_57980,CC(C)C(=O)OCC#N,-0.2893,val
gdb_84827,N=COC1CC=CC1O,-0.254,val
gdb_68759,CC12CC1(O)CCC2=O,-0.2341,val
gdb_124493,CC(C)c1cn[nH]c1N,-0.2041,val
gdb_25545,O=CNc1coc(=O)[nH]1,-0.2122,val
gdb_71210,CC12NC3C(OC31)C2=O,-0.2224,val
gdb_73149,CC12COC1CC21CN1,-0.2418,val
gdb_123661,c1nnn2c1NC1CC12,-0.2169,val
gdb_31322,CCc1ccoc1C=O,-0.2418,val
gdb_92905,CC1C=CCC(C)C1O,-0.2444,val
gdb_58920,CC(C)C12OC3C1CC32,-0.2274,val
gdb_39464,C1=NCC2OC2CCO1,-0.2546,val
gdb_22151,CC(CCOC=N)=NO,-0.2511,val
gdb_72661,OC12CCCC1(O)CC2,-0.2408,val
gdb_119302,COCC1(C#N)COC1,-0.2697,val
gdb_104117,CCC1(C)CNC(=O)C1,-0.2354,val
gdb_20037,OCC1OC1C1CN1,-0.2504,val
gdb_65421,N#CCC1CC1(N)C#N,-0.2875,val
gdb_12977,CC12NC1C=CC2=O,-0.2328,val
gdb_12610,CN1C(=O)CNC1=O,-0.2628,val
gdb_127601,Cn1ncc(N)nc1=N,-0.2079,val
gdb_21751,c1nn2cnnc2o1,-0.2686,val
gdb_15356,N#CCN1CC1CO,-0.2474,val
gdb_45971,O=C1CNC(=O)C2NC12,-0.2497,val
gdb_5111,Cn1c(N)ccc1N,-0.1651,val
gdb_118384,COCC(C#N)CC#N,-0.2858,val
gdb_37642,C1C2C3C4C3N3C1C2C43,-0.2053,val
gdb_40898,C1CC2C(C1)C21CCC1,-0.2469,val
gdb_116189,CCC1CCCC1(C)O,-0.2558,val
gdb_47407,O=C1COCC12CCO2,-0.2306,val
gdb_80841,NC12CC(OC1=O)C2O,-0.2432,val
gdb_113173,CCN1CC1(C)C(N)=O,-0.2283,val
gdb_2911,O=CC1CCCC1,-0.243,val
gdb_84316,CC1C=CC(=O)N2CC12,-0.242,val
gdb_4122,CC12CC1CC2=NO,-0.2272,val
gdb_99806,CC(=O)C(O)(C#N)CO,-0.2709,val
gdb_23668,Oc1cncc(F)c1,-0.2388,val
gdb_18040,C1=CC2OCC2CC1,-0.2402,val
gdb_126587,CCCCc1ncno1,-0.2829,val
gdb_74972,CC1=CC2CCC1CC2,-0.2247,val
gdb_45649,O=C1CN=C2C1C1CN21,-0.2422,val
gdb_11718,N#CC12CC(O)C1O2,-0.2783,val
gdb_120164,CCOC1C2CC1(C)O2,-0.2325,val
gdb_119977,CCCC1C(CO)N1C,-0.2133,val
gdb_106959,CC1(C)CC2(CO)OC12,-0.2546,val
gdb_12849,CC12CCCC1CC2,-0.2719,val
gdb_36865,C1COC(CC2CC2)=N1,-0.2384,val
gdb_5039,Cn1cnccc1=O,-0.2404,val
gdb_116360,COC1OCCN=C1N,-0.2224,val
gdb_133434,N=c1[nH]c(F)noc1=N,-0.2574,val
gdb_18357,OC1CC=C2CCC21,-0.2319,val
gdb_40345,C1OC1C12C3CC1N2C3,-0.2396,val
gdb_50683,C#CC1OCOC1C=O,-0.2543,val
gdb_95499,CC1C=CCCC(O)C1,-0.2378,val
gdb_96373,CC1OCOCC12CN2,-0.2443,val
gdb_80035,C#CC1C2C=CC1C2O,-0.2418,val
gdb_18445,CC1CC2C(C=O)C12,-0.2372,val
gdb_130369,NC=Nc1ncnnn1,-0.2321,val
gdb_69119,CC12COCC1(C=O)N2,-0.2498,val
gdb_94742,CC1CCC2(C#N)CC12,-0.2744,val
gdb_122489,CCCCC1CN1C=O,-0.2488,val
gdb_64376,CC1(O)COCC12CC2,-0.242,val
gdb_30147,OC1CC1c1c[nH]cn1,-0.2091,val
gdb_14443,OC12CC3CCC1C32,-0.2421,val
gdb_105587,C#CC1(CO)COC1=O,-0.2674,val
gdb_73470,CC12OCC3CC1C2O3,-0.2167,val
gdb_37600,C1C2OC3C4C2CN1C34,-0.2098,val
gdb_86978,O=CN1CC=CC(O)C1,-0.2438,val
gdb_98306,COC(=O)C(N)C1CO1,-0.2469,val
gdb_100042,CCC(C)(O)C1NC1C,-0.2459,val
gdb_90153,CC1CC23CCCC12O3,-0.2383,val
gdb_80882,CC1C2CC1(C)C1CN21,-0.2222,val
gdb_8843,CN(C=O)C(=O)CN,-0.2501,val
gdb_115070,OCC1CC=CC2CC21,-0.2208,val
gdb_22399,O=CCC1CC(=NO)C1,-0.2499,val
gdb_89887,O=CN1CC12CC(O)C2,-0.249,val
gdb_55208,CC(=O)N1CC=CC1=O,-0.2586,val
gdb_8217,CC(=O)CC1CCC1,-0.241,val
gdb_117469,CCOC(=O)NCC=O,-0.2513,val
gdb_2522,CCC(C=O)C=O,-0.2583,val
gdb_52046,C#CC1(COC=N)CN1,-0.2511,val
gdb_82101,OC1C2CC2C1C1CO1,-0.2474,val
gdb_60231,CC(C)CC1NCC1=O,-0.2414,val
gdb_34754,C#CC1C2C3CCC2C13,-0.2509,val
gdb_105339,C#CC1(CO)CC2OC21,-0.2548,val
gdb_127550,Cn1ncc(=N)[nH]c1=O,-0.2425,val
gdb_672,C1=CC2OC2C1,-0.2454,val
gdb_60041,CC(C)CC1(C)CC1C,-0.2526,val
gdb_16767,COC1CC2CC2C1,-0.2457,val
gdb_75942,CC1=CCOC(=O)C1O,-0.2538,val
gdb_68448,CC12CC=CCC(C1)O2,-0.2344,val
gdb_90994,CC1CC2C3CC1C2O3,-0.2353,val
gdb_63824,CC1(O)CC2C3OC3C21,-0.2484,val
gdb_63410,CC1(O)CN(C=O)C1=N,-0.2565,val
gdb_79982,CC1C2C=CC1(C)C2=O,-0.24,val
gdb_110269,OCC1C2C(O)C1C2O,-0.248,val
gdb_36028,N#CCC1(CC#N)CC1,-0.3174,val
gdb_111688,CCC1C2OCC(O)C12,-0.2335,val
gdb_68297,OC12CN(C1)C21CCC1,-0.2404,val
gdb_28540,Nc1ncc(O)cc1O,-0.1855,val
gdb_93595,CC1CN=C(C#N)OC1,-0.275,val
gdb_91731,O=C1CC2OC1CC2O,-0.2328,val
gdb_16776,OCC1CC2OC2C1,-0.2522,val
gdb_130399,C#Cc1nnoc1CN,-0.25,val
gdb_30128,CC1CC1c1ccoc1,-0.2171,val
gdb_57817,CC(O)C#CCCC=O,-0.251,val
gdb_16964,CC1OC2CCC1C2,-0.2327,val
gdb_20832,CCc1nc(O)no1,-0.2608,val
gdb_115604,COC1CCC1(C)CO,-0.2432,val
gdb_33998,N#CC12CC=CCC1C2,-0.2559,val
gdb_35186,C#CC1CC12OC1CC12,-0.2296,val
gdb_92664,OC1CC2OCCCC12,-0.243,val
gdb_22395,N#CCC1CC(=NO)C1,-0.2539,val
gdb_132520,Cc1ccc(O)cc1F,-0.2169,val
gdb_20896,CCn1ccc(C)n1,-0.2278,val
gdb_58805,CC(C)C12CC(O)C1C2,-0.2443,val
gdb_123660,c1cc2n(n1)C1CC1N2,-0.1997,val
gdb_126289,CCc1cc(C#N)no1,-0.2811,val
gdb_47351,N#CC1COCC(=N)N1,-0.2565,val
gdb_56861,C#CC(C)C1CC(=O)C1,-0.2425,val
gdb_46045,O=C1CC(C2CC2)CN1,-0.2359,val
gdb_62291,N#CC1(O)C2CC3C2C31,-0.2725,val
gdb_30924,COc1c(N)ccn1C,-0.1664,val
gdb_76990,CC1C(C=O)N2CC12C,-0.2399,val
gdb_87401,CC1CC(C)C12OC2C,-0.2474,val
gdb_92810,CC1CC=C2C=CCC21,-0.2032,val
gdb_19705,CC1C2C3CCC2C13,-0.2821,val
gdb_78122,C#CC1C(=O)C2C(C)C12,-0.2372,val
gdb_38530,C1=C2CC3OC3C2CC1,-0.2313,val
gdb_101158,CC(CO)C1C(O)C1O,-0.2383,val
gdb_16118,N#CC12COCC1C2,-0.2758,val
gdb_34834,C#CC1C2CN1C2C#C,-0.2375,val
gdb_58572,CC(C)C1(C)C=CCC1,-0.2346,val
gdb_92479,CC1OC2CCC1CO2,-0.243,val
gdb_120768,COCC1NC1C1CC1,-0.2402,val
gdb_39495,C1COCCC2CC2C1,-0.2448,val
gdb_81369,OC1C=CC2OC1C2O,-0.2368,val
gdb_119841,CCCC1=CCC2NC12,-0.2233,val
gdb_20993,Cn1c(N)nnc1N,-0.2019,val
gdb_127116,CN(C)c1ncnnn1,-0.2354,val
gdb_84253,OC1C=C2CC3CC1C23,-0.2192,val
gdb_47404,O=C1CCOC12COC2,-0.2478,val
gdb_83744,CN1C2CCC3(CO3)C21,-0.2226,val
gdb_107460,CC1(O)CC2CC21CO,-0.241,val
gdb_85240,CC1OC(=N)C2(C)OC12,-0.2614,val
gdb_42710,O=C1C2C3OC4C1N2C34,-0.2472,val
gdb_99801,C#CC(C)(C#CC)OC,-0.2519,val
gdb_92564,OC1CC2CCN3C1C23,-0.2196,val
gdb_50077,O=CC1CN1C1COC1,-0.2491,val
gdb_105080,CCC1(N2CC2C)CC1,-0.2083,val
gdb_5084,Cc1coc(C)c1C,-0.2022,val
gdb_118748,CC1CC(C)(CCO)C1,-0.261,val
gdb_120728,CC(C)C1CN1CCO,-0.2344,val
gdb_53057,CC#CC1=CC(C)CC1,-0.2115,val
gdb_96089,CC1CC2(CCO1)CC2,-0.2373,val
gdb_11865,N=C1C=CC2(CC2)O1,-0.2283,val
gdb_72190,OC12CC3CN4C(C31)C42,-0.2319,val
gdb_12071,CCC1(C)OC2CC21,-0.2309,val
gdb_51305,O=CNC1=CCCC1=O,-0.24,val
gdb_110889,CCC1C(=O)C2CC1O2,-0.2292,val
gdb_33748,C#CC12CC(C1)C21CO1,-0.2497,val
gdb_33167,CCCn1cncc1C,-0.2094,val
gdb_53023,CC#CC12CC3C1CN32,-0.2271,val
gdb_58568,CC(O)C1(C)OCC1O,-0.2436,val
gdb_89081,C#CCCOC1CC1C,-0.247,val
gdb_87566,CC1CC12C(C)C1OC12,-0.2465,val
gdb_71675,OC12CC3C4C1N4CC32,-0.2378,val
gdb_86462,CC1CC(C)CC(O)C1,-0.2571,val
gdb_82298,CC1(O)CC2OC2C1O,-0.2566,val
gdb_20943,CCNc1cn[nH]n1,-0.2058,val
gdb_30380,CN=c1cnccnc1,-0.2338,val
gdb_106272,CC12CC(CO)(O1)C2O,-0.2522,val
gdb_45138,O=C1C=CNC2CC2N1,-0.2111,val
gdb_106137,CC12CC3CN1C32CO,-0.2351,val
gdb_1669,CC(=O)C(O)CO,-0.2599,val
gdb_84931,CC1C=CCOCC1=O,-0.232,val
gdb_97594,OCC#CC(O)C1CO1,-0.261,val
gdb_108312,CCC12CC(O)C1CO2,-0.2437,val
gdb_41388,C1=C2CNC23COC3C1,-0.2233,val
gdb_40755,C1CC2C1OC2C1CO1,-0.2452,val
gdb_63099,CC1(O)C2COC(=N)C21,-0.2495,val
gdb_59292,CC(O)C1N=CNC1=O,-0.2506,val
gdb_83645,CC1C2COC2C12CC2,-0.2361,val
gdb_12860,OC12CCCC1CC2,-0.249,val
gdb_125846,CC1C(O)c2ccnn21,-0.2437,val
gdb_7757,CC1C=CNC(=O)N1,-0.2115,val
gdb_26446,CC(C=O)c1c[nH]cn1,-0.2228,val
gdb_9041,N#CC#CC(O)C=O,-0.2918,val
gdb_58923,CC(O)C12CC3C1CC32,-0.2542,val
gdb_127321,Cn1ccc2cn[nH]c21,-0.1961,val
gdb_106519,CCC12CN(CCO1)C2,-0.2076,val
gdb_69642,CC12OC1C1(C=O)NC12,-0.239,val
gdb_116416,COC1OCCNC1=O,-0.2418,val
gdb_64336,CC1(C)CCOC(=O)O1,-0.2734,val
gdb_30854,CNc1oc(N)cc1O,-0.1669,val
gdb_124085,c1cnn(C2COC2)c1,-0.2462,val
gdb_106085,CCC12C3CC1C2C3=O,-0.2319,val
gdb_103799,CC1(C[NH3+])NC1C(=O)[O-],-0.1527,val
gdb_126189,CCc1onc(O)c1C,-0.24,val
gdb_118323,CCCN(C=N)C(N)=O,-0.2358,val
gdb_46332,O=C1OCC12CCCC2,-0.2662,val
gdb_21827,O=CNc1conn1,-0.2537,val
gdb_38783,C1C2OC3C2C3N2CC12,-0.2096,val
gdb_16632,CN1C(=O)CC2CC21,-0.2274,val
gdb_54073,C#CC(CC=O)C(N)=O,-0.2414,val
gdb_109569,CCN1C(=O)C(O)C1C,-0.2423,val
gdb_29707,Cn1c(N)nc(O)c1O,-0.1612,val
gdb_117467,CCOC(=O)COC=N,-0.2597,val
gdb_122396,CCCCN1CC(=O)C1,-0.2286,val
gdb_47333,N#CC1=CC(=O)CNC1,-0.2399,val
gdb_83879,CC1COCC2C1N2C,-0.2177,val
gdb_24520,c1cnc2ocnc2c1,-0.2542,val
gdb_34753,N#CC1C2OCC3C2N13,-0.2566,val
gdb_47063,O=C1NCC2CCC2N1,-0.2329,val
gdb_106451,CCC12CN(C1)C2C=O,-0.2353,val
gdb_82667,O=C1C2C(O)C3CC2C13,-0.2351,val
gdb_74004,CC1=C2CC=CC2OC1,-0.2251,val
gdb_118919,CCCC1(C)OCC1=O,-0.2495,val
gdb_34387,N#CC12C=CCC1NC2,-0.242,val
gdb_103448,CCC1(C)C2C=CCC21,-0.2198,val
gdb_57834,C#CC(=O)C(=N)N(C)C,-0.2321,val
gdb_23363,CC(=NO)C(=O)N1CC1,-0.249,val
gdb_83952,CC1C2OCCN1C2C,-0.2054,val
gdb_21593,N#Cc1n[nH]cc1N,-0.2221,val
gdb_104131,COC1(C)CC(=O)CO1,-0.2438,val
gdb_97103,CN=C1OCC12CC2C,-0.2408,val
gdb_13756,NC(=O)C1NC1C=O,-0.2408,val
gdb_30777,CNc1ncn(C)c1C,-0.1686,val
gdb_105446,CCC1(C=O)CN=CO1,-0.2555,val
gdb_74242,N#C[C-]1[NH+]=C(N)CC1=O,-0.179,val
gdb_22030,ON=c1cn[nH]c(O)c1,-0.1871,val
gdb_121085,O=C1COC(CCO)O1,-0.2758,val
gdb_57934,CC(=O)NC(=N)C(C)O,-0.2429,val
gdb_43113,O=C1C2OCC3OC1C32,-0.229,val
gdb_2275,N#CCC1CCO1,-0.2643,val
gdb_111426,OCC1C(CO)C2NC12,-0.2256,val
gdb_106476,CNC12CC(C1)OC2=N,-0.2227,val
gdb_48464,O=CC1(C=O)NCC1=O,-0.2599,val
gdb_111519,CCC1C2CC3(CO3)C12,-0.257,val
gdb_35531,C#CC1C=C2CCC2C1,-0.2303,val
gdb_129345,N=COc1ncnnn1,-0.2686,val
gdb_120326,CCOC1C2OCOC12,-0.2222,val
gdb_61514,C#CC(C)CC1(C)CC1,-0.2535,val
gdb_69895,CC12CN1C1CC12C=O,-0.2303,val
gdb_129812,N=c1cc(N)[nH]nc1N,-0.1866,val
gdb_48966,O=CC12CC3CCN1C32,-0.2447,val
gdb_119202,C#CC1(OCC)CC1C,-0.2375,val
gdb_8095,CC12OC(=N)C1C2O,-0.2517,val
gdb_33288,C#CC#CC12CN(C1)C2,-0.2477,val
gdb_53337,CC#CC1CC2CC2O1,-0.2295,val
gdb_55860,CC1(C)CC1OC(N)=O,-0.2533,val
gdb_125940,CC1Cc2nonc2C1,-0.2866,val
gdb_75872,C[c-]1c(=O)cc[nH]c1=[NH2+],-0.2025,val
gdb_49759,O=CC1C=CC2COC12,-0.2429,val
gdb_85303,CC1OC(=N)C2CC1O2,-0.2536,val
gdb_69489,CC12CC1C1(O)CC1O2,-0.2255,val
gdb_46173,C#CC1(C#N)CCC1=O,-0.2648,val
gdb_35017,C#CC1C2OCC12C#N,-0.2629,val
gdb_25432,N#Cc1cocc1C=O,-0.2734,val
gdb_78867,CC1C2C3N2C1C31CN1,-0.2374,val
gdb_102898,C#CCNC(C#N)CN,-0.2427,val
gdb_16179,COC12CCOC1C2,-0.2272,val
gdb_97975,CCC#CCOC1CC1,-0.2407,val
gdb_98652,O=C1CC(C(=O)CO)N1,-0.2641,val
gdb_61095,CC(C#N)N=COC=O,-0.2896,val
gdb_67716,OC12C3COC1C2OC3,-0.2221,val
gdb_92495,CC1CC2(C)OCC2O1,-0.2453,val
gdb_89354,O=CC12CC1(O)CC2O,-0.2319,val
gdb_6150,CC1(O)CC(C=O)C1,-0.2457,val
gdb_91526,NC(=O)C12CN1CC2O,-0.2466,val
gdb_47976,O=CC#CC12CC1CO2,-0.2479,val
gdb_3610,C1C2OC3CN1C23,-0.2136,val
gdb_33423,C#CC(C#C)CN1CC1,-0.239,val
gdb_49013,O=CC12COC1C(=O)O2,-0.2795,val
gdb_56796,N#CC(N)C1=CCOC1,-0.2468,val
gdb_70484,CC12OC1CC2NC=O,-0.2455,val
gdb_94574,OC1CCC1C1COC1,-0.2349,val
gdb_14909,N#CC1C=CCCO1,-0.2725,val
gdb_128508,COc1nn[nH]c1CO,-0.2156,val
gdb_10953,CC12CC1C(CO)O2,-0.2392,val
gdb_46094,C#CCC1=CC(=N)OC1,-0.2446,val
gdb_116616,CCN=C1OCC1CC,-0.2463,val
gdb_37454,C1CC2C3C1C1CC1C23,-0.2344,val
gdb_128861,N#CC#Cc1cnno1,-0.2916,val
gdb_44719,N#CC1CC2OC(=N)C12,-0.2771,val
gdb_23345,COC1C2OC1C2=NO,-0.2477,val
gdb_120523,COCC1CC(C#N)N1,-0.2487,val
gdb_5043,N=c1ccnccn1,-0.2438,val
gdb_120829,COCC1CC1OC=O,-0.2576,val
gdb_49443,O=CN1C2COC3C2C31,-0.228,val
gdb_53048,CC#CC12CNC1CN2,-0.2187,val
gdb_563,CCC1CCC1,-0.2855,val
gdb_45992,N=C1C=C(C2CC2)CO1,-0.2322,val
gdb_15503,N=C1OCCC1C=O,-0.2624,val
gdb_57098,CC(C#N)C1CCCO1,-0.2604,val
gdb_103205,COC1(C)C2OC3C2C31,-0.2305,val
gdb_15802,CCCC(=O)C1CN1,-0.2549,val
gdb_101491,OCC(O)C1COCO1,-0.256,val
gdb_109296,CC1CCC=C(CO)C1,-0.2232,val
gdb_421,CC1COC1=N,-0.2615,val
gdb_37223,C1=C2C(CCC1)C1OC21,-0.2372,val
gdb_53105,CC#CC1C(C)C1C=O,-0.2352,val
gdb_24780,O=c1ncn2c(n1)CC2,-0.244,val
gdb_5086,Cc1coc(C)c1O,-0.1931,val
gdb_74556,CC1=NC2C(O1)C2(C)C,-0.2284,val
gdb_114997,COC1CC=CC(C)O1,-0.2452,val
gdb_92525,O=C1C(O)CC2CCC12,-0.2486,val
gdb_85264,CC1OC(=O)C2(CC2)O1,-0.2571,val
gdb_38673,C1=CC2OC3CC23OC1,-0.2215,val
gdb_25394,O=Cc1cncc(=O)[nH]1,-0.2515,val
gdb_28550,Cc1ccc(N)n1C=O,-0.1789,val
gdb_53261,CC#CC1OC1(C)C=O,-0.2482,val
gdb_28143,Oc1cc2[nH]ccc2[nH]1,-0.1559,val
gdb_96135,CC1CCCC2CC1O2,-0.2372,val
gdb_20586,Cc1oncc1C#N,-0.2763,val
gdb_67182,O=C1CC2C3OC1C23O,-0.2414,val
gdb_133085,COc1cncc(F)c1,-0.2364,val
gdb_101461,CCC(O)C1C=CCO1,-0.2287,val
gdb_17539,OC1C2CC3(CO3)C12,-0.257,val
gdb_95675,O=C1C=CC(O)CCO1,-0.2654,val
gdb_79859,CN1C2C3OCC2(O)C31,-0.206,val
gdb_28955,O=CCn1cncc1O,-0.2117,val
gdb_128956,N#CCOc1cn[nH]n1,-0.2569,val
gdb_82467,CC1C2CC3(C)C1CC23,-0.2589,val
gdb_55682,CC(=O)CC1(C)COC1,-0.2416,val
gdb_72612,CC12COC1(C)C1OC12,-0.2452,val
gdb_107600,O=C1NCC2CC12CO,-0.2514,val
gdb_36825,C(#CC1CC1)CC1CN1,-0.2316,val
gdb_23923,FC(F)(F)CN1CC1,-0.2513,val
gdb_55855,CC(=O)NC1CC1(C)O,-0.2351,val
gdb_92617,OC1C=C2CCCC2C1,-0.2334,val
gdb_109190,CCC1=NCC(C#N)O1,-0.2693,val
gdb_46208,O=C1CCC12C1COC12,-0.2277,val
gdb_36306,C#CCN1C2COCC21,-0.2281,val
gdb_36323,C#CC1CC(CC#N)C1,-0.2662,val
gdb_46364,O=C1COC1C1COC1,-0.252,val
gdb_60965,CC(C=O)N1CC(O)C1,-0.2362,val
gdb_37298,C1OC2C1C1C3OC3C21,-0.2324,val
gdb_87870,CC1CC12CC1OCC12,-0.2382,val
gdb_9575,C#CC1CC1(O)C#C,-0.2406,val
gdb_67386,CC12C3CC1C2C(=O)O3,-0.2542,val
gdb_103014,N#CC1(CO)C(N)C1O,-0.2613,val
gdb_22946,N#CCC1NCC1=NO,-0.2487,val
gdb_46400,O=C1OCC1NC1CC1,-0.2307,val
gdb_60213,CC(C)OC1CC2OC12,-0.241,val
gdb_81655,CC1C2C=CCCC1O2,-0.2359,val
gdb_16130,O=CC12CC1N=CO2,-0.2569,val
gdb_106954,O=C1OCC2(CO)NC12,-0.2723,val
gdb_83006,CN1C2CC3COC3C21,-0.2164,val
gdb_15472,N#CC1OCCC1=O,-0.2715,val
gdb_34009,C#CC12C=CCCC1O2,-0.2419,val
gdb_128817,COCc1n[nH]cc1N,-0.1902,val
gdb_113189,CC(O)C1(C)CC1CO,-0.2525,val
gdb_129922,N=c1c(N)c[nH]nc1N,-0.1701,val
gdb_48594,O=CC12CC(C1)C21CC1,-0.2464,val
gdb_67205,C#CC1C2CC3C1C23O,-0.2366,val
gdb_55416,CC(=O)N1CCNC1=N,-0.237,val
gdb_50058,N#CC(=O)C1CC1C=O,-0.266,val
gdb_102383,C#CC(CC)(CO)CO,-0.2556,val
gdb_93178,CC1CNC(=N)C(=N)O1,-0.2288,val
gdb_91455,CC12C=CC(CC1O)C2,-0.2332,val
gdb_76214,CC1=CC(=O)C(=O)C1C,-0.2271,val
gdb_50757,O=CC1C=CCOCO1,-0.2509,val
gdb_115480,CCC1C=C(CO)CC1,-0.2229,val
gdb_9106,CN=CNC(=N)C#N,-0.2538,val
gdb_59029,CC(O)C1=CCC2OC12,-0.244,val
gdb_39351,C1CN2CC23COCC13,-0.2361,val
gdb_124435,CC(C#N)n1ncnn1,-0.3044,val
gdb_74569,CC1=CC2C(C=O)N2C1,-0.2242,val
gdb_91121,CC1CC2C3CCC2C13,-0.2726,val
gdb_10945,CC12CC1N(C=O)C2,-0.2321,val
gdb_93614,C#CC1COC(C)C1=O,-0.2429,val
gdb_55487,CC(=O)CC#CC1CC1,-0.23,val
gdb_118268,CCCC(C)OCC#N,-0.2812,val
gdb_63045,CC1(O)C2CN3C2CC31,-0.2212,val
gdb_103199,CCC1(O)C2CC3C2C31,-0.2409,val
gdb_15706,O=C1OCOC1CO,-0.2793,val
gdb_8558,CC12OC3CC1(O)C32,-0.215,val
gdb_81859,CC12CC1C(O)C(=N)O2,-0.2565,val
gdb_93787,CC1CCC(C)C(=O)O1,-0.2535,val
gdb_84132,CC1=CC(C)C2(CO2)C1,-0.2343,val
gdb_43673,O=C1CC(CC2CO2)O1,-0.2751,val
gdb_128652,COc1nc(C)n(C)n1,-0.2207,val
gdb_128095,CNc1[nH]nc(O)c1C,-0.1875,val
gdb_67042,CC12CN3C(CO1)C32C,-0.2263,val
gdb_101870,C#CCCOC(C)CC,-0.2539,val
gdb_45604,O=C1OC2COCCC12,-0.2676,val
gdb_60985,CC(C=O)C1CC1C#N,-0.2566,val
gdb_110903,CCC1C2CC(O2)C1O,-0.2437,val
gdb_806,C#CC(CC)=NO,-0.2383,val
gdb_6566,CC1C2(C)CC1(C)C2,-0.2773,val
gdb_77461,CC12C(O)CC1(O)C2O,-0.2361,val
gdb_1699,CC1(C#N)CCN1,-0.2479,val
gdb_86815,CC(=O)CN1CC(C)C1,-0.2215,val
gdb_61438,NC(=O)CC(N)C(N)=O,-0.2343,val
gdb_27187,Oc1ncoc1N1CC1,-0.2077,val
gdb_66145,CC1(OCC2CO2)CC1,-0.2439,val
gdb_74074,CC12OC1C(N)=CC2=O,-0.2226,val
gdb_132669,Oc1ccc(F)cc1F,-0.2232,val
gdb_121601,COCCC(=O)C(C)=O,-0.2423,val
gdb_120686,CC#CC1CC1COC,-0.2294,val
gdb_133850,CC12C3=CC4CC3N1C42,-0.1864,val
gdb_82810,OC1C2OC3CN(C3)C12,-0.2138,val
gdb_5285,NC(=O)c1cnco1,-0.2596,val
gdb_98904,O=C(CO)C1CCCO1,-0.2478,val
gdb_34623,N#CC1=CCN=COC1,-0.2678,val
gdb_125688,Cc1n[nH]nc1CC=O,-0.2488,val
gdb_74828,CC1=CC2NC2(C=O)C1,-0.2385,val
gdb_76938,CC1N(C=O)C1(C)C#N,-0.271,val
gdb_85455,N=C1CC(O)C2(CC2)O1,-0.2456,val
gdb_88157,CC1CC12OCCC2O,-0.2233,val
gdb_41237,C1C2C3CC4(COC24)C13,-0.2453,val
gdb_33758,N#CC12CC(N1)C21CC1,-0.2584,val
gdb_115826,COC1CCC2(CC2)C1,-0.2462,val
gdb_4015,C[NH2+]CC(CO)=N[O-],-0.146,val
gdb_39825,C1OC2CC(O1)C21CO1,-0.2532,val
gdb_15495,O=CN1C=CCC1=O,-0.2453,val
gdb_35081,C#CC1C=CC2CN1C2,-0.2158,val
gdb_79739,CC12OC3CC3C1C2O,-0.2324,val
gdb_3810,COc1ncon1,-0.2679,val
gdb_120905,CC1C2CC(CCO)N12,-0.2219,val
gdb_105977,COC12C3C4C1C4(C)C32,-0.2016,val
gdb_85189,O=C1CC(O)C1N1CC1,-0.2457,val
gdb_123414,c1cc(CC2CC2)no1,-0.2606,val
gdb_40927,C1CC2(CN3CCC32)O1,-0.2102,val
gdb_22891,CC1=CNC(C)C1=NO,-0.1816,val
gdb_102753,CCN(C=O)CC1CN1,-0.2448,val
gdb_60963,CC(C=O)C1CC(O)C1,-0.2472,val
gdb_2230,CC12CC=CC1O2,-0.2424,val
gdb_104715,CCC1(CC)CC(C)O1,-0.2389,val
gdb_55235,NC(=O)C1CC(=O)CN1,-0.2346,val
gdb_97826,OCC#CC1CN=CO1,-0.2567,val
gdb_3976,CC1(C)CC(=NO)C1,-0.2397,val
gdb_119474,COCC12CC(C)C1C2,-0.2398,val
gdb_8215,CC(=N)OC1CCC1,-0.254,val
gdb_33451,N#CC1(C#N)C2CNC21,-0.2595,val
gdb_55789,NC(=O)NC1=NCCO1,-0.2316,val
gdb_73938,C#CC1=C(C)C(=O)NC1,-0.2435,val
gdb_129103,N=C1Cc2[nH]nnc2N1,-0.212,val
gdb_114717,CCN1CC2OC2C1=O,-0.2412,val
gdb_106247,CCC12CC(=O)N1C2C,-0.2398,val
gdb_120957,OCCC1OC2CC1C2,-0.2378,val
gdb_69750,CC12CN1C1CC(=O)C12,-0.2301,val
gdb_94119,O=COC1CCC(O)C1,-0.2705,val
gdb_15971,O=CC1CCC12CN2,-0.2442,val
gdb_88440,CC1NC1C1(C)CN1C,-0.2184,val
gdb_40095,C1CC2OC3(CC3)C2C1,-0.2236,val
gdb_87899,O=C1C=CNC12CC2O,-0.214,val
gdb_36175,N#CCC12NC3C1CC32,-0.2401,val
gdb_76504,CC1C(O)C12CC1OC12,-0.2416,val
gdb_73131,CC12OCC1CC1NC12,-0.2264,val
gdb_89306,CC12CC(O)C(C)(C1)C2,-0.2567,val
gdb_18992,C1C2OC1C1CCC21,-0.2435,val
gdb_22006,CC(=NO)c1cnc[nH]1,-0.2072,val
gdb_5662,c1nc2occc2o1,-0.2207,val
gdb_2651,CC#CCOC=O,-0.2675,val
gdb_5875,CC(C)(C)OCC=O,-0.2532,val
gdb_123249,CCCCCCOCC,-0.2475,val
gdb_4809,NCc1nc(O)co1,-0.2158,val
gdb_129202,N=c1ccc(=O)cn[nH]1,-0.2506,val
gdb_45321,O=C1CC2CN=COC12,-0.242,val
gdb_58133,CC(C)C(C)(C#N)C=O,-0.274,val
gdb_96799,CN=C1OC(=O)N2CC12,-0.2739,val
gdb_28770,Cc1ncc2n1CC=C2,-0.1956,val
gdb_11822,O=C1C(O)CC12CN2,-0.2402,val
gdb_117990,CC(C#N)N(C)CCO,-0.2411,val
gdb_71257,CC12CN3CC1(O)CC32,-0.213,val
gdb_28422,Cc1cc(O)ncc1O,-0.2079,val
gdb_112104,COC1C=CCCC1=O,-0.2288,val
gdb_86198,CC1CC(O)C(C)C1C,-0.2572,val
gdb_58333,CC(O)C(C)OCC=O,-0.262,val
gdb_118655,CCOC(C#N)CNC,-0.2339,val
gdb_81403,N#CC1NC2CC1C2O,-0.241,val
gdb_47499,O=C1CCCC2(CO2)C1,-0.2386,val
gdb_69989,CC12NC1C1CC2CO1,-0.2274,val
gdb_44157,C#CCC1C2CC(=O)C12,-0.243,val
gdb_23095,C#CC1=CCCC1=NO,-0.2163,val
gdb_96246,CC1C=CC=CCCO1,-0.2185,val
gdb_19143,O=CC1(C2CN2)CN1,-0.2497,val
gdb_108722,O=C1C=C(CO)CC1O,-0.2414,val
gdb_129155,N=c1nnonc1C=O,-0.2734,val
gdb_112650,COC1OC(C)=NC1C,-0.248,val
gdb_123552,C1C2CC1c1nonc12,-0.2745,val
gdb_122374,OCCOC1C2CC1C2,-0.258,val
gdb_97830,CCC#CC1COC1=O,-0.2527,val
gdb_22826,CC1CCOCC1=NO,-0.2441,val
gdb_93405,CC1COC(=N)C=C1N,-0.2056,val
gdb_54371,CC(=O)C12C3CC1C2C3,-0.2358,val
gdb_132729,Cc1ccnc(F)c1C,-0.2465,val
gdb_121976,N#CCC(O)CCCO,-0.2727,val
gdb_128677,COc1ncc(=O)[nH]n1,-0.2367,val
gdb_31678,COc1cc(C=O)co1,-0.2138,val
gdb_22569,ON=C1C(O)C(O)C1O,-0.2512,val
gdb_94814,CC1OCC2(CO2)C1O,-0.2506,val
gdb_46056,O=C1CCC(C2CN2)N1,-0.2456,val
gdb_35246,C#CC1CN1C1CCC1,-0.228,val
gdb_71006,OC12COC3(CCC13)C2,-0.2258,val
gdb_33694,N#CC12C3C4CC1N2C43,-0.2513,val
gdb_11440,O=C1CC(CO)CN1,-0.2367,val
gdb_38379,C1OCC2CC(CO1)O2,-0.248,val
gdb_95408,CC1=CCCC(O)CC1,-0.2274,val
gdb_34239,N#CC12CC3CN1CC32,-0.2486,val
gdb_1757,OCCC1(O)CC1,-0.2369,val
gdb_47706,O=C1CCCOC(=O)N1,-0.2667,val
gdb_41155,C1CC2COC23CC1C3,-0.2386,val
gdb_10687,CC(N)C1(C#N)CN1,-0.2641,val
gdb_28150,Oc1nc2c(o1)C=CC2,-0.1935,val
gdb_93048,CN1CC=CC2OCC21,-0.214,val
gdb_35593,C#CC1CN=C(C#N)N1,-0.2577,val
gdb_108028,OCC12CC3C4C1C2N34,-0.222,val
gdb_48142,C#CC#CCC(=O)C=O,-0.249,val
gdb_24723,C1=Cc2nccn2CC1,-0.2014,val
gdb_81091,CC1C2CC1(C=O)C2O,-0.2415,val
gdb_15983,CN=C1OCC12CO2,-0.2564,val
gdb_126020,CC1CNc2nocc21,-0.2204,val
gdb_64148,CC1(C)COC(C=O)O1,-0.2423,val
gdb_102711,CN=C(CC1CC1)OC,-0.2381,val
gdb_63668,CC1(C)CN1CCC#N,-0.2407,val
gdb_31865,Nc1ccc(CO)nc1,-0.2039,val
gdb_54640,NC(=O)C1=CN2CC2C1,-0.2284,val
gdb_45609,N#CC1=CCC(=O)C1=O,-0.2603,val
gdb_16306,O=CC12CC1CC2O,-0.2444,val
gdb_122707,N#CCN=COCCO,-0.2756,val
gdb_27680,Cc1cc(N)oc1C#N,-0.2069,val
gdb_86888,CC1OC(C#N)CC1O,-0.271,val
gdb_14955,O=CC1OCCCO1,-0.2586,val
gdb_97458,NC=[NH+]CCCC(=O)[O-],-0.133,val
gdb_17652,CC1(C2CC2)CCC1,-0.261,val
gdb_33462,N#CC1(C2CCC2)CC1,-0.2782,val
gdb_17099,O=CC1CC2CC1O2,-0.2435,val
gdb_123647,c1nc2n(n1)CC1NC21,-0.2481,val
gdb_38032,C1=C2COCC2C2CC12,-0.2261,val
gdb_113838,COC1CC1C1CN1C,-0.2121,val
gdb_119229,CCCC1(C=O)CN1C,-0.2367,val
gdb_113763,CCC1OC1C(O)C=O,-0.2708,val
gdb_2905,O=CN1CC=CC1,-0.2363,val
gdb_13834,CC(=O)C1CC=CC1,-0.238,val
gdb_72563,CC12COC(C1)OC2=N,-0.2616,val
gdb_92679,CC1CC=C(C#N)C1O,-0.2674,val
gdb_94826,OC1C=CC2(CC1)CC2,-0.2282,val
gdb_108978,CCC1=CC2CC(C1)O2,-0.2272,val
gdb_17506,C#CC12CC3C(C1)N32,-0.247,val
gdb_76116,CC12OC1C(C#N)C2N,-0.2481,val
gdb_35887,N#CC1CCCC1C#N,-0.3219,val
gdb_108832,CCC1=CC(C)C2CC12,-0.2169,val
gdb_93797,CC1CCN(C)CC1=O,-0.2175,val
gdb_52486,CC#CC#CC1NC1C,-0.222,val
gdb_122516,CCCCC1CC1CC,-0.2607,val
gdb_51560,N=COC1CC1C1CC1,-0.2537,val
gdb_111718,C#CC12OCC1C2OC,-0.2246,val
gdb_133058,OCc1ccc(F)cn1,-0.2448,val
gdb_21645,N=c1ncc(N)n[nH]1,-0.2015,val
gdb_63345,CC1(O)CC(=N)OC1=O,-0.2783,val
gdb_22344,CC1=CC(=NO)CC1O,-0.222,val
gdb_24446,c1nc2c([nH]1)OCCN2,-0.1767,val
gdb_54403,CC(=O)C12COC(C1)C2,-0.2443,val
gdb_129364,N=COCc1ccon1,-0.2707,val
gdb_81822,C#CC1C(C)C2CC12O,-0.2371,val
gdb_16590,O=C1C(O)C2C(O)C12,-0.2401,val
gdb_95485,CC1CNC=CC(=N)O1,-0.2004,val
gdb_68211,CC12C=C(C=O)C(C1)C2,-0.2448,val
gdb_91056,CC1C=C2C(C1)C1OC21,-0.2355,val
gdb_63325,CC1(C)CC(=N)NC1=O,-0.2542,val
gdb_27291,Oc1ncn2c1NCC2,-0.1787,val
gdb_131229,C#CCn1nccc1O,-0.219,val
gdb_28227,Nc1cc2c([nH]1)CCN2,-0.1542,val
gdb_40688,C1C(N2CC2)C1N1CC1,-0.2282,val
gdb_20208,C1CC2C3OCC1C23,-0.2294,val
gdb_106524,OCC12CC(CCO1)C2,-0.2459,val
gdb_102798,CC(C)C(CO)CC=O,-0.2441,val
gdb_133394,Nc1nonc(F)c1=O,-0.2572,val
gdb_68547,CC12C=CC(C1)C21CC1,-0.2194,val
gdb_125041,Cc1c(C#N)n[nH]c1N,-0.2276,val
gdb_70573,CC12CN1CCC1NC12,-0.2176,val
gdb_41263,C1CC23CC4OC(C12)C43,-0.2341,val
gdb_34802,C#CC1C2OC1C1OC21,-0.2469,val
gdb_45638,N#CCC1=CCC(=O)N1,-0.2317,val
gdb_82348,C#CC1CC2CC2C1O,-0.2559,val
gdb_50893,N#CCNC(=O)OC=N,-0.2883,val
gdb_110928,CCC1C2CC(CO)C12,-0.2464,val
gdb_55972,CC(=O)CC1NCC1=O,-0.2417,val
gdb_36850,C1CC1CC12CCC1O2,-0.2442,val
gdb_70911,CC12CC3(O)COC1C32,-0.2266,val
gdb_70322,OC12CC3NC3CC1C2,-0.2369,val
gdb_79374,CC1C2N3CC2(C#N)C13,-0.2598,val
gdb_119825,N=C1CN=C(CCO)N1,-0.2281,val
gdb_121865,CC(=O)C(C)CCCO,-0.2387,val
gdb_9442,C#CC1(C)COC1=O,-0.2655,val
gdb_92961,OC1CC=CC12COC2,-0.2443,val
gdb_52252,O=CNCC1CC2OC12,-0.2491,val
gdb_15954,C#CC1COC12CC2,-0.2331,val
gdb_126485,C#Cc1nonc1CC,-0.2751,val
gdb_114685,CC12CC(CO)CC1O2,-0.2489,val
gdb_127564,Cn1ncc(=O)cc1O,-0.2222,val
gdb_79968,CC1C=CC2C(O)C12O,-0.2217,val
gdb_42691,O=C1C2C3CC4C(C32)N14,-0.2469,val
gdb_57770,CC(O)C#CC(C)C=O,-0.2496,val
gdb_34510,N#CC1=CC2C3OC1C23,-0.2488,val
gdb_87155,CC1(C2CCO2)CC1O,-0.2433,val
gdb_23702,Cc1ccc(F)nc1,-0.2491,val
gdb_117680,COCC(C)(C)C1CO1,-0.2548,val
gdb_92730,CC1=CCC(O)C(=O)C1,-0.2327,val
gdb_122878,CCCCCC(C)(C)O,-0.2587,val
gdb_117660,CCOC(C)(C)C(C)O,-0.2481,val
gdb_74208,N=C1C=C(N)C=CCO1,-0.2059,val
gdb_65099,CC1(C23CCC2C3)CO1,-0.2432,val
gdb_53539,C#CC1(CC#CC)CC1,-0.2412,val
gdb_133458,FC(F)(F)c1ccco1,-0.2492,val
gdb_103422,CCC1(C)C(O)C2CC21,-0.2471,val
gdb_97780,CCC#CC1NC1C#N,-0.2539,val
gdb_118229,COCC(C)OC(C)C,-0.2394,val
gdb_43394,O=C1C=CCCC12CN2,-0.2447,val
gdb_23876,N#CC(=O)C(F)(F)F,-0.3347,val
gdb_103104,C#CC1C(O)C1(O)CC,-0.2415,val
gdb_90736,CC1CC2C(=O)OCC12,-0.2583,val
gdb_116694,COC=NC1C2CC1C2,-0.2415,val
gdb_87470,CC1NC12C1NC2C1=O,-0.2515,val
gdb_28089,O=CNc1c[nH]c(O)n1,-0.1954,val
gdb_62898,CC1(C)C2CN1C2C#N,-0.2484,val
gdb_90761,O=C1OCC2C(O)CN12,-0.253,val
gdb_45327,O=C1OC2CN=CNC12,-0.2379,val
gdb_5604,CCc1nccn1C,-0.2107,val
gdb_56578,CC(C#N)C(C)N1CC1,-0.2498,val
gdb_72748,OC12CCC13CCN3C2,-0.2072,val
gdb_118898,CC1(CCO)CN=CO1,-0.2464,val
gdb_58887,CC(O)C12C=CCC1O2,-0.251,val
gdb_41524,C1=C2CCN=C2OCC1,-0.2289,val
gdb_105878,CCC12C(C)OC1C2C,-0.2267,val
gdb_23754,Oc1ncccc1F,-0.2356,val
gdb_68922,CC12CC1(C)OCCO2,-0.2241,val
gdb_123605,c1nc2n(n1)CC1CC21,-0.2427,val
gdb_63433,CC1(O)CN(CC#N)C1,-0.2401,val
gdb_129928,Nc1c[nH]nc1C1CO1,-0.1958,val
gdb_11851,O=CN1CC2(CN2)C1,-0.2441,val
gdb_25459,O=Cc1nccn1C=O,-0.2678,val
gdb_68634,CC12COC(C1)C2C=O,-0.2392,val
gdb_89632,CC1CC2(C3CN3)CN12,-0.2277,val
gdb_122900,C#CC(C)OCCCC,-0.2513,val
gdb_114772,OCC1C=CC2CC2O1,-0.2383,val
gdb_111659,CCN1C2COC(=N)C21,-0.2404,val
gdb_99152,COC(=O)CC1NC1C,-0.2459,val
gdb_56555,CC(C(N)=O)C(N)C#N,-0.25,val
gdb_25884,Cc1nc(C(N)=O)co1,-0.247,val
gdb_112316,COC1OC(=O)N2CC12,-0.2776,val
gdb_50738,O=CC1COCCC1=O,-0.249,val
gdb_46458,C#CC12CNC(=O)C1O2,-0.247,val
gdb_82268,N#CC1=CC2NC2C1O,-0.2601,val
gdb_109751,COC1C(C)C1C(C)=O,-0.2346,val
gdb_99996,COC(C)(C)C(O)C#N,-0.2682,val
gdb_90308,OC1CC2=CC3OC3C21,-0.2463,val
gdb_88058,CC1NC12CCC2C=O,-0.2417,val
gdb_43193,O=C1C2CCC2C12CO2,-0.2415,val
gdb_27072,Nc1[nH]ccc1NC=O,-0.1898,val
gdb_89084,CC1CN1CCCC#N,-0.235,val
gdb_51835,N=COC1CNCC1=O,-0.2315,val
gdb_104513,C#CCC1(CO)CN1C,-0.2219,val
gdb_26961,Nc1ocnc1C1CC1,-0.1928,val
gdb_133786,O=C(CCO)C(F)(F)F,-0.2804,val
gdb_131239,Oc1cn(C2CC2)nn1,-0.2243,val
gdb_70603,CC1(O)CCN2CC21C,-0.2255,val
gdb_98625,COC(=O)C1C2CCC21,-0.2534,val
gdb_72500,OC12CCOC(CC1)C2,-0.2436,val
gdb_5575,CNc1cc[nH]c1C,-0.1638,val
gdb_37033,C1=CC23CCC2(CC1)O3,-0.2272,val
gdb_131499,OC1CC1n1cnnn1,-0.2748,val
gdb_57239,C#CC(=O)C(C)(C)C#C,-0.2623,val
gdb_51287,O=CNC1=CCC2CC12,-0.2088,val
gdb_99438,CNC(C#N)C#CC#N,-0.2764,val
gdb_120383,COCC1C=CCC1C,-0.2344,val
gdb_94920,C#CC1C2OCC(O)C12,-0.2361,val
gdb_116398,CCN1CCCNC1=O,-0.2241,val
gdb_29108,Nc1coc(=O)c(=O)[nH]1,-0.222,val
gdb_112486,CCC1C=CC(=NC)O1,-0.2295,val
gdb_113572,OCC1CC12COC=N2,-0.2308,val
gdb_58237,CC(O)C(O)C1(C)CN1,-0.2375,val
gdb_75322,CC1=CCN2CC12C=O,-0.2268,val
gdb_73446,CC12C3CCC1(O)C2O3,-0.2147,val
gdb_14930,N#CC1OCCCO1,-0.288,val
gdb_74933,CC1=CC2CN3C1CC23,-0.2119,val
gdb_111566,COC1C2CN3C2CC13,-0.2217,val
gdb_11496,O=CC(=O)CC1CO1,-0.2567,val
gdb_8139,CC1=CC2(C)NC2C1,-0.2202,val
gdb_61717,C#CCN=C(C)NC=O,-0.2525,val
gdb_64555,O=CC1(O)C2CC1C2=O,-0.2515,val
gdb_67140,CC12C(=O)C3NC1C32O,-0.221,val
gdb_126462,CCc1noc(C)c1N,-0.2081,val
gdb_107606,O=C1CCC2NC12CO,-0.2406,val
gdb_107154,COC12CC1C1(CO1)C2,-0.2506,val
gdb_357,O=CC(=O)CO,-0.2516,val
gdb_109246,CCC1=CCC2CC1C2,-0.2202,val
gdb_57602,CC(O)(C=O)C1COC1,-0.2466,val
gdb_82566,CC1C2CC3(COC3)C12,-0.2414,val
gdb_113494,OCC1OC12CC=CC2,-0.2482,val
gdb_47257,O=C1CC=CCCC1=O,-0.2301,val
gdb_86708,CC1CC(C=O)C2CN12,-0.2344,val
gdb_49228,O=CC1=CNC2(CC2)C1,-0.2019,val
gdb_88853,CN1CC1C1COC=N1,-0.2273,val
gdb_131711,OCc1noc(CO)n1,-0.2864,val
gdb_52392,O=CCCCC1CCC1,-0.247,val
gdb_109724,CC#CC1C(O)C1CC,-0.2345,val
gdb_21395,c1cn2nn[nH]c2n1,-0.2326,val
gdb_62837,CC1(C)N2CC13OCC23,-0.2232,val
gdb_4182,ON=C1CC2CCC12,-0.2382,val
gdb_69514,CC12CC1C1(C)CC21O,-0.2001,val
gdb_64681,C#CCC1(C)NC1C#C,-0.2469,val
gdb_130011,Nc1nc2c[nH]nc2[nH]1,-0.1948,val
gdb_16680,CC1C2CC(=O)C1C2,-0.2304,val
gdb_130427,N=c1[nH]ncnc1CN,-0.2288,val
gdb_40296,C1CCC2(COC1)CO2,-0.2445,val
gdb_42894,O=C1C2CC2C12COC2,-0.2429,val
gdb_110187,CCN1C(=O)CC1C=O,-0.2509,val
gdb_3465,OC1C2C=CC1N2,-0.2267,val
gdb_75216,CC1=CCC2(O)COC12,-0.2378,val
gdb_19377,OCC12NC1C1OC12,-0.2281,val
gdb_86913,OC1CC(CN2CC2)C1,-0.2305,val
gdb_17889,CC1C2CCOC1C2,-0.2316,val
gdb_132568,Cc1nc(O)ncc1F,-0.2463,val
gdb_99627,CC1CN1C(C#N)CO,-0.254,val
gdb_41117,C1=CC23COC2C2C1C23,-0.221,val
gdb_96790,CN=C1NC(=N)C2OC12,-0.2477,val
gdb_112698,CCC1C=C(C)C(O)C1,-0.2353,val
gdb_58606,CC(=O)C1(C(C)C)CC1,-0.2394,val
gdb_117097,C#CC(O)C(=O)CCC,-0.2597,val
gdb_58385,C#CC(CC=O)C(C)C,-0.2519,val
gdb_55549,NC(=O)CC(=O)C1CO1,-0.2483,val
gdb_35668,C#CC1CCC(C#N)O1,-0.2787,val
gdb_122762,CCCNCC(=O)C#N,-0.2422,val
gdb_125584,Cc1n[nH]c(=N)[nH]c1=O,-0.2381,val
gdb_80514,CN1CC2C(N)C21C#N,-0.2156,val
gdb_82820,CC1C2CN3CC1(C)C23,-0.2013,val
gdb_72375,CC12C=CCC1C=CC2,-0.2354,val
gdb_37736,C1CC23CC4C2C(O1)C43,-0.2355,val
gdb_8684,CCC(O)(C#N)CN,-0.2445,val
gdb_97285,CN=CN(C=O)C=NC,-0.2484,val
gdb_34789,C#CC1C2CC1(C#N)O2,-0.2698,val
gdb_130146,N#CCc1cc(N)n[nH]1,-0.2115,val
gdb_35977,N#CC1CNCCCO1,-0.2322,val
gdb_102823,COC(CC=O)C1CC1,-0.2411,val
gdb_1448,CNC(=O)CC=O,-0.2481,val
gdb_127627,Cn1ncc2cn[nH]c21,-0.2227,val
gdb_133877,C1C2C3C2C2C4CC12C43,-0.2499,val
gdb_112161,COC1C=C(C)C(=O)C1,-0.2384,val
gdb_101592,CNC(=O)CC(C)OC,-0.2331,val
gdb_93984,CC1CCN(C=O)C1=N,-0.2465,val
gdb_80665,O=C1CC2CC(C2)C1O,-0.2484,val
gdb_39259,C1CC2CC23COC1C3,-0.2381,val
gdb_121495,CC(C)OC=NCCO,-0.2438,val
gdb_49042,O=CC12CC=CC1OC2,-0.2518,val
gdb_61634,CC(C=O)CC1CC1O,-0.2414,val
gdb_109657,CN1C(CO)C1(C)C=O,-0.2338,val
gdb_68818,CC12CC1(O)C(C=O)N2,-0.2254,val
gdb_68790,C#CC1CC2(C)NC12C,-0.2225,val
gdb_16691,CC1=CC2CC1C2O,-0.2192,val
gdb_99395,O=COCCC(=O)CO,-0.2617,val
gdb_49252,O=CC1=CCN=COC1,-0.2547,val
gdb_71961,OC12CC3CC(C1)C2O3,-0.2467,val
gdb_127449,C#Cc1cc(O)n(C)n1,-0.2171,val
gdb_94358,O=CC1CC12CCC2O,-0.2416,val
gdb_84511,CC1C=CC23COC12C3,-0.2235,val
gdb_84959,CC1C(=O)C(=O)CN1C,-0.2109,val
gdb_53444,CC#CC1CCCCC1,-0.2376,val
gdb_104538,N#CCC1(CO)COC1,-0.2622,val
gdb_14945,O=CC1C=CCCO1,-0.2446,val
gdb_29511,Cc1c[nH]c2c1OCO2,-0.169,val
gdb_103786,CC#CC1NC1(C)CO,-0.2265,val
gdb_17633,CC(=O)C(O)C1CN1,-0.2458,val
gdb_37865,C1=CC23CC4C2C1CN43,-0.2308,val
gdb_28949,N#CCn1ccnc1O,-0.2208,val
gdb_54253,CC1(C(N)=O)C=CCO1,-0.225,val
gdb_68370,CC12CC(=O)OC(C1)C2,-0.2587,val
gdb_31301,C#Cc1ocnc1NC,-0.1925,val
gdb_48545,O=CC12C3CCN1C2C3,-0.2454,val
gdb_78682,O=C1C2C3C(O)C2C13O,-0.2412,val
gdb_70640,C#CC1CCC2NC12C,-0.2313,val
gdb_58620,CC(O)C1(C(N)=O)CO1,-0.2516,val
gdb_104436,CC1(CO)CCCCC1,-0.2623,val
gdb_61580,CC(CC1CO1)C1CC1,-0.2618,val
gdb_100688,COC(C)(C)C(C)CO,-0.2465,val
gdb_58118,CC(C)C(C)(O)CC#N,-0.2814,val
gdb_126210,CCc1nn[nH]c1CC,-0.2378,val
gdb_5027,Nc1c[nH]cnc1=O,-0.203,val
gdb_69680,CC12NC1C1C(C#N)C12,-0.2227,val
gdb_118715,CC1(CCO)C2CCC21,-0.2482,val
gdb_67747,CC12C=CC34CN(C13)C24,-0.2238,val
gdb_111653,CCC1C2COC(=O)C12,-0.261,val
gdb_69710,CC12NC1C1C(=O)NC12,-0.2257,val
gdb_20714,C#Cc1cc(C)n[nH]1,-0.2303,val
gdb_102122,COC(C=O)C1CCO1,-0.2429,val
gdb_104758,N#CC1CC1(CO)CO,-0.265,val
gdb_51217,N=COC12CC3CC1C32,-0.251,val
gdb_66637,CC12C3OC4CC3N1C42,-0.234,val
gdb_113416,CCC1CC12CC(=O)N2,-0.2361,val
gdb_71187,N#CC1N2C3CC1(O)C32,-0.2539,val
gdb_73936,C#CC1=C(C)C(=O)CC1,-0.2398,val
gdb_64059,CC1(C)C=CCC=CC1,-0.2321,val
gdb_116153,CC1OCCC(CO)O1,-0.2595,val
gdb_75287,CC1=CCC2C3OC2C13,-0.2313,val
gdb_118671,CCOC(C=O)COC,-0.2419,val
gdb_92759,CC1CN=C(C(N)=O)O1,-0.2534,val
gdb_77092,C#CC1CC2(CC2)C1C,-0.2504,val
gdb_8032,CC1CC2(C)CCC12,-0.255,val
gdb_36612,C#CCNC12COC1C2,-0.2218,val
gdb_40702,C1NC1C1OC1C1CN1,-0.2451,val
gdb_51044,N=COC1(C=O)CNC1,-0.2389,val
gdb_13665,CC1CN1CCC#N,-0.2423,val
gdb_18470,CC1CC2C(CO)C12,-0.2466,val
gdb_116755,COC=NCC(=O)CO,-0.253,val
gdb_15593,N#CC1NCCC1O,-0.2443,val
gdb_16940,O=C1OC2CCC1O2,-0.2638,val
gdb_69063,C#CC12CC=CC1(C)C2,-0.2275,val
gdb_40891,C1=NC2C(O1)C21CCC1,-0.2359,val
gdb_125993,CC1Cc2ccnn2C1,-0.228,val
gdb_43582,C#CC1CC(=O)C2CN12,-0.2459,val
gdb_84318,O=C1C=CC(O)C2CC12,-0.2394,val
gdb_17792,OCCC1C2CN1C2,-0.2267,val
gdb_1072,COc1cocn1,-0.2164,val
gdb_17586,CC12NC1(C)C1CC12,-0.2449,val
gdb_81850,CC1=CC2(C)OC2C1O,-0.2407,val
gdb_76078,CN1C(C#N)C1C(N)=O,-0.2578,val
gdb_92655,CC1OC2COCCC12,-0.2341,val
gdb_119168,COCC1(N2CC2)CC1,-0.221,val
gdb_130845,O=Cc1nnoc1C=O,-0.2921,val
gdb_89701,N#CC12CC(O)C(C1)N2,-0.261,val
gdb_50732,N=CN1CCOCC1=O,-0.2499,val
gdb_97009,CN=C1OC2COCC12,-0.2513,val
gdb_97154,CN=C1OCC2CC1N2,-0.233,val
gdb_83446,C#CCC12COC1C2C,-0.2337,val
gdb_45284,O=C1CC2OC3COC132,-0.2485,val
gdb_46211,O=C1COC12C1CCC12,-0.2422,val
gdb_14812,N#CC1CNC1C#N,-0.2749,val
gdb_131473,OC1C=Cc2nocc21,-0.2529,val
gdb_88975,CC1CC1CC1CN1C,-0.2195,val
gdb_53328,CC#CC1CC2NC12C,-0.2205,val
gdb_58059,CN(C)C(C#N)C1CC1,-0.232,val
gdb_109393,CCC1=NCCCCO1,-0.233,val
gdb_122749,CCC#CCCOCC,-0.2426,val
gdb_348,C#CC(=O)NC,-0.2591,val
gdb_106477,CNC12CC(C1)OC2=O,-0.2289,val
gdb_107000,CC1C(C)C2(CO)CN12,-0.234,val
gdb_55696,CC1(NC(N)=O)COC1,-0.2478,val
gdb_87333,CC1CC1(C#N)OC=O,-0.2916,val
gdb_10531,COCC1(CO)CO1,-0.255,val
gdb_111889,CC1=CC(CO)C2NC12,-0.2301,val
gdb_54933,CC(=O)C1CC(C=O)N1,-0.236,val
gdb_14454,CC12CN3C1CCC32,-0.2215,val
gdb_116224,OCC1CCCC12CO2,-0.256,val
gdb_62518,CC1(C)C(C#N)C1C=O,-0.2613,val
gdb_112333,O=C1OC(CO)C2OC12,-0.2691,val
gdb_32580,CCn1c(O)cnc1O,-0.1814,val
gdb_90694,[NH3+]C1CN2C(C(=O)[O-])C12,-0.1661,val
gdb_99066,C#CC(C)OC(=O)NC,-0.2541,val
gdb_68258,CC12CC(C1)C2(C)C#N,-0.2926,val
gdb_100338,C#CCC(C)(CO)OC,-0.2535,val
gdb_60628,CC(=O)N(C)C1CC1O,-0.2384,val
gdb_20906,CCn1ncc(N)n1,-0.2095,val
gdb_4834,CCc1cnc(N)o1,-0.1993,val
gdb_123983,C1=NCc2n[nH]cc2O1,-0.2238,val
gdb_130647,O=C1Cn2nccc2O1,-0.2454,val
gdb_43062,O=C1C2CC3C4C1N2C34,-0.2341,val
gdb_33481,C#CC1(C#C)CN2CC21,-0.2423,val
gdb_68030,OC12CC(O)(C1)C1CC12,-0.2419,val
gdb_11970,CC1(O)CCC12CN2,-0.2336,val
gdb_28098,CC1=Cc2[nH]ccc2C1,-0.1699,val
gdb_71762,OC12CN3C4CC(C41)C32,-0.2188,val
gdb_53585,C#CC1CC1CC#CC,-0.2373,val
gdb_91992,N#CC1C(O)CC2CN21,-0.247,val
gdb_52058,C#CC1(OCC=O)CC1,-0.2533,val
gdb_96984,CN=C1OC2CC3C1C23,-0.2361,val
gdb_14283,CC1C2NC(=O)NC12,-0.2288,val
gdb_56032,NC(=O)CC1CCOC1,-0.2445,val
gdb_97051,CN=C1C=C(C#N)CO1,-0.2563,val
gdb_2946,CCC1OCCO1,-0.252,val
gdb_125445,Cc1nc(N)n[nH]c1=O,-0.2143,val
gdb_29354,C#Cc1c(N)coc1N,-0.1769,val
gdb_64646,C#CC1(O)C=CNC1=O,-0.2337,val
gdb_34332,C#CC12CCC1C1OC12,-0.2442,val
gdb_37743,C1CN2C3C4OC3(C1)C42,-0.2158,val
gdb_43469,N=C1NC(=O)C2CC1N2,-0.2462,val
gdb_1329,CC1(C)CN1C=O,-0.2489,val
gdb_46080,O=C1OCC(C2CN2)O1,-0.2629,val
gdb_123310,C#Cc1noc(C#C)n1,-0.2718,val
gdb_87623,CC1CC12N=COC2C,-0.2256,val
gdb_2229,CC12CC=CC1N2,-0.2247,val
gdb_14022,CCC1OC12COC2,-0.2523,val
gdb_13074,C#CCC1CCC1C,-0.2562,val
gdb_22075,CC1CC(C)(O)C1=NO,-0.2478,val
gdb_93338,CC1CNC(=O)C1C=O,-0.2441,val
gdb_58270,CC(O)C(O)C1COC1,-0.2361,val
gdb_29715,Cn1c(O)cc(O)c1O,-0.1564,val
gdb_75060,CC1=CCC(=O)C12CN2,-0.2298,val
gdb_53217,CC#CC1OC(=O)C1C,-0.2616,val
gdb_97281,NC=NC(C=O)C(N)=O,-0.2346,val
gdb_130921,O=CC1Cc2cnnn21,-0.2599,val
gdb_59569,CC(O)C1CC2CN2C1,-0.2152,val
gdb_119944,COCC1C(O)C1C#N,-0.2576,val
gdb_84896,CC1C=CCOC1C#N,-0.264,val
gdb_58917,CC(C)C12CN3C1CC32,-0.2238,val
gdb_102394,COC(C#N)(CO)CO,-0.2733,val
gdb_28298,Nc1cn2c(n1)CC=C2,-0.1768,val
gdb_120705,CCOC1CC1C(C)=O,-0.239,val
gdb_27790,Cc1cc(N)nc(=[NH2+])[n-]1,-0.207,val
gdb_67203,C#CC1C2OC3C1C23C,-0.2299,val
gdb_75480,CC1=CCCC1OC=O,-0.2487,val
gdb_123093,CCCCCOC(N)=O,-0.2635,val
gdb_88581,CN1CC1C1=NCCO1,-0.2281,val
gdb_11863,OCC1CC2(CN2)C1,-0.2374,val
gdb_63930,CC1(C)CC2CCC21C,-0.254,val
gdb_66875,CC12C3N=C4OC1C4C32,-0.2071,val
gdb_114569,CCC1CN2CC12C#N,-0.2589,val
gdb_32033,CNc1ncnc(=O)[nH]1,-0.2446,val
gdb_14783,O=CNCCCCO,-0.2497,val
gdb_61213,C#CCC(C)C1(C)CC1,-0.2538,val
gdb_27226,Oc1[nH]cc2nc[nH]c12,-0.1753,val
gdb_110504,CCC1C2C3CC1(C)C32,-0.2403,val
gdb_69952,CC12CC3OCC3C1N2,-0.2311,val
gdb_74321,C#CCC1C=C(C)CC1,-0.2283,val
gdb_119889,CCOC1=NCCOC1,-0.2324,val
gdb_60193,CC(O)CC1OC1C#N,-0.2777,val
gdb_67172,CC12C3NC1C2OC3=O,-0.2392,val
gdb_107167,CC1C2C3CC3(CO)C12,-0.2487,val
gdb_16975,C1=CC23CCC2C1O3,-0.2283,val
gdb_80322,N#CC1=NC2C(O)C2N1,-0.2401,val
gdb_38655,C1=NC2CC3NC2C3O1,-0.2417,val
gdb_18561,O=C1CC2OCOC12,-0.2392,val
gdb_35601,C#CC1CN=C2CCN21,-0.2265,val
gdb_111343,COC1C2OC2C12CO2,-0.2475,val
gdb_103585,CCC1(O)C=CC(=O)C1,-0.241,val
gdb_50374,O=CC1CC2CCOC12,-0.2451,val
gdb_107479,CCC12CN1CC21CN1,-0.2211,val
gdb_118140,COCC(O)C1OC1C,-0.262,val
gdb_45434,O=C1CC2COC1OC2,-0.2322,val
gdb_77025,CN1C(C#N)C1CC#N,-0.2673,val
gdb_36348,N#CCC1CC12CCO2,-0.2407,val
gdb_39262,C1CC2CC23CC1CO3,-0.2216,val
gdb_3901,O=c1cccn[nH]1,-0.2416,val
gdb_83683,C#CC1C(O)C2OCC12,-0.2459,val
gdb_23218,CC1C(=NO)C2CC1O2,-0.2445,val
gdb_21504,NC(=O)c1ncon1,-0.2691,val
gdb_37176,C1OC23CC(C12)N1CC13,-0.2285,val
gdb_67348,CC12C(=O)OC3C1OC32,-0.2546,val
gdb_8391,OC1CC2(C1)CC2O,-0.2341,val
gdb_11105,C#CC1CC(=NC)O1,-0.2533,val
gdb_10888,CC12CC1C(=O)C2O,-0.2303,val
gdb_97860,CCC#CC1COCO1,-0.2483,val
gdb_93316,CC1COC(=N)C1C#N,-0.2777,val
gdb_65640,CC1(C=O)CC2COC21,-0.2459,val
gdb_78392,CC1C2C1C1C2C1(C)O,-0.2006,val
gdb_43705,O=C1CC2(C1)C1CC2C1,-0.2391,val
gdb_10158,C#CC(C=O)CCO,-0.2551,val
gdb_4587,Nc1cnc(O)cn1,-0.2064,val
gdb_29371,C#CCc1cc(C)c[nH]1,-0.195,val
gdb_84223,CC1N=C2NC3(C)C2C13,-0.2194,val
gdb_59547,CC(C)C1CC2OC21C,-0.2429,val
gdb_91688,CC1CC2CN1C2C=O,-0.2391,val
gdb_18158,CC1C2CC(CO)C12,-0.2474,val
gdb_110294,CCC1C(O)C2C(C)N12,-0.2231,val
gdb_15798,O=CCC(O)C1CC1,-0.2501,val
gdb_79848,CC12COC3C1C(O)C32,-0.2333,val
gdb_52584,CC#CC(C#N)N(C)C,-0.2362,val
gdb_133417,N#Cc1ncc(F)nn1,-0.2829,val
gdb_84649,O=C1C(O)C=CC2OC12,-0.2449,val
gdb_88957,CC1(CC2CC2O)CO1,-0.2547,val
gdb_65994,CC1(C2CC2)OCC1=O,-0.2536,val
gdb_123635,c1n[nH]c2c1CC1NC21,-0.2209,val
gdb_52292,O=CNCC1CNC1=O,-0.2491,val
gdb_99677,COC(C#N)C1COC1,-0.2603,val
gdb_116199,COC1COCC1(C)C,-0.243,val
gdb_122931,CCCCCC(C)C=O,-0.2439,val
gdb_85201,CN1CC(=O)C1CC#N,-0.2465,val
gdb_62071,CN(C=O)CCC1CC1,-0.2379,val
gdb_90136,OC1CC23CC=CC12N3,-0.2188,val
gdb_83442,C#CCC12CCC1C2C,-0.2457,val
gdb_47154,N#CCC1=CCNC1=O,-0.2608,val
gdb_34136,N#CC12CN3C1C=CC32,-0.2448,val
gdb_88358,C#CC(C#N)C1CN1C,-0.2469,val
gdb_105041,CC1(C2(CO)CN2)CC1,-0.2439,val
gdb_25366,C#Cc1ccc(C=O)[nH]1,-0.2241,val
gdb_61146,C#CCN(C)C(=O)C#C,-0.2537,val
gdb_43203,O=C1N2CCC2C12CO2,-0.2475,val
gdb_55346,NC(=O)C1COC1C=O,-0.2351,val
gdb_95547,CC1COC=NC2CC12,-0.2296,val
gdb_60857,CC(C=O)C1(C)COC1,-0.2449,val
gdb_32839,CCCc1cc(O)co1,-0.198,val
gdb_49878,N=C1OC(=O)CC1C=O,-0.2778,val
gdb_31077,COc1nc(N)oc1C,-0.1793,val
gdb_61987,CC(C#N)CNC(N)=O,-0.2665,val
gdb_15280,C#CCC1CC1C#N,-0.2714,val
gdb_116422,O=C1OCCCC1CO,-0.2565,val
gdb_77023,C#CCC1C(C#N)N1C,-0.2525,val
gdb_743,Cc1nnon1,-0.3198,val
gdb_44730,N#CC1CC2NC(=O)C12,-0.2616,val
gdb_97885,CCC#CCC(=O)NC,-0.2363,val
gdb_105798,CCC12C(C)C1C1CC12,-0.1997,val
gdb_116865,COCC#CC(C)(C)O,-0.2501,val
gdb_125875,CC1CC1c1ncno1,-0.2649,val
gdb_33286,C#CC#CC12CC(C1)C2,-0.2396,val
gdb_6855,CC1(O)C=CCCC1,-0.2437,val
gdb_22225,CC(=NO)C(C)OC=O,-0.2618,val
gdb_10854,CC1C=CC(C)CC1,-0.2357,val
gdb_30793,Cc1nc(N)oc1CO,-0.2041,val
gdb_80964,CC1C2CC1(O)C2C=O,-0.2409,val
gdb_55633,CC(=O)CC(C)(O)C#N,-0.2735,val
gdb_70439,CC12CC1CC2C1CO1,-0.2397,val
gdb_13173,N#CC(N)C1CCO1,-0.2624,val
gdb_83928,CN1C2CCCC21C=O,-0.2315,val
gdb_95102,C#CC12NC1COC2C,-0.2369,val
gdb_124004,C1=Cc2onnc2NC1,-0.2006,val
gdb_88883,N#CC(N)=NC1CC1O,-0.2452,val
gdb_20296,C1OC1C1C2CC1O2,-0.2383,val
gdb_10765,CCC(C)(O)C1CN1,-0.2342,val
gdb_68422,CC12CC(C1)NC2C#N,-0.2444,val
gdb_109329,CCC1=CCCC1C=O,-0.2309,val
gdb_84999,CC1=C(C)C(O)CC1=O,-0.233,val
gdb_22850,ON=C1CCOCOC1,-0.2468,val
gdb_70868,CC12CC3(O)C1C3(O)C2,-0.219,val
gdb_102837,O=COC(CO)C1CN1,-0.2575,val
gdb_107646,CCC12C=CCCC1N2,-0.2303,val
gdb_115183,O=C1OCC(CO)C1O,-0.2735,val
gdb_2671,COCC#CC#N,-0.2798,val
gdb_119414,CC12CCC1(CCO)N2,-0.2163,val
gdb_34769,C#CC1OC2C(C#C)C12,-0.2358,val
gdb_20170,C1CN2CC3OC1C32,-0.2156,val
gdb_116209,CCC1OCCC12CC2,-0.2401,val
gdb_27916,Oc1cc(O)cc(O)c1,-0.2134,val
gdb_125788,Cc1noc2c1CCC2,-0.2343,val
gdb_81118,N#CC12C=CC(C1)C2O,-0.2512,val
gdb_57380,CC(C)(C)C12CN(C1)C2,-0.222,val
gdb_39063,C1=NC2CCC23CC3O1,-0.2414,val
gdb_68867,OC12CC3OC3C1(O)C2,-0.232,val
gdb_85982,CN1CC(O)(C2CN2)C1,-0.2262,val
gdb_124291,CC(=O)c1nocc1C,-0.26,val
gdb_8708,CCC(C)(CC)CC,-0.2937,val
gdb_49015,O=CC12CCC1C1CN12,-0.2344,val
gdb_11416,CCC1COC(=N)C1,-0.2536,val
gdb_49303,O=CC1=CCCCC=C1,-0.2296,val
gdb_1124,CC(=O)OC(C)C,-0.2644,val
gdb_90234,OC1CC23COC12CN3,-0.2217,val
gdb_98905,O=C(CO)C1CCOC1,-0.2611,val
gdb_127066,CCOCc1cnon1,-0.2748,val
gdb_77670,CC12COCC1(C)C2O,-0.2382,val
gdb_111241,COC1C2COCC1C2,-0.2481,val
gdb_79189,CC1C(O)C2C3OC1C32,-0.236,val
gdb_29900,Cn1cnc(C(N)=O)c1,-0.2326,val
gdb_98183,CCC(=O)C(C)(C)CC,-0.2351,val
gdb_2136,CC1N=CNC1=N,-0.2315,val
gdb_7796,CC1CNCC(=O)N1,-0.215,val
gdb_69331,CC1(C#N)CC2(O)CC12,-0.2706,val
gdb_28456,Cc1ncc(C)c(C)n1,-0.2361,val
gdb_74182,CC1=CC(=O)CN2CC12,-0.2188,val
gdb_77929,CN1C2C(O)C1(C)C2O,-0.2136,val
gdb_63670,C#CCCC1OC1(C)C,-0.2577,val
gdb_48311,C#CC1(C=O)C2CN1C2,-0.2422,val
gdb_40721,C1CC1C1OC2CC1C2,-0.2376,val
gdb_2686,CC#CCCCO,-0.2409,val
gdb_45417,O=C1OC2C=CC1CC2,-0.2476,val
gdb_63749,CC1(C)CC2(COC2)O1,-0.2463,val
gdb_111100,CCC1C2CC(C)C1O2,-0.2389,val
gdb_113533,N=C1OCC12OC2CO,-0.2729,val
gdb_35310,N#CC1CC2(C#N)CC12,-0.2942,val
gdb_110569,COC1C2C3OC2(C)C13,-0.2269,val
gdb_77586,CC1C2(C)NC2C12CN2,-0.2201,val
gdb_113382,CCC1CC1(CO)CO,-0.2449,val
gdb_64497,OC1(C2CC2)C2CC1C2,-0.2559,val
gdb_129099,N=c1cnonnc1=N,-0.2497,val
gdb_43392,O=C1C=CC=CCC=C1,-0.2375,val
gdb_71100,C#CC12C3CC1(O)CN32,-0.2353,val
gdb_102523,C#CC(O)C(CO)OC,-0.2541,val
gdb_74682,NC1=NC2C=CCC2O1,-0.2203,val
gdb_122781,C#CC(=N)OCCCO,-0.2648,val
gdb_91442,O=CC1OC2CC(O)C12,-0.2511,val
gdb_128810,COCc1n[nH]c(=O)[nH]1,-0.2213,val
gdb_23954,C#Cc1ncoc1C#C,-0.2312,val
gdb_113108,COC1CC(CC=O)C1,-0.2449,val
gdb_102085,CC1(C(C=O)CO)CN1,-0.2442,val
gdb_49592,O=CC1C2CC2C2CN12,-0.2276,val
gdb_92600,CC1OC2CCCC12O,-0.2411,val
gdb_132163,N=c1nc(F)[nH]cc1N,-0.1948,val
gdb_21317,COCc1cn[nH]n1,-0.2554,val
gdb_76510,OC1C(O)C12CC1CN12,-0.2259,val
gdb_29342,C#Cc1c(C)c[nH]c1O,-0.1854,val
gdb_92654,CC1OC2CCOCC12,-0.2358,val
gdb_70001,OC12CC1C1CCC2C1,-0.2471,val
gdb_70632,C#CC1CCC2CC12C,-0.251,val
gdb_9147,CCC#CC(C)OC,-0.241,val
gdb_85449,CC1OC(=O)CC12CC2,-0.26,val
gdb_77936,CC1C2C(O)C1C2(C)O,-0.2423,val
gdb_65900,CC1(C(=O)C#N)CCN1,-0.2475,val
gdb_132379,Nc1cc(F)cc(O)n1,-0.2124,val
gdb_41033,C1OC23C4CC2(C4)NC13,-0.2045,val
gdb_124330,CC(=O)n1cnc(N)n1,-0.23,val
gdb_13698,CC1NC1C#CCO,-0.2435,val
gdb_123383,C#CCNc1cnon1,-0.2448,val
gdb_122800,COCCOC(=O)C=O,-0.2633,val
gdb_63955,CC1(O)CC2CCC1O2,-0.246,val
gdb_65708,CC1(CC=O)CC1C=O,-0.2515,val
gdb_20274,C1C2C1C1C3CC1C23,-0.2492,val
gdb_5632,OCc1c[nH]cc1O,-0.1938,val
gdb_15509,N=CN1CCOC1=O,-0.2554,val
gdb_51130,O=COC12CC1C1OC12,-0.2526,val
gdb_60210,CC(C)CC1OC2CC12,-0.2332,val
gdb_131019,C#Cc1cnn(C=O)n1,-0.2689,val
gdb_53760,N#CCCC#CC(N)=O,-0.2648,val
gdb_43103,N=C1C2OCC3CN1C32,-0.2377,val
gdb_40811,C1=CC(N2CC2)CCC1,-0.2276,val
gdb_96066,CC12CC1C(O)CCO2,-0.222,val
gdb_127689,Cn1nnc(=N)cc1N,-0.2026,val
gdb_108500,CCC12CCCC1CC2,-0.2703,val
gdb_99647,CNC(C#N)C1CN1C,-0.2383,val
gdb_88444,CC1OC1(C)C1CC1O,-0.2289,val
gdb_108987,CCC1=CC2CC1(C)C2,-0.2109,val
gdb_131818,OCCCn1ccnn1,-0.2574,val
gdb_45743,O=C1OC=NC12COC2,-0.2676,val
gdb_114574,CNC1CC2NC12C#N,-0.2275,val
gdb_17203,OC1C2OC1C21CO1,-0.2591,val
gdb_106817,COC12COCC1(C)C2,-0.2482,val
gdb_32126,CNc1ncnc(C)n1,-0.2371,val
gdb_128255,CNc1nnoc(=N)n1,-0.2429,val
gdb_9491,C#CC1(C)COC1C,-0.2491,val
gdb_133117,COc1ccccc1F,-0.2183,val
gdb_122590,CCCCN1CCC1=O,-0.2381,val
gdb_17802,CC(=O)C1C2CN1C2,-0.2406,val
gdb_127590,Cn1ncc(CC=O)n1,-0.2472,val
gdb_47725,O=C1CCCOC12CC2,-0.2307,val
gdb_4671,Cc1cn(C=O)cn1,-0.241,val
gdb_64826,CC1(NC(=O)C=O)CC1,-0.2476,val
gdb_40100,C1CC2CC3(CO3)C2C1,-0.2525,val
gdb_36121,C#CCC12CC=CC1O2,-0.2455,val
gdb_115551,COC1CCC1(O)C#N,-0.2619,val
gdb_86405,CC1CC2(CC2)C(C)O1,-0.2402,val
gdb_60650,CC(=O)N(C)C1COC1,-0.2385,val
gdb_42137,C1=NCCCOCCO1,-0.2509,val
gdb_81560,CC(=O)N1C2CC1C2O,-0.2371,val
gdb_82323,OC1C2CC2CC12CO2,-0.2479,val
gdb_99100,CC1(NC(=O)CO)CC1,-0.2538,val
gdb_44098,O=C1OC23CCC2OC13,-0.2584,val
gdb_72917,OC12COC1C1CN1C2,-0.235,val
gdb_118841,CCCC1(C)CC1CO,-0.255,val
gdb_109591,COC1C(C)C(O)C1C,-0.2448,val
gdb_80397,CC1(C)CC2C(O)C2O1,-0.2339,val
gdb_31958,CCc1cnc(CO)[nH]1,-0.2109,val
gdb_61233,C#CCC(C)C1OC1C,-0.257,val
gdb_112779,C#CC1C(C)CC1OC,-0.2399,val
gdb_17181,OCC12CC3C1CC32,-0.263,val
gdb_86528,CC1CC(C(=O)C=O)O1,-0.2428,val
gdb_35823,N#CC1NCC2OCC12,-0.2502,val
gdb_55599,N=C(CC(N)=O)NC=O,-0.248,val
gdb_88319,CC1CN1C(=O)CC=O,-0.2505,val
gdb_39575,C1=CC2CC(C1)N=CO2,-0.2439,val
gdb_6673,CC(=O)NCCC=O,-0.2473,val
gdb_103507,CC1(CO)C=CC2OC21,-0.2439,val
gdb_2547,O=CC(CO)CO,-0.2506,val
gdb_109905,CC1C=CC(=O)C1CO,-0.2476,val
gdb_44722,N#CC1CC2CC(=O)C12,-0.2555,val
gdb_56484,N#CC(O)C(=O)NC=N,-0.2779,val
gdb_7459,CC(O)C(C)C(C)O,-0.254,val
gdb_89120,CN1CC1CCCC=O,-0.2284,val
gdb_105326,C#CC1(OC)CC2OC21,-0.2527,val
gdb_107823,CCC12CCC3C1N3C2,-0.2199,val
gdb_60975,CC(C=O)C1NC1(C)C,-0.2458,val
gdb_62218,CC(C=O)OCCC#N,-0.2671,val
gdb_107537,N#CC1CC2OC12CO,-0.2806,val
gdb_101308,CCC(O)C1OC1C=O,-0.254,val
gdb_80738,CC1C2OC(C#N)OC12,-0.2722,val
gdb_78336,CC1C2N1C(=O)C21CC1,-0.2404,val
gdb_46244,C#CC1NC12COC2=O,-0.2611,val
gdb_8548,CC12CN3CC(O1)C32,-0.2109,val
gdb_86514,CC1CC(C(=O)C#N)N1,-0.2514,val
gdb_22662,CCC1=CC(=NO)CN1,-0.1823,val
gdb_33505,N#CC1(CC2CC2)CC1,-0.282,val
gdb_111061,CCC1N2CC1(CO)C2,-0.2218,val
gdb_68923,CC12COCOC1(C)C2,-0.2329,val
gdb_91295,C#CC1CC2CC(C)C12,-0.2471,val
gdb_102090,CCC(C=O)C1(O)CC1,-0.2429,val
gdb_80741,N#CC1CC2C(O)C2C1,-0.2656,val
gdb_74931,CC1=CC2CC3C1CC23,-0.218,val
gdb_67077,N#CC12CC3C(N1)C32N,-0.2399,val
gdb_59379,CC(O)C1CC(C#N)N1,-0.2445,val
gdb_87388,O=C1CC(O)C12CC2O,-0.2413,val
gdb_61392,C#CC(O)CC(C)(C)O,-0.2457,val
gdb_9102,O=COCC(O)C=O,-0.279,val
gdb_107241,CCC12CC1C1NC12C,-0.1979,val
gdb_19231,CC1C(C#N)C2CC12,-0.2792,val
gdb_77198,CC1C(C#N)OC1C#N,-0.3105,val
gdb_99770,CC(C)C(CO)C1CC1,-0.2522,val
gdb_124102,c1onc2c1COCO2,-0.2564,val
gdb_129019,c1cc2cnn[nH]c-2n1,-0.2335,val
gdb_133662,CC(C)NCC(F)(F)F,-0.2339,val
gdb_55329,C#CC1OCC1C(N)=O,-0.2449,val
gdb_95650,CC1OCOC(=O)C1C,-0.2632,val
gdb_21516,N#Cc1cn[nH]c1N,-0.2311,val
gdb_94239,CC1OCC1(C)CC=O,-0.2523,val
gdb_88516,CC1NC1C1(C=O)CO1,-0.2539,val
gdb_92265,CC12C=CCC1CC2O,-0.2367,val
gdb_118760,CN1CC(O)(CCO)C1,-0.2229,val
gdb_94399,CC1CCC12COC2=O,-0.2643,val
gdb_12091,CC1NC1C1(C)CO1,-0.2449,val
gdb_90189,CC1OC23CN4C2C1C43,-0.2377,val
gdb_125133,Cc1oncc1OC=O,-0.263,val
gdb_21182,CNc1cnnn1C,-0.2112,val
gdb_89447,CC1CC2(C)CC=CC12,-0.2327,val
gdb_58190,CC(O)C(O)C(C)(C)O,-0.2459,val
gdb_133651,CC(O)C(=O)C(F)(F)F,-0.2848,val
gdb_56677,C#CC(O)C1(C)CCC1,-0.2611,val
gdb_63230,CC1(C)C=CCC2CC21,-0.2353,val
gdb_115030,N#CC1N=CNC1CN,-0.2392,val
gdb_35981,N#CC1COCCOC1,-0.2672,val
gdb_10511,O=CCC1(CO)CC1,-0.2541,val
gdb_104111,CC1(CO)OCC(=O)O1,-0.2652,val
gdb_62804,CC1(O)C2CC(C=O)C21,-0.2414,val
gdb_88668,CC1OC1C1CC(O)C1,-0.2559,val
gdb_130593,O=C1C=Cc2ccnn21,-0.2464,val
gdb_39343,C1CC23NC2COC3O1,-0.2517,val
gdb_91272,CC1CC2OC(=O)NC12,-0.2568,val
gdb_69077,CC12CC1(C=O)OC=N2,-0.2556,val
gdb_69104,N#CC12CC1(N)CCO2,-0.2363,val
gdb_116067,CCC1CCCC(=O)N1,-0.233,val
gdb_105534,COC1(C2CC2)CCC1,-0.2405,val
gdb_28368,Cc1ncc(C)c(=O)o1,-0.2488,val
gdb_125722,Cc1noc(C2CC2)n1,-0.2609,val
gdb_21125,CN=c1cnonn1,-0.2571,val
gdb_12688,CC1=C(C)C(C)OC1,-0.2194,val
gdb_85068,O=C1CC(O)C(O)C1O,-0.2575,val
gdb_81180,CC1N2CC1(OC=O)C2,-0.2571,val
gdb_100594,CCC(O)C(=O)NC=O,-0.2649,val
gdb_133037,CCc1ccc(F)cn1,-0.2474,val
gdb_95051,CC1OCC2OC(=N)C12,-0.2619,val
gdb_4962,Cc1cccnc1N,-0.2079,val
gdb_74383,CC1=CC2(C)C3CC1C32,-0.2076,val
gdb_117581,C#CC(CCO)C1CO1,-0.2561,val
gdb_117443,C#CCNC(=O)CCO,-0.2494,val
gdb_109424,O=C1C=CC(=O)C1CO,-0.2596,val
gdb_81641,CC1=CC2CC(C1)C2O,-0.2311,val
gdb_38820,C1=NCC2CC3CC23O1,-0.2376,val
gdb_63249,CC1(C)C=CCOC=N1,-0.2385,val
gdb_57772,CC(C)C#CC1(C)CC1,-0.2246,val
gdb_77864,CC1C2C(C#N)C2N1C,-0.2153,val
gdb_17811,CC(C)C1C2CC1O2,-0.2327,val
gdb_16606,O=C1CC2OC2C1=O,-0.2442,val
gdb_123025,CCOCCC1CC1C,-0.2473,val
gdb_70228,CC12C=C(C#N)CC1C2,-0.2465,val
gdb_45792,O=C1CC=CC2CC1O2,-0.2363,val
gdb_6490,CC1(CC(N)=O)CC1,-0.2367,val
gdb_59395,C#CC1(C)OC1C(C)C,-0.2564,val
gdb_107799,COC12CC3C(C1O)C32,-0.2264,val
gdb_81773,CC1(O)C(O)C2OC21C,-0.2363,val
gdb_7182,CCCC(O)CC=O,-0.2427,val
gdb_60601,OC(C1COC1)C1CO1,-0.2419,val
gdb_4729,N#Cc1nc(N)c[nH]1,-0.2123,val
gdb_94662,N=COCC1CCC1O,-0.2611,val
gdb_96697,C#CC(=NC)OC(C)=O,-0.2676,val
gdb_41788,C1=CC2CCC(C=C1)O2,-0.2166,val
gdb_87925,CC1NC12COC(=N)C2,-0.2541,val
gdb_119336,OCCC12C3C4C3N1C42,-0.2129,val
gdb_86433,CC1=NC(C)CC(C)O1,-0.2375,val
gdb_98054,CC(=O)C(=O)C(=O)CO,-0.2533,val
gdb_125223,Cc1cc(C2CN2)n[nH]1,-0.2172,val
gdb_30610,O=C(CO)c1ccc[nH]1,-0.2241,val
gdb_129657,Nc1cnoc(=O)c1N,-0.2142,val
gdb_126917,CCNc1cc(C)n[nH]1,-0.1939,val
gdb_74275,CC1=CC(C)(C)NC1=O,-0.2385,val
gdb_16790,O=C1CC(=O)C2OC12,-0.2625,val
gdb_35871,N#CC1NCCC12CN2,-0.2531,val
gdb_43536,N#CC1OC(=N)C12CN2,-0.2805,val
gdb_104853,CCC1(CO)CCC1C,-0.2606,val
gdb_35274,C#CC1NC1CC1CO1,-0.2485,val
gdb_93112,OC1CN=COC12CC2,-0.2481,val
gdb_76115,C#CC1C(O)C2(C)OC12,-0.2454,val
gdb_108539,COC12COC3C1NC32,-0.2364,val
gdb_88180,CC1CC12C=CCCC2,-0.2178,val
gdb_56525,C#CC(C)(O)C(O)C#N,-0.278,val
gdb_41709,C1=NC23CCCC2C3O1,-0.2327,val
gdb_49778,C#CC1OC=NC1C=O,-0.254,val
gdb_21649,Nc1ncc(=O)[nH]n1,-0.2197,val
gdb_8818,C#CC(O)C(=O)CC,-0.2604,val
gdb_76954,O=CC1C(O)C12CCC2,-0.2389,val
gdb_117195,CCNC(=O)C1(C)CC1,-0.2392,val
gdb_125021,Cc1cnoc(=O)c1N,-0.2258,val
gdb_126243,CCc1onnc1NC,-0.2096,val
gdb_93711,CC1CCC(C)(C#N)C1,-0.3056,val
gdb_92386,C#CC12NCC1NC2C,-0.2209,val
gdb_85338,CC1CC(N)=CC(=N)O1,-0.2045,val
gdb_59827,C[NH+](C)CC#CC(=O)[O-],-0.2119,val
gdb_114236,CCC1CC2(CC2C)O1,-0.2194,val
gdb_35446,C#CC1CC2NC12C#N,-0.2576,val
gdb_102163,C#CCC(CO)C(C)O,-0.2476,val
gdb_89900,OC1CC2(C1)CC1CC12,-0.2431,val
gdb_131572,OCC#Cc1cnoc1,-0.2439,val
gdb_123372,C#CCNc1c[nH]nn1,-0.2099,val
gdb_76640,CC1C(C2CCC2)N1C,-0.21,val
gdb_22421,CC12CC(=NO)C(C1)O2,-0.2441,val
gdb_95120,CC1CCC2CC12C=O,-0.2449,val
gdb_127102,Cc1n[nH]cc1N(C)C,-0.1906,val
gdb_40590,C1CC1N1C2C3OC2C31,-0.2272,val
gdb_121467,OCCN=C1CCCO1,-0.2392,val
gdb_26783,C#Cc1cc(O)c(C)[nH]1,-0.1823,val
gdb_964,Cc1occc1N,-0.1862,val
gdb_84154,CC1=CC(C)C2OC2C1,-0.2331,val
gdb_45718,N#CC1C=CCC(=N)O1,-0.2756,val
gdb_37363,C1CC2CC(O1)C1OC21,-0.2399,val
gdb_88380,CC1OC1C(C)(N)C#N,-0.2636,val
gdb_126222,CCc1[nH]nc(N)c1N,-0.1843,val
gdb_61752,CC(NC=O)C(=O)C=O,-0.2596,val
gdb_51943,O=CCC#CCCC=O,-0.2526,val
gdb_45592,O=C1CC2OCOCC12,-0.2467,val
gdb_86335,CC1CC(C)C1C1CO1,-0.2584,val
gdb_70327,CC12CC1CC1CC12O,-0.2349,val
gdb_97806,CCC1NC1C#CCO,-0.2431,val
gdb_95425,CC1CC(C=O)=CCO1,-0.251,val
gdb_73332,CC12OCC3=CCC1C32,-0.2169,val
gdb_8732,C#CC(C)C(C)C#C,-0.2555,val
gdb_81196,OC1C2OC13C=CCC23,-0.2353,val
gdb_76193,CC1(C)C(O)C12CCO2,-0.2192,val
gdb_26851,Cc1cnc(=O)oc1C,-0.246,val
gdb_49179,O=CC1=CN2CC2CC1,-0.2377,val
gdb_60719,CC(=O)C(=O)N(C)C=N,-0.2489,val
gdb_53070,CC#CC1=CNC(=O)C1,-0.2008,val
gdb_90300,CC1CC2=CC3NC3C21,-0.2235,val
gdb_24478,c1nc2ccocc-2n1,-0.246,val
gdb_96441,CC1CCCCC2CC12,-0.2533,val
gdb_29959,Cn1cnc(C=O)c1N,-0.215,val
gdb_110134,COC1C(C=O)C1CO,-0.2467,val
gdb_22753,CC1(O)C(=NO)C2OC21,-0.2541,val
gdb_94714,CC1CCC2(O)CC2C1,-0.245,val
gdb_8752,C#CC(=O)N(C)C=N,-0.2579,val
gdb_80666,O=C1NC2CC(C2)C1O,-0.2445,val
gdb_80173,CC1C(=O)OC2C(O)C12,-0.2662,val
gdb_88704,C#CC1NC1C1NC1C,-0.2381,val
gdb_118351,CCCC(C=O)C1CN1,-0.2485,val
gdb_111663,COC1C2COC(=N)C21,-0.2436,val
gdb_63745,CC1(C)CC2(CCC2)C1,-0.2613,val
gdb_114225,COC1C=CC2(CC2)O1,-0.2265,val
gdb_60957,N=C1CC(C(O)C=O)O1,-0.2727,val
gdb_127056,CCOCc1c[nH]nn1,-0.2477,val
gdb_20207,C1CC2C3CCC1C23,-0.2581,val
gdb_65405,C#CCC1CC1(C)C#N,-0.2711,val
gdb_24099,N#CCNc1cc[nH]c1,-0.1946,val
gdb_71278,O=C1CN2C3CC1(O)C32,-0.2447,val
gdb_22938,CC12CC1OCC2=NO,-0.2305,val
gdb_117049,CCNC(=N)C(=O)OC,-0.2242,val
gdb_109548,CCC1C(O)C(=O)C1O,-0.2581,val
gdb_12396,CN1CCCOC1=O,-0.2397,val
gdb_54232,CC1(C(N)=O)COC1=O,-0.2602,val
gdb_72252,CC12OC3CCC1C32C,-0.2155,val
gdb_37596,C1C2CN3C4C1CC2C43,-0.2254,val
gdb_122503,O=CC1CC1CCCO,-0.2452,val
gdb_30991,Nc1[nH]c(=O)oc1CO,-0.1962,val
gdb_45629,O=C1CN=C(C2CN2)O1,-0.2647,val
gdb_63041,CC1(C)C2NC3C2OC31,-0.2268,val
gdb_86173,N#CC1=CC(O)CC1N,-0.2464,val
gdb_36354,N#CCN1CC12CCC2,-0.2503,val
gdb_102390,CNC(C#N)(CO)CO,-0.2553,val
gdb_7479,CC1(CC=O)COC1,-0.2493,val
gdb_87143,CC1NC1(C)C1(C)CO1,-0.2442,val
gdb_126196,CCc1c(O)n[nH]c1C,-0.2106,val
gdb_86526,N#CC(=O)N1CC(O)C1,-0.269,val
gdb_38936,C1CC2CC3CC2C3C1,-0.2741,val
gdb_72016,O=C1C2CN3CC2(O)C13,-0.2408,val
gdb_87920,CC1CC12COC(=O)C2,-0.2595,val
gdb_82523,CC12C(O)C1CC21CC1,-0.2354,val
gdb_132631,Nc1cnc(O)c(F)n1,-0.2097,val
gdb_19510,O=CC1C2CCOC12,-0.2387,val
gdb_119081,CCCC1(OC)CCC1,-0.2413,val
gdb_39407,C1CC2OC3C(C1)OC23,-0.2421,val
gdb_1891,CC1CCC(O)C1,-0.2545,val
gdb_84085,CC1=CC(O)C(O)C1O,-0.2557,val
gdb_44910,O=C1CC2CC=CC1O2,-0.232,val
gdb_127777,Cn1nnc2cnoc21,-0.262,val
gdb_87830,CC1NC12CC1OC12C,-0.2379,val
gdb_26725,Nc1c(C=O)coc1O,-0.2065,val
gdb_123863,c1nc2n(n1)CCCC2,-0.2468,val
gdb_107125,CCC12CC1C1(C)OC21,-0.221,val
gdb_114609,O=CC12CN1CC2CO,-0.2472,val
gdb_33249,OCCCc1c[nH]cn1,-0.2172,val
gdb_33299,N#CC#CC12CCC1C2,-0.253,val
gdb_5719,c1[nH]cc2c1OCO2,-0.1928,val
gdb_101372,COC(C)C1CC2CC21,-0.2392,val
gdb_67134,CC12C(=O)C3CC1C32C,-0.2287,val
gdb_131171,Oc1cn[nH]c1N1CC1,-0.2038,val
gdb_132376,Nc1cc(O)cc(F)c1,-0.2054,val
gdb_121249,COCC1OCC1OC,-0.2445,val
gdb_2198,CC1CN(C)C1=O,-0.24,val
gdb_103275,CC1CC2C1C2(C)CO,-0.2475,val
gdb_52278,N=COCC1OCC1=O,-0.2604,val
gdb_65775,CC1(CC=O)COCO1,-0.2449,val
gdb_38977,C1COC23CC2CC3O1,-0.2251,val
gdb_42149,N#CC(=O)C#CC1CC1,-0.2837,val
gdb_61190,C#CCC(O)C(N)C#N,-0.2644,val
gdb_40446,C1OCC2(C3CO3)CC12,-0.2524,val
gdb_18901,CC12C3CC1N1C3C12,-0.2204,val
gdb_86383,CC1CC(O)C2(C)CN12,-0.2259,val
gdb_65285,CC1(C#N)CC12COC2,-0.2585,val
gdb_14891,N#CC1=NCCCO1,-0.2766,val
gdb_39547,C1=CC2C3C4C2N(C1)C34,-0.2057,val
gdb_131852,OCCNc1cn[nH]c1,-0.1843,val
gdb_43637,N=C1C=CC(C2CN2)O1,-0.2469,val
gdb_4861,COc1ncc(C)[nH]1,-0.1927,val
gdb_76108,CC12CC1C(C#N)C2O,-0.2708,val
gdb_120835,N=COC1CC1CCO,-0.2576,val
gdb_44850,O=C1CC2CC1C1CC21,-0.2278,val
gdb_96140,CC1OCCC2CC1C2,-0.2451,val
gdb_9214,CNC(=O)COC=O,-0.2631,val
gdb_115695,NC(=O)C1COC1CO,-0.2474,val
gdb_49367,O=CC1C(C=O)N1C=O,-0.2612,val
gdb_35949,C#CC1C=CCOCO1,-0.2571,val
gdb_29413,Nc1c[nH]c(NC=O)c1,-0.1714,val
gdb_5881,CC(C)(C)C#CCO,-0.2406,val
gdb_24302,c1ncn2c1C1OC1C2,-0.2238,val
gdb_31663,CNc1cn(C)cc1C,-0.1672,val
gdb_28195,Oc1nc2ccoc2[nH]1,-0.1903,val
gdb_97679,CCC#CC1(CC)CN1,-0.2263,val
gdb_65648,O=CC1(O)CC2OCC21,-0.2507,val
gdb_35627,N#CC1N=CNC1C#N,-0.2757,val
gdb_53272,CC#CC1CC1C(C)=O,-0.231,val
gdb_14326,O=C1CC2CCC2N1,-0.2383,val
gdb_67905,CC12OC(=N)C1C1OC12,-0.2604,val
gdb_36037,C#CCC1(C2CN2)CO1,-0.2485,val
gdb_80124,CN1C2C=CCC21C=O,-0.2372,val
gdb_130514,c1cc2nccc-2on1,-0.2378,val
gdb_93743,CC1=C(C)CC(C)CC1,-0.2166,val
gdb_118432,CCCC(OC)C(N)=O,-0.2365,val
gdb_115926,COC1CCC2CC2O1,-0.2321,val
gdb_41002,C1C2N3CC4OCC42C13,-0.2373,val
gdb_65457,C#CC1(O)CC1OC=N,-0.2476,val
gdb_16276,O=CC12OC1CC2=O,-0.2563,val
gdb_89391,CC1CC2(C)CN2C1=O,-0.2435,val
gdb_34198,C#CC12CC3CN(C1)C32,-0.2119,val
gdb_18439,CC1OC2C(C#N)C12,-0.2583,val
gdb_28,O=CC=O,-0.2668,val
gdb_98769,COC(=O)C1CC2CN21,-0.2388,val
gdb_49050,O=CC12CCN1CC2=O,-0.2474,val
gdb_14104,CC1OCC12CN2C,-0.2339,val
gdb_47650,N=C1OCC=CCCO1,-0.2582,val
gdb_76348,CC1C(O)C(C=O)C1O,-0.2501,val
gdb_59735,CC(C)C1CCOC1=N,-0.2558,val
gdb_32371,O=c1ncc(CO)co1,-0.2529,val
gdb_55248,NC(=O)C1COC(=O)N1,-0.2638,val
gdb_17128,O=C1CC(C2CO2)O1,-0.2779,val
gdb_59938,CC(C)CC(C)(N)C#N,-0.2643,val
gdb_16484,CC12C(O)C3CN1C32,-0.2309,val
gdb_68450,OC12CN=COC(C1)C2,-0.2418,val
gdb_41450,C1OC2C3CC24OCC134,-0.2366,val
gdb_503,O=CCNC=O,-0.2579,val
gdb_47287,N=C1CCC(=N)OCO1,-0.2723,val
gdb_91921,CC1CN2CC2C(C)O1,-0.2167,val
gdb_40486,C1OC1C12NC3C1NC32,-0.2298,val
gdb_37787,C1=CC2CC3C(C1)C3C2,-0.2267,val
gdb_9899,CC1(C#CCO)CO1,-0.2562,val
gdb_125795,Cc1noc2nc[nH]c12,-0.2328,val
gdb_52707,CC#CC(O)CC(C)C,-0.2469,val
gdb_46012,C#CC1=CCC(=O)CC1,-0.2359,val
gdb_118339,CC(C)N(C=O)CCO,-0.2421,val
gdb_7767,CN1CC=CC(=O)C1,-0.2212,val
gdb_93044,CC1CC=CC2OCC12,-0.2357,val
gdb_38717,C1CC2CC3CC3(C1)O2,-0.239,val
gdb_69679,C#CC1C2C3NC3(C)C12,-0.2007,val
gdb_103371,CCC1(C)C2COC1C2,-0.2339,val
gdb_4823,Cc1cnc(CN)o1,-0.2259,val
gdb_43248,O=C1C=C2NC3CC1C23,-0.2348,val
gdb_99054,CCC(=O)CC(O)C#N,-0.2641,val
gdb_126466,CCc1cc(CO)on1,-0.2525,val
gdb_99670,CNC(C#N)C1CCO1,-0.2456,val
gdb_39434,C1CC23CC2COCC13,-0.2448,val
gdb_50678,C#CC1COCC1C=O,-0.2474,val
gdb_46594,O=C1NCC23CCC12C3,-0.2289,val
gdb_73603,C#CC1C2OCOC12C,-0.2295,val
gdb_33242,CCOCc1ccoc1,-0.2178,val
gdb_112687,COC1CC(=O)N(C)C1,-0.2346,val
gdb_125863,CC1C=Cn2nccc21,-0.2176,val
gdb_78616,OC1C2C3C(O)C2(O)C13,-0.2475,val
gdb_60452,CC(O)COCC(C)O,-0.2372,val
gdb_20391,c1n[nH]c2c1CCO2,-0.2026,val
gdb_90045,CC1OC23CC(O)(C2)C13,-0.2381,val
gdb_116405,COC1CCCCC1=O,-0.2275,val
gdb_94855,OC1CCC2(CCC2)C1,-0.2529,val
gdb_47309,O=C1CCCC(=O)OC1,-0.2514,val
gdb_18966,OCC1C2C3CC2C13,-0.2612,val
gdb_124178,CC#Cc1nonc1N,-0.2408,val
gdb_89370,CC1CC2(O)C=CC1C2,-0.2369,val
gdb_22865,NC1=NCC(=NO)C1O,-0.2339,val
gdb_80609,CC1(C)C2CC(C2)C1O,-0.2581,val
gdb_3556,OC1C2CN3C1C23,-0.2343,val
gdb_51670,O=CCN1CC2OCC21,-0.2298,val
gdb_4529,Nc1nc(O)c(N)o1,-0.1866,val
gdb_130165,N=COc1cc(N)n[nH]1,-0.2087,val
gdb_30857,CNc1oc(C)nc1O,-0.1863,val
gdb_133082,COc1cccc(F)n1,-0.2308,val
gdb_18692,O=C1OCCC2CN12,-0.2613,val
gdb_104004,COC1(C)CC2NC21C,-0.2205,val
gdb_31806,CCc1cnc(C)nc1,-0.2394,val
gdb_67520,CC12C(=O)CC1C1CC12,-0.2259,val
gdb_48031,N#CC(=O)CC#CC=O,-0.2816,val
gdb_97954,CC(=O)OCC#CCO,-0.2579,val
gdb_111053,CCC12CC(O1)C2OC,-0.2299,val
gdb_83299,CN1C(=O)C2CC1CO2,-0.2299,val
gdb_45696,O=C1CN=C2OCC2O1,-0.2627,val
gdb_58618,CC(O)C1(C(N)=O)CN1,-0.2369,val
gdb_14621,N#CCCCOC=O,-0.2915,val
gdb_23111,O=CC1NC=CC1=NO,-0.2025,val
gdb_50702,O=CC1NCCN2CC12,-0.2237,val
gdb_88909,O=CC#CCC1CC1O,-0.2602,val
gdb_107579,CCC12CC1OCC2=O,-0.2357,val
gdb_15945,OCC12CCC1CC2,-0.2592,val
gdb_45328,O=C1OC2CN=COC12,-0.2672,val
gdb_111280,CC1C(CO)C2OC12C,-0.2432,val
gdb_115261,N#CC1=CC(CO)CC1,-0.2576,val
gdb_13500,CC(C)C1COC1C,-0.2394,val
gdb_32312,COc1nccoc1=O,-0.2351,val
gdb_35096,C#CC1C=CC=CC=C1,-0.221,val
gdb_93425,CC1COC(=O)C=CN1,-0.2166,val
gdb_29238,Cc1c[nH]c(=O)[nH]c1=O,-0.2402,val
gdb_133803,COCC(O)C(F)(F)F,-0.2674,val
gdb_74391,CC1=CC2(O)C3CC2C13,-0.2132,val
gdb_95803,CC1COCC(C)C1C,-0.2382,val
gdb_73081,O=C1C=CC2NCC12O,-0.2353,val
gdb_30278,CC1COc2[nH]ccc21,-0.1712,val
gdb_101546,CC(CO)NC(=N)C=O,-0.231,val
gdb_6720,CC(O)CCOC=N,-0.258,val
gdb_99690,CC#CC(CO)C(C)=O,-0.2417,val
gdb_98948,C#CC(=N)NC(=O)CO,-0.2472,val
gdb_73018,OC12COC1C21CCO1,-0.2196,val
gdb_23335,O=CC1C2CC1C2=NO,-0.2407,val
gdb_78344,O=C1C2C(O)C2C12CN2,-0.2344,val
gdb_119347,OCCC12C3CC1N2C3,-0.2328,val
gdb_63339,CC1(C)OC(=O)CC1=O,-0.2572,val
gdb_62010,N#CC(N)COC(N)=O,-0.2775,val
gdb_128913,N#CCCc1cn[nH]n1,-0.2782,val
gdb_103502,OCC1(O)C2COCC21,-0.2394,val
gdb_115645,CCC1OCC12CCO2,-0.2453,val
gdb_45384,C#CC12NCC1OC2=N,-0.2429,val
gdb_41998,C1CN=C2OCCN2C1,-0.211,val
gdb_93202,O=C1CC(O)CNC1=O,-0.2427,val
gdb_88939,O=CC(=O)CC1CC1O,-0.2446,val
gdb_68007,CC12CC(C)(C1)C(=N)O2,-0.2517,val
gdb_49098,C#CC1=C(C=O)CCC1,-0.2445,val
gdb_22110,COC(=O)CC(C)=NO,-0.2439,val
gdb_110154,CCC1C(=N)OC1C#N,-0.2897,val
gdb_75242,CC1=CCC2(CC2)OC1,-0.2343,val
gdb_15456,N#CC1=CCOC1=N,-0.2708,val
gdb_13871,CC(O)C1=CCOC1,-0.2306,val
gdb_77265,CC1C(C#N)C1OC=O,-0.2901,val
gdb_126751,CCn1cnn(C)c1=O,-0.2137,val
gdb_113442,CCC1OC12CN(C)C2,-0.2132,val
gdb_24434,c1cc2c([nH]1)NCCN2,-0.1658,val
gdb_131478,OC1CC1c1ccno1,-0.2366,val
gdb_50479,C#CC1=CC(C=O)CC1,-0.2368,val
gdb_119648,OCCC12CC3C1N3C2,-0.2332,val
gdb_76979,O=CC1C(O)C1C1CN1,-0.2392,val
gdb_84345,CC1C(C#N)N=CN1C,-0.2328,val
gdb_48500,O=CC12C3CN4C3C1C42,-0.236,val
gdb_1773,N#CC1(O)CC1N,-0.242,val
gdb_44465,O=C1CC2C3CC2(C3)N1,-0.2433,val
gdb_38935,C1OC2CN3CC(O1)C23,-0.2184,val
gdb_63800,CC1(C)OC2C3CC1C32,-0.2228,val
gdb_25647,CC#Cc1nc(N)co1,-0.198,val
gdb_84414,CN1C=CC(C=O)C1=O,-0.2221,val
gdb_61756,CN(CC=O)C(=O)C=O,-0.2569,val
gdb_41574,C1OC2OC1C1CCC21,-0.2519,val
gdb_73232,CC12OCC1OCC2=O,-0.2365,val
gdb_114379,O=CN1C2CC(CO)C21,-0.2408,val
gdb_3328,OCC1CN2CC12,-0.2311,val
gdb_62712,CC1(C)C2C3COC2C31,-0.2331,val
gdb_70492,C#CC1=CCC2CC12C,-0.2188,val
gdb_22676,OCC1CC(=NO)CO1,-0.254,val
gdb_105701,O=CNCC1(CO)CC1,-0.2512,val
gdb_75274,CC1=CCC2C1C2(C)C,-0.2138,val
gdb_119422,CCOC12CCC1(C)C2,-0.2371,val
gdb_28025,C#CCc1coc(N)c1,-0.1872,val
gdb_106396,OCC12CC(O1)C1CC12,-0.2592,val
gdb_96990,CN=C1NC2COC12C,-0.2242,val
gdb_78451,CC1C2CC1N1C(C)C21,-0.2136,val
gdb_49368,C#CC1CC(=N)N1C=O,-0.2609,val
gdb_106267,CCC12CC(O)(C1)C2=O,-0.237,val
gdb_99036,CN=C(C)NC(=O)CO,-0.2507,val
gdb_107801,COC12CN3C(C1C)C32,-0.2234,val
gdb_131484,OC1CC1c1conn1,-0.249,val
gdb_124030,c1nnnnc1C1CO1,-0.2615,val
gdb_118856,COC1CC1(O)CCO,-0.2274,val
gdb_124529,CC(C)c1ncnnn1,-0.251,val
gdb_41407,C1CC2OCC23OCC13,-0.2482,val
gdb_117524,C#CC(COC)C(C)=O,-0.2458,val
gdb_112839,CCC1CC(O)C2NC12,-0.2354,val
gdb_29462,Nc1c[nH]c2ocnc12,-0.1823,val
gdb_82777,CC1C2CC3C4C2C1N34,-0.2178,val
gdb_110375,CCN1C2C3COC3C21,-0.2182,val
gdb_71779,CC12CC3C4CC1C4C32,-0.2456,val
gdb_90209,CC1OC23CN4C2CC143,-0.218,val
gdb_126748,CCn1cnc(CO)n1,-0.2523,val
gdb_60835,CC(C=O)C(C=O)C=O,-0.2534,val
gdb_101485,COC(C)C1CCOC1,-0.2476,val
gdb_41049,C1CC23C4CC12C1C3N14,-0.2155,val
gdb_74132,CC1=CC(=O)OC(=N)C1,-0.2732,val
gdb_11904,CC1C=CC2(CC2)O1,-0.2093,val
gdb_123443,C1NC1Cc1nnon1,-0.2586,val
gdb_17525,OCC12CC3C(C1)N32,-0.2412,val
gdb_129485,NC(=O)n1cc(N)cn1,-0.2077,val
gdb_70239,N#CC1=CC2(O)CC2C1,-0.2509,val
gdb_72322,CC12CC=C3COC1C32,-0.2174,val
gdb_63329,CC1(C)CC(=O)NC1=O,-0.2555,val
gdb_42592,O=C1C2OC3C1C1C2C31,-0.2267,val
gdb_98675,O=C(CO)C1CC(O)C1,-0.2543,val
gdb_39236,C1CC2CN2CC2NC12,-0.2206,val
gdb_3699,Cc1n[nH]cc1N,-0.1916,val
gdb_23451,CN1C2C=CC(=NO)C21,-0.2314,val
gdb_74818,CC1=CC2NC2(C#N)C1,-0.2478,val
gdb_128866,N#CC#Cc1ncno1,-0.3,val
gdb_53961,CC(O)(C(N)=O)C1CN1,-0.2372,val
gdb_120952,COCC1CC2CC1C2,-0.2497,val
gdb_67449,OC12C3CC=CC1C2O3,-0.2171,val
gdb_97741,OCC#CC1C(O)C1O,-0.2359,val
gdb_66662,C#CC12C3C4C1C4(C)C32,-0.214,val
gdb_78298,CN1C2C1C1(O)CC21O,-0.203,val
gdb_61919,CC(CCC#N)N1CC1,-0.2413,val
gdb_35522,N#CC1CN2CCC1C2,-0.2409,val
gdb_120485,CCCC1OC(C)C1O,-0.2476,val
gdb_132041,O=c1ncoc(F)c1F,-0.2735,val
gdb_60892,CN(C=O)C12CN(C1)C2,-0.2468,val
gdb_28397,Nc1cnc(O)oc1=O,-0.2102,val
gdb_18190,N#CC1N=CN2CC12,-0.2716,val
gdb_57870,CC(O)C(=N)N(C)C=O,-0.2598,val
gdb_94258,N#CC1(C=O)NCC1O,-0.2653,val
gdb_130417,N=c1nc(CN)nn[nH]1,-0.2496,val
gdb_91085,OC1CC2C1=CC1OC12,-0.2425,val
gdb_84501,OC1C=CC2(CC2)C1O,-0.2406,val
gdb_53985,C#CC(C)(C=O)C(C)=O,-0.2522,val
gdb_37715,C1=CC23OC4C2C(C1)C43,-0.2188,val
gdb_53410,CC#CC1CCC2NC12,-0.226,val
gdb_40700,C1NC1C1NC1C1CN1,-0.2331,val
gdb_3239,C1CC1CC1CC1,-0.266,val
gdb_90655,CC1CC2C1C2(O)C=O,-0.2492,val
gdb_24199,c1cc2c(o1)C1CN2C1,-0.1989,val
gdb_38751,C1OC2CC3CC1C3C2,-0.2365,val
gdb_108337,CCC12OCC1C1CC12,-0.2399,val
gdb_65471,O=COC1CC1(O)C=O,-0.2682,val
gdb_5207,CC#Cc1cnc[nH]1,-0.2083,val
gdb_52684,CC#CC(O)C1CC1O,-0.2336,val
gdb_78805,CC1C2C3C(O)C1(C)N23,-0.2452,val
gdb_107427,CCC12NC1CC1OC12,-0.2333,val
gdb_119896,OCCC1=CCOCC1,-0.2357,val
gdb_21986,O=[N+]([O-])c1ncon1,-0.3151,val
gdb_133532,CC1(C(F)(F)F)CCC1,-0.3091,val
gdb_120074,CCOC1C2C3OC2C13,-0.2305,val
gdb_36806,N#CCNCCC1CO1,-0.2505,val
gdb_122025,COCC(O)CCCO,-0.258,val
gdb_115007,COC1CC=CC1(C)O,-0.2438,val
gdb_46099,N#CCC1=CC(=O)NC1,-0.2546,val
gdb_41189,C1CC2CC3(C1)CCC23,-0.2235,val
gdb_131846,OCCN=c1ocno1,-0.2529,val
gdb_52137,O=COCC1=CCOC1,-0.2424,val
gdb_108470,CC1OC2COC12CO,-0.2492,val
gdb_93153,CC1CC=CCOC1=O,-0.2579,val
gdb_53153,CC#CC1C2NC1C2=O,-0.2408,val
gdb_118001,CCCC(N)C(N)C#N,-0.2376,val
gdb_64368,CC1(C)OCCC12CC2,-0.2374,val
gdb_39772,C1CC12C1OC2C2OC21,-0.2371,val
gdb_125189,Cc1[nH]cc2onnc12,-0.2117,val
gdb_47077,O=C1COC2CCC=C12,-0.2371,val
gdb_20126,OC(C1CC1)C1CN1,-0.2371,val
gdb_109,N#CCC#N,-0.3494,val
gdb_34377,C#CC12C=CCC1CC2,-0.243,val
gdb_113853,CCC1OC1C1COC1,-0.2487,val
gdb_32635,CCn1cnc(O)c1O,-0.1766,val
gdb_115361,CCC1C=CC(C)CC1,-0.2351,val
gdb_84131,CC1=CC(C)C2(CC2)C1,-0.2256,val
gdb_40795,C1=CCC(C2CC2)OC1,-0.2408,val
gdb_5795,c1ccn(C2CC2)c1,-0.201,val
gdb_120476,CC1CC(CCO)C1C,-0.2607,val
gdb_93285,CC1CNC(=O)C12CN2,-0.2332,val
gdb_1423,CC(C=O)OC=N,-0.2654,val
gdb_78945,CN1C2C3C1C1(C)C2N31,-0.2182,val
gdb_131791,OCCc1ncnnn1,-0.2562,val
gdb_59700,CC(C)C1OCC1C=O,-0.248,val
gdb_132511,Cc1ccc(F)c(N)n1,-0.2092,val
gdb_58313,CC(C)C(C)OCC#N,-0.2811,val
gdb_19597,OC1C2NC1C1OC21,-0.2462,val
gdb_74898,CC1=CC2NC2CC=C1,-0.2172,val
gdb_52886,CC#CC1(C#N)CC1C,-0.2474,val
gdb_17514,O=CC12CC3C(C1)C32,-0.2488,val
gdb_9277,CC(CO)CNC=O,-0.2505,val
gdb_110016,CC1COC(=N)C1CO,-0.2507,val
gdb_99095,COC(=O)NC(C)C=O,-0.2502,val
gdb_11091,N#CC1CC(C#N)C1,-0.3227,val
gdb_36717,C#CCCC1C=CCO1,-0.2352,val
gdb_93054,CC1CC=CC=CC1=O,-0.2387,val
gdb_42777,O=C1C2CC13OCC3N2,-0.2153,val
gdb_111807,COC1C2CCC1OC2,-0.2326,val
gdb_20666,C#Cc1n[nH]cc1C,-0.2278,val
gdb_108315,CCC12CCC1C(O)C2,-0.2462,val
gdb_99174,CNC(=O)NC1COC1,-0.244,val
gdb_116877,COCC#CC(O)C#N,-0.2706,val
gdb_18179,N#CC1=CCN2CC12,-0.245,val
gdb_48729,O=CC12NC1C1CC2C1,-0.2465,val
gdb_22769,CC1CC(C=O)C1=NO,-0.245,val
gdb_13160,N=C(C=O)N1CCC1,-0.2276,val
gdb_80149,CC1C2N=COCC12C,-0.2276,val
gdb_122572,CCCCC1CC=CC1,-0.2333,val
gdb_96698,CN=C(C#N)OC(C)=O,-0.2917,val
gdb_28334,Oc1cc2n(c1)CCO2,-0.1719,val
gdb_103513,CCC1(O)C=CC2NC21,-0.2375,val
gdb_65815,C#CCCC1(O)COC1,-0.2544,val
gdb_49716,N=C1C2OCC2N1C=O,-0.2581,val
gdb_74522,CC1=NC2(COC2)CO1,-0.2478,val
gdb_29200,Cc1coc(=N)nc1O,-0.2258,val
gdb_104406,CCC1(C)OCOC1C,-0.244,val
gdb_102424,CCC(C#CC#N)OC,-0.2844,val
gdb_32858,CCOc1cc(N)co1,-0.1765,val
gdb_53273,CC#CC1CC1C(N)=O,-0.2293,val
gdb_61422,CC(NC(N)=O)C(N)=O,-0.2314,val
gdb_22003,ON=c1ccncnc1,-0.2276,val
gdb_69638,CC12NC1C1(C=O)CC12,-0.2175,val
gdb_75767,C#CC1(C)OC(=O)C1O,-0.2684,val
gdb_41642,C1=C2C3C(OC1)C1C2C31,-0.2192,val
gdb_95631,CC1CCOC(=N)C1C,-0.2532,val
gdb_96258,CC1OCC=CCCO1,-0.2434,val
gdb_22744,ON=C1CCC2(CC2)C1,-0.2372,val
gdb_65428,C#CCN1CC1(C)C=O,-0.2413,val
gdb_16248,CC1OCCC12CO2,-0.2472,val
gdb_83572,CC1C2COC1OC=N2,-0.2527,val
gdb_25052,C#Cc1c[nH]c(=O)cn1,-0.2268,val
gdb_16163,COC12C=CCC1C2,-0.2275,val
gdb_28306,Cc1cn2c(n1)C=CC2,-0.1969,val
gdb_95282,CC12OCC1CCC2O,-0.2439,val
gdb_86261,C#CC1(C)C(C)CC1C,-0.2484,val
gdb_122381,CCOCC1C2CCN21,-0.2273,val
gdb_71584,CC12CC3C1N=COC32,-0.244,val
gdb_115510,COC1CC(CO)CO1,-0.256,val
gdb_39981,C1C2C3CC4(CO4)C1C23,-0.2512,val
gdb_116662,COC=NC(C#N)C=O,-0.2649,val
gdb_6591,CC12CC(C#N)(C1)C2,-0.3058,val
gdb_107135,CCC12OC1C1(O)CC12,-0.2267,val
gdb_67489,CC12C(C#N)C1C1NC12,-0.225,val
gdb_106460,CCC12CC(C=C1C)C2,-0.2101,val
gdb_107321,O=C1C=CC2OC12CO,-0.2519,val
gdb_395,CCC(O)CO,-0.256,val
gdb_95105,CC1OCC2OC12C#N,-0.2791,val
gdb_103052,C#CC1(OC)C2CCC21,-0.2387,val
gdb_120441,CC1(O)CC(CCO)C1,-0.2521,val
gdb_70564,O=C1COC2CC2(O)C1,-0.2298,val
gdb_28294,Cc1cn2c(n1)CC=C2,-0.2043,val
gdb_23271,ON=C1CC2OC2C1O,-0.2526,val
gdb_110615,CCN1C2C3OC3(C)C21,-0.2247,val
gdb_120712,COCC1CN1C(C)=O,-0.2448,val
gdb_100714,CC(=O)C(O)C(C)CO,-0.2582,val
gdb_76906,OC1C(O)C2OCCC12,-0.2424,val
gdb_55341,CC(=O)C1COC1C=O,-0.2406,val
gdb_67529,CC12C(=O)OC1C1NC12,-0.2439,val
gdb_124861,CC1(c2ccon2)CC1,-0.2502,val
gdb_63404,CC1(C)CN(C=N)C1=O,-0.2445,val
gdb_46718,O=C1CNC2C3NC2C13,-0.2287,val
gdb_93765,CC1=CC(=O)C(C)OC1,-0.2288,val
gdb_22114,CCC(CC(C)C)=NO,-0.2372,val
gdb_25353,N#Cc1c[nH]c(C=O)c1,-0.2567,val
gdb_22085,CC1(C)CCC(=NO)C1,-0.2368,val
gdb_82029,CC1C2CC2C1(O)C=O,-0.2617,val
gdb_97002,CN=C1C=C2NCC2O1,-0.2196,val
gdb_124266,CC(=O)c1conc1C,-0.2587,val
gdb_130619,O=c1cnoncc1=O,-0.2839,val
gdb_66415,CC12C(=O)CN1C2C=O,-0.2488,val
gdb_52780,CC#CC1(C)CC(=O)C1,-0.2369,val
gdb_22349,CC1CC(=O)CC1=NO,-0.2449,val
gdb_1476,COC(C)CC#N,-0.2684,val
gdb_93387,O=C1NCC(O)C2OC12,-0.2497,val
gdb_125559,Cc1nnc(C)n1C=O,-0.2635,val
gdb_115168,COC1CCC(=O)C1C,-0.2353,val
gdb_25145,C#Cc1nc[nH]c(=O)n1,-0.2695,val
gdb_90225,CC1CC23COC12CN3,-0.213,val
gdb_75062,CC1=CNC(=O)C12CC2,-0.2007,val
gdb_10817,CC1C=CC(=O)CO1,-0.2344,val
gdb_43468,N=C1NC(=O)C2CC1C2,-0.2559,val
gdb_97959,CCC#CCOC(C)=N,-0.2475,val
gdb_45623,O=C1CN=C(N2CC2)C1,-0.2353,val
gdb_65230,CC1(C2CCC2=O)CN1,-0.238,val
gdb_37480,C1COC2C(C1)C1NC12,-0.2214,val
gdb_23501,ON=C1C2OC3C1OC23,-0.2461,val
gdb_97484,OCC#CC#CC1CC1,-0.2245,val
gdb_12716,CC12OCC1CC2=O,-0.2321,val
gdb_60410,CC(C)COC1CCC1,-0.2434,val
gdb_121173,CCOC1COC1=NC,-0.2428,val
gdb_74651,CC1=CC2C3CC1C2C3,-0.2176,val
gdb_9437,CC1(C#N)CCC1=O,-0.2638,val
gdb_34713,N#CC1C2C=CC3C1N23,-0.2378,val
gdb_21602,Nc1conc1C=O,-0.2268,val
gdb_30069,Cn1ccnc1CC#N,-0.2323,val
gdb_28923,Nc1nccc(O)c1N,-0.1913,val
gdb_32038,COc1ccnc(=N)o1,-0.2178,val
gdb_77121,O=CC1CC2(CC2)C1O,-0.2447,val
gdb_100642,C#CC(C)(C)C(C)CC,-0.2571,val
gdb_81025,CC12CCOC(C1)C2O,-0.2396,val
gdb_20191,C1CC2OC3C(C1)C23,-0.2241,val
gdb_2293,CCCC1COC1,-0.2413,val
gdb_18959,CCC1C2C3OC2C13,-0.2294,val
gdb_38543,C1COC23CC2OC3=N1,-0.2446,val
gdb_32870,COCc1cc(C)c[nH]1,-0.1929,val
gdb_19883,OC1C2CC3OC3C12,-0.2333,val
gdb_84101,CC1=CC(C)C2CC12O,-0.2197,val
gdb_117764,C#CC(C)(CC)CCC,-0.2565,val
gdb_126404,CCc1cc2n(n1)CC2,-0.2263,val
gdb_104848,CCC1(CC)COC1C,-0.2387,val
gdb_28317,Nc1cn2c(c1N)CC2,-0.1709,val
gdb_50992,N#CCC1(NC=O)CC1,-0.2636,val
gdb_67208,C#CC1C2OC3C1C23O,-0.2326,val
gdb_13752,CC(=O)C1OC1C=O,-0.2588,val
gdb_52603,CC#CC(C)(O)C#CC,-0.2418,val
gdb_119656,CCCC12OC3C1NC32,-0.2348,val
gdb_125662,Cc1n[nH]c2nncn12,-0.2266,val
gdb_72633,N#CC1C2(O)CCC12O,-0.2504,val
gdb_75962,CN1C(=N)CCOC1=O,-0.2593,val
gdb_11752,CCC12CC1C(C)O2,-0.227,val
gdb_87907,CC1OC12CC=CC2O,-0.2421,val
gdb_19064,CN1C2C3CC(O3)C21,-0.2167,val
gdb_73527,OC12C=CNC1=NCC2,-0.2147,val
gdb_97905,N#CC(O)CC#CCO,-0.26,val
gdb_96599,OC1CCCCOCC1,-0.245,val
gdb_123104,CCOCCNC(N)=O,-0.24,val
gdb_40186,C1C2CC3(CN3)COC12,-0.2238,val
gdb_112291,CCC1CC(=O)N2CC12,-0.2476,val
gdb_55684,CC(=O)CC1(O)COC1,-0.2473,val
gdb_59168,CC(C)C1C2OC(C)C21,-0.2303,val
gdb_114401,CCC1NC2C(=N)OC12,-0.2372,val
gdb_23685,O=c1cccc(F)[nH]1,-0.2222,val
gdb_104322,OCC1(O)CCC2CC21,-0.252,val
gdb_71251,CC12CC3CC1(O)CN32,-0.2208,val
gdb_79246,CC1C2N3CC1(C)C23C,-0.2263,val
gdb_107721,CC12CC3N1C3(CO)C2,-0.2448,val
gdb_133534,CC1(C(F)(F)F)CCO1,-0.2645,val
gdb_26742,Nc1c(O)ncn1C=O,-0.217,val
gdb_59646,CC1COC(C(C)O)C1,-0.2484,val
gdb_24418,c1nc2c([nH]1)COCC2,-0.2128,val
gdb_6501,CC(C)OC1(C)CC1,-0.2397,val
gdb_38380,C1C2CC3(C12)C1CCC13,-0.2328,val
gdb_10552,C#CC1(CCO)CC1,-0.242,val
gdb_115565,CC1(C=O)COC1CO,-0.2538,val
gdb_12562,CC1CCCOCC1,-0.2412,val
gdb_109744,CCN1C(C)C1C(N)=O,-0.2185,val
gdb_28542,Nc1ncc(O)nc1O,-0.195,val
gdb_17395,C1CC2(CC3OC32)O1,-0.2393,val
gdb_111539,CC12C(CO)C3CC1C32,-0.2389,val
gdb_77113,N#CC1OC2(CC2)C1O,-0.2554,val
gdb_70929,CC12CC3(C1)OCCC23,-0.2377,val
gdb_68487,OC12CCCCC(C1)C2,-0.2497,val
gdb_124177,CC#Cc1nonc1C,-0.2584,val
gdb_112349,COC1OC(=N)C=C1N,-0.2185,val
gdb_59804,CC(C)N=C1OCC1C,-0.2414,val
gdb_107318,O=C1C=CC2CC12CO,-0.2507,val
gdb_74777,CC1=CC2CC=CC1O2,-0.2261,val
gdb_59826,CC(=O)C#CCN(C)C,-0.2244,val
gdb_15647,O=C1CC=CC1CO,-0.2426,val
gdb_56518,C#CC(C)(N)C(O)C#N,-0.2594,val
gdb_91927,CC1(C)C(O)CC2CN21,-0.2229,val
gdb_77171,N=C1OC(C2CN2)C1N,-0.2472,val
gdb_58535,CC(C)C1(C)OCC1=O,-0.2495,val
gdb_46732,N=C1OCC2C3NC3C12,-0.2357,val
gdb_45227,O=C1OC2CC3OC1C23,-0.2574,val
gdb_58459,CC1CC(O)(C(C)C)C1,-0.2503,val
gdb_108582,CCC12COCC1N2C,-0.2189,val
gdb_130715,C#Cc1cn[nH]c(=O)n1,-0.2641,val
gdb_107282,CCC12NC1C1COC12,-0.2232,val
gdb_25118,O=c1cc[nH]c(=O)cn1,-0.2568,val
gdb_7359,CC(=O)C(O)CCO,-0.2659,val
gdb_15216,CC1C(C#N)C1C=O,-0.2636,val
gdb_58697,CC(C)C1(C#N)CCN1,-0.2439,val
gdb_7622,CC(=O)C1CC(=O)O1,-0.2643,val
gdb_106046,CCC12C(O)C3CC1N32,-0.2416,val
gdb_41507,C1=NCC=C2CCC2O1,-0.2371,val
gdb_6249,CC(=N)NC(=O)C=O,-0.2648,val
gdb_108659,NC1=C(CO)C(=O)CC1,-0.2147,val
gdb_108979,CCC1=CC2CC(C1)C2,-0.2209,val
gdb_132590,Cc1ncc(F)nc1N,-0.2221,val
gdb_25772,CC(=O)c1nc(C)co1,-0.2512,val
gdb_51038,N#CC1(OC=O)CCC1,-0.291,val
gdb_124162,CC#Cc1n[nH]c(O)n1,-0.2251,val
gdb_72686,CC12CCC1(C=O)CO2,-0.249,val
gdb_51911,O=COC=NCC1CN1,-0.264,val
gdb_72878,O=CN1CC2(O)CCC12,-0.2388,val
gdb_107195,OCC12OC1C1C(O)C12,-0.2335,val
gdb_56467,CC(C#N)C(=O)NC=N,-0.2753,val
gdb_38280,C1C2OC1C13CN(C1)C23,-0.2187,val
gdb_34242,N#CC12NC3CC1CC32,-0.2448,val
gdb_66325,CC1(C#N)CCOC=N1,-0.2709,val
gdb_17923,OC1C2COC1CO2,-0.2428,val
gdb_92843,CC1CN=C2OCC2C1,-0.2399,val
gdb_77743,CC1C(=O)C2C(O)C12C,-0.2339,val
gdb_3779,CNc1ccn[nH]1,-0.198,val
gdb_37029,C1=CC23COC2(CC1)C3,-0.2252,val
gdb_89506,CC1CC2(C)OCC=C12,-0.2237,val
gdb_115312,CCC1OCC(C)C1=O,-0.2402,val
gdb_23371,CC(=NO)C(O)C1CC1,-0.2424,val
gdb_107661,CCC12CCCOC1C2,-0.235,val
gdb_128586,COc1ccnoc1=O,-0.2513,val
gdb_129509,NC(=O)n1nn[nH]c1=O,-0.2694,val
gdb_80231,CC1C2OC(=N)C1C2=O,-0.2461,val
gdb_24426,c1cc2c(o1)NCCC2,-0.1808,val
gdb_66215,C#CCCOC1(C)CC1,-0.2501,val
gdb_100394,COC(C)(C=O)CC=O,-0.2503,val
gdb_94832,CC1CCC2(CC2)OC1,-0.2375,val
gdb_115808,COC1COC2(C)CC12,-0.2286,val
gdb_9681,CCC1CC1(C)OC,-0.2424,val
gdb_79537,C#CC12CN1C1C(C)C12,-0.2188,val
gdb_10758,CC(C)(CO)N1CC1,-0.2276,val
gdb_89385,OC1CC2(O)CC2(O)C1,-0.2302,val
gdb_90832,CC1CC2C3C4OC13C24,-0.228,val
gdb_57056,CC(C#N)N1CCC1C,-0.2351,val
gdb_77439,CC12OC(=N)C1(C)C2O,-0.2436,val
gdb_131492,OC1CC1c1ncon1,-0.2474,val
gdb_120124,COCC1C2NC(=O)C12,-0.2472,val
gdb_125249,Cc1cc(CCO)no1,-0.2485,val
gdb_16300,CC1CC2CC12C=O,-0.2431,val
gdb_21440,N=c1oncoc1=O,-0.2859,val
gdb_133831,CC12C3C=C4C(C3)N1C42,-0.1852,val
gdb_59999,CC(O)CC(C)N1CC1,-0.226,val
gdb_9419,CCCCC(C)CC,-0.2945,val
gdb_31195,C#Cc1ncoc1CC,-0.2274,val
gdb_30010,OC1C=Cc2ccoc21,-0.2038,val
gdb_32279,OCc1cnccc1O,-0.2406,val
gdb_2959,C#CC(=O)N1CC1,-0.26,val
gdb_40572,C1CC1C1C2CC3C1N23,-0.2392,val
gdb_128469,COC(C)c1ncno1,-0.276,val
gdb_30285,CC1OCc2[nH]cnc21,-0.2146,val
gdb_18614,OC1C=CC2C(O)C12,-0.2388,val
gdb_28668,C#Cc1cnc(O)nc1,-0.2419,val
gdb_73843,CC1=C(C)C2OCC1O2,-0.2268,val
gdb_104493,COC1(C=O)C2CCC21,-0.2391,val
gdb_105483,CCC1(C(C)=O)CCC1,-0.2355,val
gdb_36149,N#CCC12CCCC1N2,-0.258,val
gdb_70611,CC12CC1COC21CC1,-0.2262,val
gdb_105762,C#CC1(OC)CCOC1,-0.245,val
gdb_94758,C#CC12COC(C)C1O2,-0.2577,val
gdb_90705,CC1CC2C(O)C=CC12,-0.24,val
gdb_113476,OCC1CC12CN1CC12,-0.2238,val
gdb_90146,OC1CC23C=CCC12O3,-0.2389,val
gdb_94200,CC1COC1(C)C1CO1,-0.2424,val
gdb_13695,CN=COC1CC1C,-0.2449,val
gdb_60341,CC(C)OCC(C)(C)O,-0.2495,val
gdb_87504,OC1C2CC1C21CC1O,-0.2521,val
gdb_74926,CC1=CC2CC3C2C13O,-0.2128,val
gdb_96,CC1CCO1,-0.241,val
gdb_119412,CC12CC1(CCO)CO2,-0.2262,val
gdb_105658,N#CC1(CN)OCC1N,-0.2445,val
gdb_121060,COCC1CCC(=O)O1,-0.2638,val
gdb_129224,C#Cc1nn[nH]c(=N)n1,-0.2565,val
gdb_14327,O=C1CC2CCC2O1,-0.264,val
gdb_88379,CC1OC1C(C)(C)C#N,-0.2737,val
gdb_64119,CC1(C)CCC(C)(O)C1,-0.257,val
gdb_7599,CC(O)C1(O)CC1O,-0.247,val
gdb_13521,CC(=O)C1CCN1C,-0.2172,val
gdb_118983,CCCC1(O)C=CCC1,-0.2474,val
gdb_111257,CC12OC1C(CO)C2=O,-0.2477,val
gdb_63987,CC1(O)CC2CCOC21,-0.2405,val
gdb_81924,CC1C(=O)C2NC2C1C,-0.2287,val
gdb_70754,CC12COCOCC1O2,-0.2628,val
gdb_70067,CC12CC(=O)C=CC1O2,-0.2452,val
gdb_46310,O=C1OCC12CNC=N2,-0.2373,val
gdb_79492,N#CC12C(O)C3C1CC32,-0.2781,val
gdb_5630,Nc1cocc1CO,-0.1946,val
gdb_22199,O=CCC(CCO)=NO,-0.245,val
gdb_56409,N#CC(O)C#CC1CC1,-0.2615,val
gdb_94603,NC(=O)OC1CCC1O,-0.2573,val
gdb_79546,CC1C2C3OC3(C#N)C12,-0.275,val
gdb_4073,ON=C1CC2(CC2)C1,-0.2406,val
gdb_75863,N#CC1=CNC(=O)C1O,-0.2517,val
gdb_34686,N#CC1C2C3COC3C12,-0.2689,val
gdb_19379,OCC12OC1C1NC12,-0.2191,val
gdb_17443,CC12NC1C1C(O)C12,-0.2116,val
gdb_61926,CC(OCC#N)C1CC1,-0.2794,val
gdb_6595,C#CC12CC(O)(C1)C2,-0.2504,val
gdb_131163,N=CNc1cn[nH]c1O,-0.1964,val
gdb_20773,Cc1nocnc1=O,-0.2635,val
gdb_64225,C#CCC1OCC1(C)C,-0.2433,val
gdb_102453,CCC(OC)C(=O)C=O,-0.2428,val
gdb_132203,Nc1cc(=O)nc(F)[nH]1,-0.2337,val
gdb_122333,OCCCC1=CCOC1,-0.2249,val
gdb_4745,Nc1c[nH]c(C=O)n1,-0.2077,val
gdb_15340,CC#CC1CN1CC,-0.2186,val
gdb_14796,CCOCCCCO,-0.249,val
gdb_114670,OCC1CC2CC1C2O,-0.2441,val
gdb_32879,COCc1nc(O)c[nH]1,-0.1916,val
gdb_97480,CCC#CC#CC(C)O,-0.2327,val
gdb_102257,C#CC(CC(C)=O)OC,-0.2458,val
gdb_72032,CC12CC3CC1C2(C)C3,-0.2433,val
gdb_64339,CC1(C)CNCC(=O)N1,-0.214,val
gdb_87486,CC1CC12C1CC2C1O,-0.249,val
gdb_93246,CC1COC(=O)C(C)O1,-0.2492,val
gdb_27633,C#Cc1cc(C)oc1C,-0.2054,val
gdb_62101,NC(=O)C(O)COC=O,-0.2745,val
gdb_48191,N#CC(C#N)(C#N)C=O,-0.3343,val
gdb_31413,CNc1cc(=O)ocn1,-0.2212,val
gdb_126660,CCCNc1ncon1,-0.2284,val
gdb_131915,O=[N+]([O-])c1ccccc1,-0.2785,val
gdb_9677,CCC1(O)CC1CO,-0.2511,val
gdb_54635,CC(=O)C1=NC2CC2N1,-0.2215,val
gdb_27435,Nc1ccncc(=O)c1,-0.2248,val
gdb_112127,CCC1C=CCCC=C1,-0.2324,val
gdb_26644,N#Cc1c[nH]c(N)c1O,-0.2126,val
gdb_102437,C#CC(=O)C(CC)CO,-0.2641,val
gdb_95906,C#CC1(C)CCCC1C,-0.2527,val
gdb_113792,CCC1OC1C1(O)CC1,-0.2406,val
gdb_86598,CC1OC(C2CN2)C1=O,-0.2453,val
gdb_15308,N#CC1OC1CC=O,-0.2677,val
gdb_34194,N#CC12OC3C=CC1C32,-0.2505,val
gdb_80171,CC1C(=O)NC2C(O)C12,-0.2418,val
gdb_13672,N#CCCC1CC1O,-0.2688,val
gdb_51231,O=COC12CN3CC1C32,-0.241,val
gdb_70780,CC12OC3(C#N)C1OC23,-0.2724,val
gdb_95456,OC1CCC=C1C1CO1,-0.2369,val
gdb_11393,CC1C=CC(CO)O1,-0.2358,val
gdb_108694,O=CC1=C(CO)NCC1,-0.2027,val
gdb_110166,COC1C(=O)CC1C#N,-0.25,val
gdb_112863,CCC1OC(C)C=C1C,-0.2247,val
gdb_131408,N=c1[nH]c(O)noc1=N,-0.2426,val
gdb_79944,CC1N2C=CC(=O)C12C,-0.2361,val
gdb_120486,CCOC1CC(C)C1C,-0.2405,val
gdb_131236,O=CCn1cc(O)cn1,-0.2203,val
gdb_128557,COc1cc(=N)nn[nH]1,-0.2113,val
gdb_717,C1C2C3CN1C23,-0.2238,val
gdb_37266,C1C2C1C1C3C4C2N1C43,-0.219,val
gdb_4005,CCC(CC#N)=NO,-0.2646,val
gdb_87219,OC1CC1(O)CC1CC1,-0.2328,val
gdb_40589,C1CC1N1C2C3NC2C31,-0.2175,val
gdb_87872,CC1CC12OC1COC12,-0.2317,val
gdb_72159,OC12CC3CC1CC3C2,-0.2459,val
gdb_75919,CN1C(=O)OCC12CC2,-0.2317,val
gdb_29820,Cn1cc(N)ccc1=O,-0.1868,val
gdb_51729,O=CCC1CCC12CC2,-0.2464,val
gdb_79774,CN1C2C3CC4C1C2N34,-0.1948,val
gdb_46951,O=C1NCC2CN3C1C23,-0.2412,val
gdb_11485,N#CC(=O)CC1CN1,-0.2647,val
gdb_37926,C1OC2C3CC4C1C2N43,-0.2277,val
gdb_71942,CC12CN3CC(CO1)C32,-0.2132,val
gdb_34371,N#CC12CC=CC1CC2,-0.2572,val
gdb_20491,c1[nH]nc2c1COC2,-0.2319,val
gdb_74396,CC1=CC2(O)CC(C1)C2,-0.2246,val
gdb_81754,CC1C(C)C2(C#N)OC12,-0.2757,val
gdb_127681,Cn1nc[nH]c(=O)c1=O,-0.2373,val
gdb_12190,CN1CC(C#N)C1=O,-0.2684,val
gdb_128247,CNc1connc1=N,-0.2102,val
gdb_102928,CN=C(NCC=O)OC,-0.2281,val
gdb_82406,CC1C(=O)NCC2NC21,-0.2358,val
gdb_53963,C#CCC(C)(C)C(C)=O,-0.2429,val
gdb_90282,CC1CC2=CC(=O)OC21,-0.2646,val
gdb_51308,O=CNC1=NCCC1=O,-0.2495,val
gdb_71833,CC12C3C=CC1C2(O)C3,-0.2087,val
gdb_55884,N#CC1CC1CC(N)=O,-0.2573,val
gdb_51377,O=COC1C2C3OC3C12,-0.2497,val
gdb_125217,Cc1cc(=N)[nH]nc1O,-0.1978,val
gdb_74618,CC1=CC2C3N2CC13O,-0.2204,val
gdb_71710,CC12CC3C4C(N41)C32O,-0.2178,val
gdb_86466,CC1CC(O)CC(O)C1,-0.2526,val
gdb_50629,O=CN1CCC=CCC1,-0.2339,val
gdb_125852,CC1C=Cc2[nH]ncc21,-0.2067,val
gdb_51155,O=CNC12CC1NC2=O,-0.2412,val
gdb_1414,CC(C#N)NC=O,-0.2751,val
gdb_132910,Cc1nc(=O)[nH]cc1F,-0.2329,val
gdb_108744,CNC1=CC(=O)NC1=N,-0.218,val
gdb_133593,FC(F)(F)C1OC2CC21,-0.2575,val
gdb_24344,c1[nH]cc2c1CCOC2,-0.2,val
gdb_70713,N=C1OCCC2CC12O,-0.2397,val
gdb_121489,CCCN=COC(N)=O,-0.2489,val
gdb_86791,CC1OC(CC#N)C1C,-0.2594,val
gdb_81555,OC1C2OC1C21CCO1,-0.2426,val
gdb_37514,C1C2OC3C1C1OC3C21,-0.2314,val
gdb_90259,CC1OC23CCC2CC13,-0.2246,val
gdb_68343,CC12CC(C=C1C#N)O2,-0.2571,val
gdb_129514,NC(=O)Nc1cnno1,-0.245,val
gdb_45907,O=C1C=CNCC=CN1,-0.2043,val
gdb_97446,CN=COCC1CC1C,-0.2431,val
gdb_110834,CCN1C2CC(C)(C)C21,-0.2245,val
gdb_65296,N#CC1(N)CC12CCO2,-0.2427,val
gdb_92500,CC1CC2COC2(C)C1,-0.2388,val
gdb_74970,NC1=NC2CNC1C2=O,-0.2164,val
gdb_85975,CC1CC(C)(N2CC2)C1,-0.2221,val
gdb_119099,OCCC1(CO)COC1,-0.2365,val
gdb_16053,CC1C2CCC12C=O,-0.2413,val
gdb_106830,CCC12CC1(OC)CO2,-0.2276,val
gdb_10573,CC1NC1(C#N)C#N,-0.2992,val
gdb_94297,CC1CCC12CC(=O)C2,-0.2383,val
gdb_72272,OC12CC3OCC1CC32,-0.2401,val
gdb_62036,CC(C#N)CCC1CO1,-0.2752,val
gdb_130915,C#Cc1nonc1C=O,-0.2859,val
gdb_104775,O=CC1NC1(CO)CO,-0.2586,val
gdb_74974,CC1=CC2CCC1OC2,-0.2303,val
gdb_61270,N#CCC(O)C1CCO1,-0.2616,val
gdb_131546,OC1CNc2nnoc21,-0.2254,val
gdb_124375,CC(=O)Oc1cnno1,-0.2743,val
gdb_85742,CC1CC(C#N)C2NC12,-0.2537,val
gdb_86010,CC1C=CC(O)(C=O)C1,-0.247,val
gdb_41514,C1CC2C3COC(=N1)N23,-0.2469,val
gdb_26802,N#Cc1cc(O)c(N)[nH]1,-0.1964,val
gdb_15005,COC1CCCOC1,-0.2359,val
gdb_81939,CC1=C(C)C2CC2C1C,-0.2079,val
gdb_73053,CC12CCC1C2OC=N,-0.2496,val
gdb_37120,C1CC23CC2(O1)C1NC13,-0.1928,val
gdb_78098,CC1C2C(C=O)CC12C,-0.2435,val
gdb_56255,CC(=O)COCC1CC1,-0.2432,val
gdb_10130,CCN=C(C=O)NC,-0.2215,val
gdb_50708,O=CN1CCCC2CC21,-0.224,val
gdb_22014,Cc1concc1=NO,-0.2137,val
gdb_80019,CC1C2C=CC1C2(C)C,-0.2206,val
gdb_65933,CC1(C#N)CCC12CN2,-0.2543,val
gdb_2560,C#CC1(C#N)CO1,-0.2923,val
gdb_67146,O=C1C2CC3C1(O)C23O,-0.2335,val
gdb_121308,CCCC1CCOC1=N,-0.2547,val
gdb_1540,CCCC(C)C#N,-0.3125,val
gdb_60340,CC(C)OCC(C)(C)C,-0.2472,val
gdb_111440,COC1C2NC2C2OC12,-0.2352,val
gdb_67470,CC12C3CCOC1C2O3,-0.2134,val
gdb_33919,C#CC12CCC=CC1C2,-0.2246,val
gdb_70708,NC12CC1CCOC2=O,-0.2292,val
gdb_22954,O=COC1CCC1=NO,-0.263,val
gdb_30129,CC1CC1c1cocn1,-0.2326,val
gdb_124395,C#CC(C)c1conn1,-0.2712,val
gdb_68847,CC12CC3CC3C1(O)C2,-0.2452,val
gdb_5502,Cc1cocc1C=O,-0.2404,val
gdb_75295,CC1=CCC2NC(=O)C12,-0.2282,val
gdb_34065,N#CC12NC3=NCC1C32,-0.2519,val
gdb_74530,CC1=CC23CCC2(C1)C3,-0.2082,val
gdb_85504,CC1NC(=O)OC1C=O,-0.2703,val
gdb_49506,O=CC1C2CC(=O)C1C2,-0.2415,val
gdb_128382,CNc1nonc1CN,-0.2225,val
gdb_110587,CCN1C2C3OC2C31C,-0.2199,val
gdb_54327,CC(=O)C1(CC=O)CN1,-0.252,val
gdb_109696,OCC1C(O)C1(O)CO,-0.2456,val
gdb_7841,CC(O)CC1OC1C,-0.2507,val
gdb_106601,OCC12CC(CO)(C1)C2,-0.2614,val
gdb_27160,Nc1cc[nH]c1C1CN1,-0.1799,val
gdb_14911,C#CC1CCCCO1,-0.2471,val
gdb_57422,CC(C)(C)C1OC1(C)C,-0.2519,val
gdb_111443,OCC1C2CC2C2CN12,-0.2287,val
gdb_50334,O=CN1CC2OC3C2C31,-0.2244,val
gdb_132305,Nc1cc(F)[n-]c(=[NH2+])n1,-0.2184,val
gdb_112290,CCC1CC(=O)C2OC12,-0.2418,val
gdb_133065,CCc1cncc(F)c1,-0.2507,val
gdb_15771,C#CCC(C)C1CC1,-0.2556,val
gdb_13419,OCCC1COCO1,-0.2546,val
gdb_52797,CC#CC1(C)CC1C#N,-0.2457,val
gdb_14627,O=CCCCNC=O,-0.2511,val
gdb_65143,CC1(C2CC(=O)C2)CC1,-0.2377,val
gdb_17448,CC1C2C3CC3(O)C12,-0.2459,val
gdb_38296,C1=CC2C3CC(O3)C2C1,-0.2327,val
gdb_70760,OC12CCCCOC1C2,-0.2315,val
gdb_131271,Oc1nc(C2CN2)n[nH]1,-0.2272,val
gdb_27711,N#Cc1[nH]c(N)cc1N,-0.1854,val
gdb_72230,CC12CCC3CC1(O)C32,-0.2291,val
gdb_16348,OCC12OC1CC2O,-0.2509,val
gdb_82512,CC1C2C3OC3(C)CN12,-0.2256,val
gdb_2649,CC#CCNC=O,-0.2463,val
gdb_131101,C#CC(O)c1ncno1,-0.2888,val
gdb_2719,O=CCOCCO,-0.2633,val
gdb_56800,C#CC(O)C1=CCOC1,-0.235,val
gdb_64021,CC1(C)CC=CC12CN2,-0.2239,val
gdb_50160,O=CC1CC2(COC2)N1,-0.2393,val
gdb_52448,N#CCOCCOC=O,-0.2813,val
gdb_64750,N#CCC1(N)COC1=O,-0.2615,val
gdb_6345,CCC(=O)NC(N)=O,-0.246,val
gdb_51674,O=CNC1CN2CCC12,-0.223,val
gdb_122819,CCCCCC(=O)NC,-0.2409,val
gdb_42394,O=C(CC1CN1)C1CN1,-0.2446,val
gdb_95089,CC1CCC2CC12C#N,-0.2746,val
gdb_58137,CC(O)C(C)(C#N)C=O,-0.2769,val
gdb_12110,OC1(CC2CC2)CC1,-0.2507,val
gdb_121719,O=CCC(=O)NCCO,-0.2447,val
gdb_27894,Cc1nc(C)nc(C)n1,-0.2555,val
gdb_67412,N#CC12NC3CC1C32N,-0.2379,val
gdb_25698,CC#Cc1c[nH]cc1N,-0.1789,val
gdb_23860,CC(=O)CC(F)(F)F,-0.2634,val
gdb_34032,C#CC12COCCC1N2,-0.2404,val
gdb_41576,C1CC2CC1C1COC21,-0.2422,val
gdb_88190,OC1CC12CCOC=N2,-0.2309,val
gdb_73463,CC12CCC3CC1C2O3,-0.218,val
gdb_85595,CN1CC(=O)OCC1=N,-0.2319,val
gdb_96295,CC1OCCCC(=O)O1,-0.2592,val
gdb_72977,N#CC1(N)C2CCC21O,-0.2641,val
gdb_117075,O=C(CO)C(=O)CCO,-0.2426,val
gdb_41424,C1OC23COC2C2C1C23,-0.2398,val
gdb_26264,CC(C)c1ccccc1,-0.2366,val
gdb_70112,C#CC1C=CC2OC12C,-0.248,val
gdb_120967,COCC1CC2CC2C1,-0.2504,val
gdb_15006,COC1CCOCC1,-0.2481,val
gdb_1855,CC1C=CC(=O)O1,-0.2676,val
gdb_68539,OC12C=CC(C1)N1CC12,-0.2279,val
gdb_40981,C1=CC2(C=CCO2)CC1,-0.2285,val
gdb_43409,O=C1C=CCCC2CC12,-0.2348,val
gdb_94431,N=C1OCC12OCC2O,-0.2616,val
gdb_17437,CC1N2C3CC1(C)C32,-0.2296,val
gdb_2532,CCC(C#N)NC,-0.2442,val
gdb_19790,CC1C2NC2C2OC12,-0.2384,val
gdb_131277,Oc1nc2cn[nH]c2[nH]1,-0.2015,val
gdb_72214,CC12OC3CC=CC1C32,-0.2137,val
gdb_52451,N=COCCCOC=N,-0.2661,val
gdb_129712,Nc1[nH]nc(CO)c1O,-0.1969,val
gdb_30182,CC1Oc2ncoc2O1,-0.1941,val
gdb_109095,CCC1=CC=CCCC1,-0.2028,val
gdb_107874,CC1C2N3CC2(CO)C13,-0.2225,val
gdb_104100,CC1(CO)CCC(=O)N1,-0.2432,val
gdb_43348,O=C1C=CC2CCC1O2,-0.2303,val
gdb_66032,C#CC1COC1(C)C#N,-0.2805,val
gdb_112816,CCC1OC(C)C1CO,-0.2378,val
gdb_84464,CC1C=CC2(C#N)OC12,-0.2711,val
gdb_114952,CCC1=NCC(OC)O1,-0.2502,val
gdb_13844,CC(=O)N1C=CCC1,-0.2054,val
gdb_68467,O=C1CNC2CC1(O)C2,-0.227,val
gdb_36836,C1CC1CC12CC(C1)C2,-0.2664,val
gdb_108863,COC1=NC(C)CN1C,-0.2038,val
gdb_13300,C#CCC1CN=CO1,-0.2507,val
gdb_39477,C1=CC2CC2CCCC1,-0.2187,val
gdb_72799,OC12CCC1=CCOC2,-0.24,val
gdb_48241,N=CN(C=O)C1COC1,-0.2486,val
gdb_10916,CC1C(O)C2CC12O,-0.2445,val
gdb_39956,C1=CC2(CO2)CC12CO2,-0.245,val
gdb_119104,CC#CC1(CCC)CN1,-0.2307,val
gdb_57626,C#CC(C)(C)CC1CO1,-0.2594,val
gdb_83345,OC1C2OCC1(O)C2O,-0.2348,val
gdb_118568,CCC(CCO)COC,-0.2509,val
gdb_108955,CNC1=NC2C(O)C2O1,-0.2165,val
gdb_73384,CC12COC3C(=O)C1C32,-0.2262,val
gdb_32545,CNc1c[nH]ccc1=O,-0.1807,val
gdb_1795,COC1(C)CC1C,-0.2429,val
gdb_38306,C1OC2CC1C1CC2C1,-0.2391,val
gdb_106979,COC12CC=C(C)C1C2,-0.22,val
gdb_113126,C#CC1(C#N)CN1CC,-0.2566,val
gdb_105723,N#CC1(CN)CNC=N1,-0.2361,val
gdb_93959,CC1OCC(C2CN2)O1,-0.2411,val
gdb_18,CC(C)=O,-0.2431,val
gdb_6749,CCCC#CC(C)=O,-0.2516,val
gdb_133724,CN1CCC1C(F)(F)F,-0.2289,val
gdb_22020,Cn1ncc(=NO)cn1,-0.1974,val
gdb_64728,C#CCC1(C)CC=CC1,-0.2374,val
gdb_68610,OC12COC(C1)C21CC1,-0.2373,val
gdb_67398,O=C1CC2NC3C1C23O,-0.2328,val
gdb_99565,COC(C#N)C(O)C#N,-0.3151,val
gdb_131683,O=Cc1n[nH]cc1CO,-0.2465,val
gdb_81952,CN1C(=O)N(C)C2CC21,-0.216,val
gdb_94469,OC1CCC12CCOC2,-0.2424,val
gdb_120621,CC1(CO)OC1CCO,-0.2599,val
gdb_96370,CC1OCCCC12CO2,-0.2437,val
gdb_90428,CC1C(C)C2C(O)CC12,-0.2467,val
gdb_8823,C#CC(N)C(=O)NC,-0.239,val
gdb_88773,CC1CC1C1CN=CO1,-0.2483,val
gdb_43819,N=C1OC2(CC2)C2CN12,-0.2506,val
gdb_50671,O=CC1OCOC12CC2,-0.2493,val
gdb_113866,OCC1NC1C1CCO1,-0.2429,val
gdb_6850,CC1(O)CN=COC1,-0.2446,val
gdb_59468,CC(C)C1NC1C1CN1,-0.2324,val
gdb_95473,CC1CCC=C2COC21,-0.2333,val
gdb_28795,Nc1cnc2n1CCO2,-0.1876,val
gdb_108888,CNC1=NC(C#N)CO1,-0.2353,val
gdb_13338,O=CCC1C=CCC1,-0.244,val
gdb_107855,OCC12CC3C1CN3C2,-0.2175,val
gdb_63699,CC1(C)OC2(C)COC12,-0.2401,val
gdb_130536,c1ncc2onncc1-2,-0.2298,val
gdb_97743,CCC#CC1C2CC1O2,-0.2354,val
gdb_16611,CC1=C(C)C2NC2C1,-0.2145,val
gdb_64553,CC1(C=O)C2NC1C2=O,-0.253,val
gdb_12797,OC12COC=NC1C2,-0.2344,val
gdb_37026,C1=NC23CCC2(CO1)C3,-0.2154,val
gdb_2131,CC1=CCOC1=N,-0.2417,val
gdb_24102,N#CCNc1cocn1,-0.2235,val
gdb_131972,Nc1[nH]ncc1[N+](=O)[O-],-0.2384,val
gdb_112906,CCC1CC(C)OC1C,-0.2368,val
gdb_73184,N#CC1CC2CCC12O,-0.266,val
gdb_125458,Cc1nc(O)noc1=O,-0.2664,val
gdb_25314,C#Cc1nc[nH]c1C=O,-0.2419,val
gdb_17444,CC12OC1C1C(O)C12,-0.2334,val
gdb_6199,CC1(O)CCC(=O)C1,-0.2364,val
gdb_114366,OCC1CC2C(O)CC12,-0.2481,val
gdb_94494,C#CC#CC1CCN1C,-0.225,val
gdb_47228,O=C1CCC=CC2NC12,-0.2324,val
gdb_131826,OCCn1cc(O)nn1,-0.2283,val
gdb_107029,OCC12NC1C(O)C2O,-0.2501,val
gdb_40557,C1=C(C2CC2)COCC1,-0.2308,val
gdb_13205,O=C(CO)C1COC1,-0.2599,val
gdb_44485,O=C1NC2C3CC1C2O3,-0.245,val
gdb_106480,COC12CC(C1)NC2=O,-0.2279,val
gdb_109331,CCC1=CCOC1C=O,-0.2278,val
gdb_107298,OCC12NC1C1OCC12,-0.2339,val
gdb_51883,O=CCC1OCCCO1,-0.2479,val
gdb_23980,N#Cc1c[nH]c(C#N)c1,-0.2608,val
gdb_34992,N#CC1C2CC3CC3N12,-0.2501,val
gdb_45755,O=C1NC=CC1C1CN1,-0.2223,val
gdb_63295,CC1(O)CC(=O)C1C#N,-0.265,val
gdb_13621,CC1OC1C(O)CO,-0.2611,val
gdb_31142,CNc1c(O)c[nH]c1C,-0.1817,val
gdb_52528,CC#CC(=O)C1CN1C,-0.2291,val
gdb_80689,CC1C2N=C(C=O)OC12,-0.2546,val
gdb_66866,CC12C3N=C4OC(C41)C32,-0.2078,val
gdb_39819,C1CC2OC(C1)C21CN1,-0.2433,val
gdb_115307,CCC1CCC(C)C1=O,-0.2309,val
gdb_66334,C#CC1(O)C=CCCC1,-0.245,val
gdb_68472,CC12C=CCOC(C1)C2,-0.2339,val
gdb_35582,N#CC1NC2COCC12,-0.2581,val
gdb_99793,C#CC(O)(C#CC)CO,-0.2539,val
gdb_93109,OC1CC=CCC12CC2,-0.2438,val
gdb_55980,CC(=O)OC1CNC1=O,-0.2555,val
gdb_43829,O=C1CC2(CN2)C2NC12,-0.2353,val
gdb_22798,O=C1NCC=CC1=NO,-0.2382,val
gdb_56291,CC(=O)COCCC#N,-0.2571,val
gdb_73963,NC1=C(C=O)CCOC1,-0.2204,val
gdb_108654,CCC1=C(N)CCC1=O,-0.2112,val
gdb_80112,C#CC12OC=NC1C2N,-0.2288,val
gdb_71466,CC12CC3C1C3(C#N)N2,-0.2462,val
gdb_6904,CC#CC1CC1(C)O,-0.2272,val
gdb_102864,COC(CC=O)CC=O,-0.2479,val
gdb_30657,CCC(O)c1ncc[nH]1,-0.2182,val
gdb_7884,N=C1OC(=O)C=C1N,-0.2449,val
gdb_45572,O=C1OC2CCCC2O1,-0.2881,val
gdb_46716,O=C1CCN2C3CC2C13,-0.229,val
gdb_5427,Nc1occc1C=O,-0.2097,val
gdb_24249,c1cc2c(o1)C1CC1C2,-0.2,val
gdb_6818,C#CC1CCC1(C)O,-0.2505,val
gdb_119995,COCC1C(CO)N1C,-0.2208,val
gdb_31701,CCc1c[nH]c(CO)c1,-0.1923,val
gdb_76837,CC1C(O)C2C(=N)OC12,-0.2629,val
gdb_91798,CC1C(O)CC2CC21C,-0.2518,val
gdb_126197,CCc1c(C)noc1C,-0.2371,val
gdb_62829,CC1(C)C2CC13CCN23,-0.2018,val
gdb_65899,CC1(C(=O)C#N)CCC1,-0.2858,val
gdb_69796,CC12OC1C1CN1C2=N,-0.2454,val
gdb_3486,C1C2CC3C1OC23,-0.2387,val
gdb_11727,O=CC12CC(O)C1O2,-0.2659,val
gdb_20090,OC1C(O)C1C1CC1,-0.2269,val
gdb_87548,CN1CC12C(=O)C1OC12,-0.2329,val
gdb_88735,CC1NC1C1NC1C=O,-0.2473,val
gdb_129737,N=COc1cn[nH]c1N,-0.2132,val
gdb_73681,CC12CCCC1OCO2,-0.2436,val
gdb_51355,O=COC1C2C3CC2C31,-0.2749,val
gdb_44133,N#CC1C2OC(=O)OC12,-0.3069,val
gdb_101186,OCC(O)C1C2CC1O2,-0.2427,val
gdb_57368,C#CC1(C(C)(C)O)CN1,-0.2399,val
gdb_42704,O=C1C2C3CC4C1C2C34,-0.2315,val
gdb_25693,CC#Cc1coc(C)c1,-0.2057,val
gdb_63858,CC1(C)NC2CC21C#N,-0.2344,val
gdb_28005,Cc1cn(C=O)cc1N,-0.1976,val
gdb_57149,CC(C#CC=O)C1CC1,-0.2617,val
gdb_8909,C#CC(C)C(C)CC,-0.2576,val
gdb_120354,CCCC1C=CNC1=O,-0.2152,val
gdb_20827,CCc1nc(C)n[nH]1,-0.2446,val
gdb_123419,c1cn(CC2CC2)nn1,-0.2542,val
gdb_49264,O=CC1=CNCC(=O)C1,-0.221,val
gdb_130108,Nc1nnc2[nH]cnn12,-0.2048,val
gdb_8511,OC12CC3(O)C1OC23,-0.2271,val
gdb_77425,CN1C2(C)C3CC3C12C,-0.2033,val
gdb_77983,C#CC12CC(C)C1C2C,-0.2254,val
gdb_90801,CC1CC2C3C2C2C1C32,-0.2024,val
gdb_66708,C#CC12C3C4C3C1(C)C42,-0.2117,val
gdb_74783,CC1=CC2OC1CC2=O,-0.2249,val
gdb_97211,CN=C1OCOC12CC2,-0.244,val
gdb_96828,CN=C1OC(C)(C)C1N,-0.2372,val
gdb_1915,CC1CC2(C)OC12,-0.2433,val
gdb_37718,C1=NC23CN4C2C(O1)C43,-0.2359,val
gdb_70370,C#CC1(C)CC2CC21O,-0.2315,val
gdb_37714,C1=CC23NC4C2N(C1)C43,-0.2094,val
gdb_119836,COCC1=CCC(C)C1,-0.224,val
gdb_6116,CC1C(=N)OC1(C)C,-0.2555,val
gdb_10341,CCC(CO)C(C)=O,-0.2424,val
gdb_97229,CN=C1OCOC2CC12,-0.2467,val
gdb_54406,NC(=O)C12CC(CO1)C2,-0.2442,val
gdb_59659,CC(O)C1CCC1(C)C,-0.2535,val
gdb_44391,O=C1CN2C3CC(C3)C12,-0.2304,val
gdb_4752,Cn1ccc(C#N)c1,-0.232,val
gdb_119615,COCC12CCCC1C2,-0.2489,val
gdb_57477,CC(C)(C)C1C=CCC1,-0.2329,val
gdb_133732,CN=C(NC)C(F)(F)F,-0.2276,val
gdb_86339,CC1OC(C)C1C1CC1,-0.2373,val
gdb_86729,CC(=O)N1C=CC(O)C1,-0.2204,val
gdb_79254,CC12CC3C(O1)C3C2O,-0.2348,val
gdb_87996,CN1CC12CCC2(C)C,-0.2216,val
gdb_53793,CC(C)(O)C(=O)C(N)=O,-0.2392,val
gdb_35618,C#CC1C=CCC1C#N,-0.2653,val
gdb_59285,CC(C)C1N=COC1=O,-0.2714,val
gdb_45598,O=C1NC2COCCC12,-0.2499,val
gdb_80898,CC1(C)C2CC1(C)C2O,-0.2523,val
gdb_45453,N=C1OC2COC2C1=O,-0.2552,val
gdb_56756,N#CC(O)C12CN(C1)C2,-0.2449,val
gdb_41425,C1CC23COC2C2C3N12,-0.2399,val
gdb_103462,CC12CCC1C2(O)CO,-0.2441,val
gdb_4644,Cc1cc(C#N)co1,-0.2438,val
gdb_89043,NC(=O)COC1CC1O,-0.2146,val
gdb_48220,O=CC(C=O)(C=O)C=O,-0.2827,val
gdb_83893,CC1C2CCOC12C#N,-0.2599,val
gdb_44469,O=C1CC2N3CC2(C3)O1,-0.2532,val
gdb_97394,CN=COC1C(C)C1O,-0.2425,val
gdb_37506,C1=CC2C3C1C1OC3C21,-0.2193,val
gdb_39108,C1CC(C23CCC2C3)C1,-0.2387,val
gdb_114764,COC1C=CC2NC2C1,-0.2366,val
gdb_15013,OCC1CCOCO1,-0.2616,val
gdb_28175,Nc1cc2ccoc2[nH]1,-0.1771,val
gdb_62849,CC1(C)C2CC(=O)C1C2,-0.2298,val
gdb_129120,N=C1Cn2nncc2O1,-0.2534,val
gdb_47918,O=C1CCCCCCN1,-0.2336,val
gdb_43764,O=C1CC2(C3CN3)CN12,-0.2517,val
gdb_62667,CC1(C)C2C3OC3(C)C21,-0.2396,val
gdb_55218,CC(=O)C1CCC(=O)C1,-0.2397,val
gdb_86146,CC1CN(C)C(=O)N1C,-0.2202,val
gdb_127087,CN(C)c1cn[nH]c1O,-0.2114,val
gdb_38252,C1OC2CC3CC2(C3)O1,-0.2468,val
gdb_58747,CC(O)C12CC(C1)C2=O,-0.2438,val
gdb_10372,N#CC1(C#N)CCC1,-0.3253,val
gdb_81991,CC1C2CC2C1(O)C#N,-0.2758,val
gdb_22210,N#CCC(=N[O-])C(N)=[NH2+],-0.1958,val
gdb_10952,CC12CC(CO)C1C2,-0.2425,val
gdb_47891,O=C1C=CCCCCC1,-0.2366,val
gdb_117964,COC(=O)C(O)CCO,-0.2636,val
gdb_72974,CC12OCC1C2(N)C#N,-0.2482,val
gdb_33603,C#CC12C3C4CC3C1C42,-0.2219,val
gdb_85621,C#CC1=CC(=O)C(C)C1,-0.2394,val
gdb_74586,CC1=CC2C3C1C(=O)N23,-0.2344,val
gdb_19399,CC1C2NC2C12CO2,-0.2345,val
gdb_75583,CC1=CCOCCC1=O,-0.2422,val
gdb_91473,N#CC12CC(CC1N)N2,-0.2426,val
gdb_37732,C1CC2C3C4CC3(C1)N24,-0.2223,val
gdb_41361,C1CC23COC2C1CO3,-0.2439,val
gdb_50000,O=CC1OC12CC1NC12,-0.2443,val
gdb_63153,CC1(O)C(=O)C2CCC21,-0.2301,val
gdb_60586,CC(C1CC1)C1CCO1,-0.2382,val
gdb_61664,N#CC(N)CC1CCC1,-0.267,val
gdb_70087,CC1(O)C=CC2CC21O,-0.2237,val
gdb_95238,CC1CCC2CC2CO1,-0.2452,val
gdb_92179,CC1OC2CC3C1CC23,-0.235,val
gdb_67540,N=C1OC2C3OC3C12N,-0.2421,val
gdb_127889,CN=c1nn[nH]cc1C,-0.2109,val
gdb_112523,CCN1CC(C#N)C1C,-0.2304,val
gdb_47039,O=C1CC2CCC2CN1,-0.2348,val
gdb_45005,N=C1CC2CN2C(=O)N1,-0.2593,val
gdb_85965,CC(=O)C1(O)CN(C)C1,-0.2248,val
gdb_29303,Oc1coc(N2CC2)c1,-0.1849,val
gdb_18454,CCC1C2CC(=O)N12,-0.2439,val
gdb_39196,C1=CC2C3CCC1C2C3,-0.2261,val
gdb_72750,OC12CCC13OCC3C2,-0.2278,val
gdb_13239,N#CCCN1CCC1,-0.2307,val
gdb_106913,O=C1C=CC2(CO)CC12,-0.2374,val
gdb_95228,CC1C=CC2CC2OC1,-0.2345,val
gdb_69580,CC12C=CC3(CC3)C1N2,-0.2216,val
gdb_41405,C1CC23OCC2OCC13,-0.243,val
gdb_42918,O=C1C2NC2C1C1CC1,-0.2302,val
gdb_75562,CC1=CCCOC1C=O,-0.2367,val
gdb_53060,CC#CC1=NC(C)CO1,-0.2356,val
gdb_121619,CC(O)C(=O)NCCO,-0.2509,val
gdb_42350,C#CC#CC(=O)CC#C,-0.2682,val
gdb_89137,CC1CC2(O)C(C#N)C12,-0.2634,val
gdb_29494,Nc1c[nH]c2ncoc12,-0.1834,val
gdb_41320,C1=CC2NC3COC23C1,-0.2208,val
gdb_113333,CNC1CC1(C#N)CO,-0.2241,val
gdb_55778,CC(=O)CC1=CCOC1,-0.2277,val
gdb_57848,C#CC(C)C(=O)N(C)C,-0.2387,val
gdb_128800,COCc1nc(N)no1,-0.2406,val
gdb_34040,N#CC12CC1NCCN2,-0.2295,val
gdb_125661,Cc1n[nH]c2ncnn12,-0.2386,val
gdb_131232,C#CCn1cc(O)cn1,-0.2118,val
gdb_36091,N#CCC12CC(CO1)C2,-0.2537,val
gdb_84004,CC1C2CCCCC12C,-0.2469,val
gdb_124881,CC1(c2ncn[nH]2)CN1,-0.2473,val
gdb_132624,Nc1cc(F)c(N)cn1,-0.1892,val
gdb_4893,COc1coc(=O)[nH]1,-0.2156,val
gdb_1935,OC12CCC1(O)C2,-0.2216,val
gdb_32975,CCOc1cncn1C,-0.2098,val
gdb_47452,O=C1OCOC1C1CN1,-0.2542,val
gdb_50344,O=CC1CC2COC1O2,-0.2547,val
gdb_112882,CCC1OC(C)OC1=O,-0.2675,val
gdb_6910,CC1(C)CN1CC#N,-0.2483,val
gdb_69003,OC12CCC1(C1CC1)C2,-0.2312,val
gdb_20962,CCOc1ncon1,-0.2652,val
gdb_47251,N=C1NCC=CCC1=O,-0.2398,val
gdb_23701,Cc1ccc(F)cc1,-0.2327,val
gdb_60732,CN(C=N)C(=O)C1CC1,-0.246,val
gdb_69598,CC12CCC3(CO3)C1N2,-0.245,val
gdb_10878,CC12OC(C1O)C2O,-0.2495,val
gdb_13808,CC(C)C1CC1CO,-0.2576,val
gdb_35710,C#CC1OCC1C1CO1,-0.2544,val
gdb_62498,C#CC1C(C)(O)C1(C)O,-0.222,val
gdb_60219,CC(O)CC1CN2CC12,-0.2272,val
gdb_109444,CCC1C(=O)CC12CC2,-0.2365,val
gdb_45310,O=C1CC2N=COC2O1,-0.2707,val
gdb_30208,CC1Cc2cocc2N1,-0.1885,val
gdb_60448,CC(C)COCC(C)C,-0.2494,val
gdb_121624,CCCNC(=O)C(C)C,-0.2379,val
gdb_771,Nc1ncon1,-0.2447,val
gdb_86467,OC1CC(O)CC(O)C1,-0.2633,val
gdb_126872,CCN=c1nc[nH]nn1,-0.2338,val
gdb_36443,N#CCN1CC2OCC21,-0.2402,val
gdb_62197,N#CCNCC(N)C#N,-0.2686,val
gdb_1363,CC1N(C)C1(C)C,-0.2097,val
gdb_31614,Cn1cc(O)nc1CO,-0.1968,val
gdb_61456,CC(NC(N)=O)C1CN1,-0.2467,val
gdb_109883,CC1C(CO)C2CCC12,-0.2518,val
gdb_18653,O=C1C=CCC2OC12,-0.2466,val
gdb_99988,CCC(C)(O)C(C)C#N,-0.2807,val
gdb_124983,Cc1nn[nH]c1CC=O,-0.2504,val
gdb_122533,CCOCC1NC1CC,-0.244,val
gdb_131416,Oc1noc(N2CC2)n1,-0.2414,val
gdb_74779,CC1=CC2CC1NC2=O,-0.2247,val
gdb_77840,N#CC1C2C(=O)C1C2O,-0.2668,val
gdb_73896,C#CCC1=C(C)COC1,-0.2261,val
gdb_16956,OC1CC2C=CC1O2,-0.2412,val
gdb_34924,N#CC1C2OC2C2CN12,-0.2522,val
gdb_74253,CC1=NC(C#N)C2CN12,-0.2641,val
gdb_26414,CC(C)Oc1cocn1,-0.2133,val
gdb_21463,N=COc1ccno1,-0.2487,val
gdb_48512,O=CC12C3OC1C1C3C12,-0.2455,val
gdb_54369,NC(=O)C12C3C4C3C1C42,-0.2314,val
gdb_2489,CC12CC3C1N3C2,-0.2318,val
gdb_82027,CC1(C=O)C(O)C2OC21,-0.2544,val
gdb_48719,O=CC12CC3NC3C1O2,-0.2519,val
gdb_42500,N#CCOCC(=O)C#N,-0.3151,val
gdb_27175,Oc1cc[nH]c1C1CN1,-0.1929,val
gdb_77532,C#CC12CC(C)(N1)C2O,-0.2435,val
gdb_12512,CC1=CCOCC=C1,-0.2147,val
gdb_61523,CC(C#N)OC1(C)CC1,-0.2651,val
gdb_56820,CC1C(C)C1C(N)C#N,-0.255,val
gdb_38869,C1C2CC3OC1C3CO2,-0.2396,val
gdb_81140,CC1C2CNC1(C#N)C2,-0.2412,val
gdb_86747,CC1C=CC(C2CN2)O1,-0.234,val
gdb_21754,n1nc2nonc2o1,-0.3119,val
gdb_67117,OC12C3OCC14OC2C34,-0.2283,val
gdb_38272,C1CC23CN(C2)C3CO1,-0.2257,val
gdb_32702,CCN=c1occ(O)o1,-0.2053,val
gdb_16766,CCC1OC2CC2O1,-0.2438,val
gdb_3925,O=Cn1cccn1,-0.2698,val
gdb_108914,CCC1=CC2(C)CC1O2,-0.2216,val
gdb_8660,C#CC(C)(C=O)OC,-0.247,val
gdb_119808,CCCC1=CNC(=O)C1,-0.207,val
gdb_104525,CCC1(CC#N)CCC1,-0.299,val
gdb_91605,CC1OC2CC(=O)C1C2,-0.2391,val
gdb_50759,O=CN1C=CCOCC1,-0.2234,val
gdb_2056,O=C1CCN=CO1,-0.2799,val
gdb_6182,CC1(C)C=CC(=O)O1,-0.2651,val
gdb_117906,C#CC(=O)C(C)OCC,-0.2567,val
gdb_74108,CC1=CC(=O)N2CC2C1,-0.2388,val
gdb_15517,O=CN1CCOC1=O,-0.268,val
gdb_112670,CCC1CN(C)C(=O)N1,-0.2292,val
gdb_58602,CC(O)C1(CC#N)CC1,-0.2711,val
gdb_78629,CC1C2C3C(C=O)C2N13,-0.2335,val
gdb_32849,CCNc1cc(O)c[nH]1,-0.1626,val
gdb_131904,Nc1coc([N+](=O)[O-])n1,-0.2382,val
gdb_124466,CC(C)(O)c1ccn[nH]1,-0.2362,val
gdb_52086,N=COCC12CC(C1)C2,-0.2602,val
gdb_3131,CCC12CCC1O2,-0.244,val
gdb_22446,CCC(=NO)C(C)C#N,-0.2636,val
gdb_5518,Cc1ccoc1CO,-0.2157,val
gdb_34980,N#CC1C2OC3CC2C31,-0.2644,val
gdb_86930,O=COC1CC(O)C1=O,-0.2636,val
gdb_88218,CC(=O)C#CC1NC1C,-0.2535,val
gdb_105172,CC#CC1(CO)CN1C,-0.225,val
gdb_10235,OCCC(CO)CO,-0.2556,val
gdb_41964,C1=CC2CCCC1CO2,-0.2364,val
gdb_131637,OCc1c(O)n[nH]c1O,-0.2108,val
gdb_116855,COC(=O)C#CCCO,-0.266,val
gdb_51022,N#CC1(OC=N)CNC1,-0.253,val
gdb_98581,CC1C(C)C1C(=O)CO,-0.237,val
gdb_66340,CC1(C=O)CCOC=N1,-0.2454,val
gdb_37643,C1C2C3C4C5C1C2N5C34,-0.2173,val
gdb_54672,CC(=O)C1=CCOC1=O,-0.2605,val
gdb_105576,COC1(C#N)COC1=N,-0.2827,val
gdb_118388,N#CCC(C#N)CCO,-0.2876,val
gdb_107948,CCC12CC3C1C=CC32,-0.2162,val
gdb_103088,CC1(CO)C(O)C1C#N,-0.2692,val
gdb_125496,Cc1nn(C=O)c(=O)[nH]1,-0.2482,val
gdb_49235,O=CC1=CCC2CC2C1,-0.2471,val
gdb_63937,CC1(C)OC2COC21C,-0.2408,val
gdb_86914,OC1CN(CC2CN2)C1,-0.2248,val
gdb_60778,C#CC(C#C)C(C)C=O,-0.2522,val
gdb_3698,Cc1n[nH]c(O)n1,-0.2365,val
gdb_75040,CC1=CC=CCC2OC12,-0.2111,val
gdb_69125,CC12CC(=O)C(=O)C1O2,-0.2408,val
gdb_22460,C[NH2+]C(C)C(CO)=N[O-],-0.1449,val
gdb_22658,O=CC1CCC(=NO)C1,-0.2479,val
gdb_113229,COC1CC1(O)C1CC1,-0.2194,val
gdb_123277,C#CC#Cc1cn[nH]c1,-0.2214,val
gdb_97191,CN=C1NC(=N)OCO1,-0.2368,val
gdb_31385,N=c1cc(CO)ocn1,-0.2379,val
gdb_111962,CN1C=CC(CO)C1=O,-0.2093,val
gdb_73492,CC12CCC3CCC1C32,-0.2505,val
gdb_80003,OC1C2C=CC13CCN23,-0.2159,val
gdb_383,N#CC(O)CO,-0.2878,val
gdb_131967,Cn1ncc([N+](=O)[O-])n1,-0.2946,val
gdb_38909,C1=C2C(CC1)CC1NC21,-0.2232,val
gdb_16261,C#CC12NC1CC2=O,-0.2412,val
gdb_95075,CC12CC(CCC1O)O2,-0.2362,val
gdb_105040,CC1(C2(CO)CC2)CC1,-0.2382,val
gdb_4210,Fc1cccnc1,-0.259,val
gdb_26714,Cc1occ(C=O)c1C,-0.2281,val
gdb_35317,C#CC1C=CC2(CN2)C1,-0.2324,val
gdb_4265,Cc1nc(=N)cco1,-0.2346,val
gdb_41509,C1=CCC2OCC2=CC1,-0.2331,val
